-- phpMyAdmin SQL Dump
-- version 4.1.12
-- http://www.phpmyadmin.net
--
-- Host: 127.0.0.1
-- Generation Time: Aug 27, 2014 at 11:54 AM
-- Server version: 5.6.16
-- PHP Version: 5.5.11

SET SQL_MODE = "NO_AUTO_VALUE_ON_ZERO";
SET time_zone = "+00:00";


/*!40101 SET @OLD_CHARACTER_SET_CLIENT=@@CHARACTER_SET_CLIENT */;
/*!40101 SET @OLD_CHARACTER_SET_RESULTS=@@CHARACTER_SET_RESULTS */;
/*!40101 SET @OLD_COLLATION_CONNECTION=@@COLLATION_CONNECTION */;
/*!40101 SET NAMES utf8 */;

--
-- Database: `softunioverflow`
--

-- --------------------------------------------------------

--
-- Table structure for table `categories`
--

CREATE TABLE IF NOT EXISTS `categories` (
  `id` tinyint(4) NOT NULL AUTO_INCREMENT,
  `category_title` varchar(150) NOT NULL,
  `category_description` varchar(255) NOT NULL,
  `last_post_date` datetime DEFAULT NULL,
  `last_user_posted` int(11) DEFAULT NULL,
  PRIMARY KEY (`id`)
) ENGINE=MyISAM  DEFAULT CHARSET=latin1 AUTO_INCREMENT=5 ;

--
-- Dumping data for table `categories`
--

INSERT INTO `categories` (`id`, `category_title`, `category_description`, `last_post_date`, `last_user_posted`) VALUES
(1, 'C#', 'Syntax, Collections, Design Patterns Q&A', '2014-08-27 11:35:52', 8),
(2, 'Java', 'Syntax, Data Structures, Design Patterns Q&A', '2014-08-27 11:48:18', 0),
(3, 'PHP', 'Syntax, Design Patterns, Regex Q&A', '2014-08-27 09:55:05', 1),
(4, 'Python', 'Web, Network & Pentesting Q&A', '2014-08-27 09:58:30', 1);

-- --------------------------------------------------------

--
-- Table structure for table `posts`
--

CREATE TABLE IF NOT EXISTS `posts` (
  `id` int(11) NOT NULL AUTO_INCREMENT,
  `category_id` tinyint(4) NOT NULL,
  `topic_id` int(11) NOT NULL,
  `post_creator` varchar(30) NOT NULL,
  `post_content` text NOT NULL,
  `post_date` datetime NOT NULL,
  `votes` int(11) NOT NULL DEFAULT '0',
  PRIMARY KEY (`id`)
) ENGINE=MyISAM  DEFAULT CHARSET=latin1 AUTO_INCREMENT=34 ;

--
-- Dumping data for table `posts`
--

INSERT INTO `posts` (`id`, `category_id`, `topic_id`, `post_creator`, `post_content`, `post_date`, `votes`) VALUES
(26, 2, 16, 'Marinero', 'I want to program for Android and get a lot of money but do I have to learn Java first? I hope not...', '2014-08-27 10:57:59', 0),
(25, 2, 15, 'Marinero', 'Here is a link to the problem, please help:\r\nhttp://pastebin.com/n9kpxqRz', '2014-08-27 10:56:07', 1),
(24, 2, 14, 'Marinero', 'Hello,\r\nI would like to use Java and promote myself to minister.', '2014-08-27 10:54:08', 0),
(23, 2, 13, 'valeri', 'I don`t know how to use this class so you`ll have to tell me :)', '2014-08-27 10:51:49', 0),
(22, 2, 12, 'valeri', 'I`m trying to loop from one date to another. Please help!', '2014-08-27 10:19:43', 0),
(27, 2, 17, 'Marinero', 'I used notepad until now, but I would like to know, what is the best IDE, Iyo?', '2014-08-27 10:58:54', 0),
(28, 1, 18, 'Marinero', 'I would like to make more money out of my programming career, so what language shoul I choose?', '2014-08-27 11:16:26', 0),
(29, 1, 19, 'Marinero', 'I have experience with C++ and I would like to know how long would it take to become good at C#?', '2014-08-27 11:17:29', 0),
(30, 1, 20, 'magare', 'Please suggest a course or academy for C#...', '2014-08-27 11:19:24', 0),
(31, 1, 21, 'Marinero', 'I would like to convert int to string, can you help me?', '2014-08-27 11:35:52', 0),
(32, 2, 12, 'Kunai', 'Google DateInterval and DatePeriod classes ;)', '2014-08-27 11:46:33', 0),
(33, 2, 14, 'Kunai', 'Well no, you can`t. Use a hammer!', '2014-08-27 11:48:18', 0);

-- --------------------------------------------------------

--
-- Table structure for table `topics`
--

CREATE TABLE IF NOT EXISTS `topics` (
  `id` int(11) NOT NULL AUTO_INCREMENT,
  `category_id` tinyint(4) NOT NULL,
  `topic_title` varchar(150) DEFAULT NULL,
  `topic_creator` varchar(30) NOT NULL,
  `topic_last_user` int(11) NOT NULL,
  `topic_date` datetime NOT NULL,
  `topic_reply_date` datetime NOT NULL,
  `topic_views` int(11) NOT NULL DEFAULT '0',
  PRIMARY KEY (`id`)
) ENGINE=MyISAM  DEFAULT CHARSET=latin1 AUTO_INCREMENT=22 ;

--
-- Dumping data for table `topics`
--

INSERT INTO `topics` (`id`, `category_id`, `topic_title`, `topic_creator`, `topic_last_user`, `topic_date`, `topic_reply_date`, `topic_views`) VALUES
(16, 2, 'Should I learn Java before attempting Android dev?', 'Marinero', 0, '2014-08-27 10:57:59', '2014-08-27 10:57:59', 1),
(15, 2, 'Please tell my what is the problem with this code :(', 'Marinero', 0, '2014-08-27 10:56:07', '2014-08-27 10:56:07', 3),
(14, 2, 'Can I hack the goverment with Java?', 'Marinero', 0, '2014-08-27 10:54:08', '2014-08-27 11:48:18', 3),
(13, 2, 'How to use StringBuilder', 'valeri', 0, '2014-08-27 10:51:49', '2014-08-27 10:51:49', 2),
(12, 2, 'How To Loop Through Dates in Java', 'valeri', 0, '2014-08-27 10:19:43', '2014-08-27 11:46:33', 10),
(17, 2, 'What is the best IDE for Java?', 'Marinero', 0, '2014-08-27 10:58:54', '2014-08-27 10:58:54', 1),
(18, 1, 'Should I choose C# or Java for more money?', 'Marinero', 0, '2014-08-27 11:16:26', '2014-08-27 11:16:26', 1),
(19, 1, 'Is C# similar to C++?', 'Marinero', 0, '2014-08-27 11:17:29', '2014-08-27 11:17:29', 1),
(20, 1, 'Where in Sofia can I learn C#?', 'magare', 0, '2014-08-27 11:19:24', '2014-08-27 11:19:24', 1),
(21, 1, 'How to convert int to string?', 'Marinero', 0, '2014-08-27 11:35:52', '2014-08-27 11:35:52', 1);

-- --------------------------------------------------------

--
-- Table structure for table `users`
--

CREATE TABLE IF NOT EXISTS `users` (
  `id` int(8) NOT NULL AUTO_INCREMENT,
  `username` varchar(255) COLLATE latin1_general_ci NOT NULL,
  `password` varchar(255) COLLATE latin1_general_ci NOT NULL,
  `email` varchar(255) COLLATE latin1_general_ci NOT NULL,
  `forum_notification` enum('0','1') COLLATE latin1_general_ci NOT NULL DEFAULT '1',
  `image` blob NOT NULL,
  `location` text COLLATE latin1_general_ci NOT NULL,
  `birth_date` text COLLATE latin1_general_ci NOT NULL,
  PRIMARY KEY (`id`)
) ENGINE=MyISAM  DEFAULT CHARSET=latin1 COLLATE=latin1_general_ci AUTO_INCREMENT=10 ;

--
-- Dumping data for table `users`
--

INSERT INTO `users` (`id`, `username`, `password`, `email`, `forum_notification`, `image`, `location`, `birth_date`) VALUES
(1, 'Morky', 'asd', 'test2@softunioverflow.webuda.com', '0', 0xffd8ffe000104a46494600010101006000600000ffe100224578696600004d4d002a00000008000101120003000000010001000000000000ffdb0043000201010201010202020202020202030503030303030604040305070607070706070708090b0908080a0807070a0d0a0a0b0c0c0c0c07090e0f0d0c0e0b0c0c0cffdb004301020202030303060303060c0807080c0c0c0c0c0c0c0c0c0c0c0c0c0c0c0c0c0c0c0c0c0c0c0c0c0c0c0c0c0c0c0c0c0c0c0c0c0c0c0c0c0c0c0c0c0c0c0c0c0cffc00011080014016903012200021101031101ffc4001f0000010501010101010100000000000000000102030405060708090a0bffc400b5100002010303020403050504040000017d01020300041105122131410613516107227114328191a1082342b1c11552d1f02433627282090a161718191a25262728292a3435363738393a434445464748494a535455565758595a636465666768696a737475767778797a838485868788898a92939495969798999aa2a3a4a5a6a7a8a9aab2b3b4b5b6b7b8b9bac2c3c4c5c6c7c8c9cad2d3d4d5d6d7d8d9dae1e2e3e4e5e6e7e8e9eaf1f2f3f4f5f6f7f8f9faffc4001f0100030101010101010101010000000000000102030405060708090a0bffc400b51100020102040403040705040400010277000102031104052131061241510761711322328108144291a1b1c109233352f0156272d10a162434e125f11718191a262728292a35363738393a434445464748494a535455565758595a636465666768696a737475767778797a82838485868788898a92939495969798999aa2a3a4a5a6a7a8a9aab2b3b4b5b6b7b8b9bac2c3c4c5c6c7c8c9cad2d3d4d5d6d7d8d9dae2e3e4e5e6e7e8e9eaf2f3f4f5f6f7f8f9faffda000c03010002110311003f00fc88f09787bfe12cf13d8699f6ed3f4cfb7ce907daefe6f26d6df71c6f91f076a0ee71c0aa77b6df62bc961f3239bca729be36dc8f838ca9ee0f6aeeff00664f162f817e3268faacbe28ff008452d2c6e239aeee4b5d0fb4c0b2a1920c5bc6ecdbd41f9580438e48ae9748f8ba9f08ac7c530f877c5c86f755f1069f7b15ee971dcc25ed556ecca03c9146e84192256181b8310372eeaf528e0e8d4a7094e6a376efb36be1b6975a6af53cdad8aab0a928c63cd64adba4eeecf5b74563caecbc2b7fa8f86eff0057860dfa7e992c30dccbbd4796f2eff2c6d2771cf96fd01c639c64575fa37c026bff00d9feebe215e78abc33a45926a7369165a65dadebea1aadc451432bac3e55b490a8093a7334b183ce3a57a1d97ed05e66a1f12f49d17e205ef83f4ed5f5d3a9e857425bf82d121f3e72e8a96f1b4911916446c6c00f9786c102b13c48c5bf603f0d92fe693f10b5625f9f9ffe25fa773cf3cfbd73e328d2a7494a94aeda57db47cc93eafbf536c0d7ab56af2558f2abbb6faae5bf54bae872fa87c036b7fd9f23f88767e2af0ceab689a9c1a4dfe936cb7a9a8e953cf1dc49179be6db240c196da43986693195ce09e2afc06d2ec753f175e1beb2b6d423b5d36e27486e01319755f949008ce335d7785bfe4c0fc6ff00f63de85ffa41ab55aff827b78b741f01fed39a46b3e28b11a9787f4c8dee350b6302ce24854a96fddb7cb263aec6e1b183c1a30515f5e8d36aeb9a3a7aa4dafbdb2b19271c1ca69d9d9ebe8dab8dfb5697ff0042cf86bff015bff8aa3ed5a5ff00d0b3e1affc056ffe2abeba3fb496832eade1ed3bc67f16c7c46d50c9e2085bc58f63a8cd168d677fa4cb650c0cd73025d3209dfcd68a2899235276166665acd6fda23c29f07adb41b6f09f8ed750d4fc37f0bafbc3f0eaf63a7dddb05d565d4e7b95580cb12c8b85941498aa1042b7eedc607ea1f57c3f4c3abdbb7937d57925f33f3ff6b5eebf7efefdb54ba36b66d9f3f7c24f84d7ff001d3c5c342f0b781fc37a9ea86179c4255201b1719f9e5915724955519cb332aa82cc01e64dc6988c41f0bf870107041b46e3ff001eafa17e1afed71a45af8535ef14fc41bdf1578d3e22eaf79a669f6f358eaaba6ea36d636256e16796ee4b4b8498b4d15aae181908b7c96000ddabf107f6bdb5f84fe1fd78fc1df19ea5e1fbad6fc6c7c4b147a72cf6d2db5acd6713b5abc8d1a078e3b82d1347f724f2558ab2ed354f074635397eaf17b7456bdd75b6d67dba326389a928a7ede57d7abd92ed7deeacb5d6e7cc9f6ad2ff00e859f0d7fe02b7ff001547dab4bffa167c35ff0080adff00c557b76a3fb64f893c25f01fc17a1784fc597ba65c797abaf8934fb487c9b5bb17570f88e78b608678cc4edb508648f7b602926bd535cfda77c11a6fec537fe0fb0f1bb6a5763c33a58d1ac2ea7d7ee351d3f578aeeda6b93b6673a65b22059842d6a9bf60c1704b090a985a1049bc345de4968aeed769bdb6d2e10c45694f955792d2f76ecba596fbebf81f1edfd8691acf847c420f87b44b792d74d927866821649227564c10777b9fcebc4ebf42bf6c5f1fdbdb7c10d5a5b45fb06bdf1a7494f1bf89ecc46636b7db1a470273fc135c35edd01c82935b1ed93f0efc1cf1d587c37f88365abea7a57f6d59db0903da6cb36f3772151c5ddadd41c120fcd0b74e369c30f83e228d35894a11515cbb2ee9d9f4ee9ea7d864729bc3de52726ddf5ecd26bbee8e5ebb1f819f05f50f8f5e3cfec2b0bed334a1158ddea779a86a2d2ada69f6b6b03dc4f349e5249210b1c6dc223b1380149357ff00682f8bda3fc5ed76c2eb46f0effc23b15ac062922f2b4b4f358b6777fa05859274e3e7476ff680e2bb8fd85258f51d53e2368e90476da95ff8135d9ed75689dfed966b069d712cb046858c2d1dc461a3937c6ce1798de26058fcec758ca4d6c9bfb95d7c8f724ed24975697ded27f3ec7886b3611697abdd5b43796da8c36f33c51dddbac8b0dd2ab10244122a385603237aab608ca83c5763e1afd9bbc63e2ff87b75e28d3f4eb49f4bb4b59af9a33aa5a25f4b6d0b6d96e23b36945ccb0a10c1a58e3641b1f27e46c70b5f40fc1a3e09f879fb3f6a9ab69bf123c33a77c4af13595e697756ba959eac3fb1f4f914a3c50182ca58a5b9b94dc85de4548a372002efbe2caa4a51a778eafa75d7e5f8933935349757afa75f4d363e7eab5a268979e25d66d34ed3ad6e6ff50bf992dedad6da26966b895c854444504b3312000064935e95e36fd999bc05fb2a784fe236a3abcd65a978b758b9b1b3f0fde69af6d35c5945146e35182566c4d6ecee63dc1000ea40662182f9ae896116abacda5acf7b6da6c171324525e5cac8d0daab100c8e234790aa8393b119b00e149e2b5fb5caf75bfdc9fea37f07347aff00c37e86e7c56f841e20f825e278f47f125a41677f35a437d1ac37b05e472432aee8dc490bba10473c36477c57335f41fed15e14d23e33fc40f875a6f813c5563e3ed45b42d2fc35258787f48d565be135b5bac723a453dac3e6a92095084b9c72ab5e71fb4ffc1db0fd9f7f680f15f82b4df12d9f8c2cbc357ed631eb16b0f931de150371d9b9f6956cab00cc0329c1239ace1276f7bab69696ba4d6bf75871d629f5b26fc9b5fe6994fe137c05f167c7197515f0c690da8ae93035c5d48f7115b451008f26df32565532148a5658c12ec2290aa908d8e3ebd9ff0061bd53c33e11f8ca3c41e28f19687e14b2d36caf2dd52fad6fe792f1ae6cae6dd7cb16b6d300119d0b6f29c37cbb882033e18fec9f0fc41f04fc53f1149e2ab7b6f0ff00c39d2cdddaeb7169574da56bf78658923b049a6585a29a5590b22bc7bdb637c8141607335369ec95ff003bebf97526326e5cbe692f9ff5b9e375dd6a3fb3778c74af860de30974db43a2c51413ce23d52d25bdb38a7388269ed1653730c52657649246aac1d08243ae785afa0752ff008427e1e7eca971a5f847e247866f3c47e2db3827f15dbdc59ead15eb88e512c7a65a8fb17d9822baa4924cf3fef1e350bb150f9a549351bc7baf3f5ff8706da9a8f7feb73e7ead0f09f862e7c67e22b5d2ece4d3e1b9bc7d91bdfdfc1616ea704fcf3cee914638eaec076ef5e89fb42fecccdfb3ef80fe1cea17dabccdaf78e3489756bfd02f34d7b1bed0156e1e287cc5762592645f3637c26e5390b8dacdc4fc31b78ae7c7ba5f9dace85a0243309c5feb56525ed842c997513431c13b48ac542edf25d4eec30db935a7e8da7ea9d9fe28257e5baed75f35a163e297c21d7fe0cebb6fa7f882d6da096f6d63beb596d6fa0bfb5bc81f216586e20778a54cab0ca3900ab03c822b99afa7354f0559fedc1fb4d7c35f05e8fab2df5c8d3e0d27c45e24d0341986936918b8959aeedec0ac1f67b5b78248c4988ede3dd1cb2155c977f9dfc6ba15bf85fc67ab69767a8db6b16ba75ecd6b05fdb8221be4476559901e76b80187b1159d394acb9f777b7a276bfe3a5f72a3ac6fd92bfab5ff000e745f0abf67bf147c6cb79dbc35168b7d7103322d8cbaf585aea174c10b9582d669927b838070224724f03278ae29815383c11c107b57b9fec61e3dd1fe11eb9ff0916b3e2df07e9da7c576bfda3a35ce897175afdfdaa29deba7dda5a30b3964591d1644bbb760c01660154d61e93fb34a6adfb2af8abe2add6a771a05ae9bad5a695a269d7ba7bf97e23f38cbe70b6bac85792dd635322aa1c07049525431cd2526dfc2adf8b4bf3260db6e2fe5f75dfdc793d775f117f66ef187c2af095beb9ad69d67169b3dd7d8647b6d52d2f5ec6e766ffb3dd470caef6b36d04f953aa3fc8e31956c70f120925552c10120166ce17dce326be83f8e567e11d03e0c691e05f867e3fd07c5d633ea16d7fa8db5bd86ad1eafaf6a6d118959639ace3823821f3248e38d65691bcd7762c595222a392b286edae97ebafa69b13cd69a4f6d6ff769afad8f9eab7fe1d7c33d63e2a6b925868f1d9192085ae679af750b7d3ed2d62042ef96e2e1e38635dcc8a0bb8cb3aa8cb3007b0fdac7f6758bf660f88fa7f8686bbfdb57d368761aa6a30cb60d6375a2dd5c422592c2e2166629342480c09079195539514bf669f08f813c5df1176fc44f14c7e17f0ed9db49724b4374eda94cb8f2ed43dbc13b421c9f9a531b6c50c42b3614ddd59f95ff000fcfe4554bc63cc976fc7faea731f11be1ceb1f09bc677be1ff10591b0d5b4f6559a1f31255c3287565742c8e8cacacae8c55958104820d6257d27a3fc159bf6dafda87c4b2df78db448b40d3f459b53bdf1368da3ea13685a0dbdad91fb2db49f6a48258620218edd649012495c1958fcdf3652a726e2b9f7693fc6df995d2ff2f9d93fd4eebc35fb3778c7c5ff000f6ebc51a7e9d693e97696b35f346754b44be96da16db2dc4766d28b9961421834b1c6c8363e4fc8d8e16be81f8347c13f0f3f67ed5356d37e2478674ef895e26b2bcd2eead752b3d587f63e9f229478a030594b14b73729b90bbc8a9146e4005df7c5c978dbf6666f017eca9e13f88da8eaf3596a5e2dd62e6c6cfc3f79a6bdb4d71651451b8d460959b135bb3b98f704003a90198860b3ccf9a4dfc2adf7b76f99349b92b3ddb76f44bfe1cf35d1344bcf12eb369a769d6b737fa85fcc96f6d6b6d134b35c4ae42a2222825998900003249adcf8adf083c41f04bc4f1e8fe24b482cefe6b486fa3586f60bc8e48655dd1b8921774208e786c8ef8ac3d12c22d5759b4b59ef6db4d82e2648a4bcb9591a1b55620191c468f215507276233601c293c57b17ed9579e17d7ef3c1d79e1bf1cf87bc57fd99e1ad3742ba86c2d351824865b5b758de4ff4ab5854c6cc0edda4b7aaad1524e3cb6eaecfd2dbf96b6fbc22df3f2bdad7f9dd7e97380f81df098fc72f89da5f8562d7f41f0ede6b532dad9dceb06e16d65b876091425a18a5285d9828665083396651cd737abe9371a0ead7563771341776533c13c6dd637525594fd0835d87ecc7a4dd6bdfb49fc3eb2b39aeedaeef3c4ba7430cd6a88f3c2ed7518568d5d594b0272032b0c81904715f40fecfb61acfc50fdbafc79aa784b55b6f851a65858eb71eade23b4d1df57d3ac2dcc13c72497667768e0fb560a1903222bcdfba441b50693d126bb49ffe0293fd4a8eada7de3f8bb7e973e45a28a2800a28a2800ae9fc3ff1a7c65e14f036a9e12d2fc5be26d37c2bad4bbb51d1ed7549e1d3f506c28dd340ac2390e1579653f747a0a28a7f6641d44d63e34f8cbc4ff0eb4ff08ea5e2df135ff84f459bccb0d16e7549e6d3ac9fe6f9a2b76631a1f9df9551f7dbd4d51f03f8def3e1f6b3f6eb15b692492192ddd2e2212c6e8e3e6054d1456b424d54e65bdcceaa4e8dba58e93fe1a0f54ffa05786fff0005ebfe347fc341ea9ff40af0dffe0bd7fc68a2bd7fafe27fe7e4bef7fe6795f53a1fc8bee41ff0d07aa7fd02bc37ff0082f5ff001a3fe1a0f54ffa05786fff0005ebfe34514bebf89ff9f92fbdff0098fea787fe45f720ff008683d53fe815e1bffc17aff8d58d27f691d734bd560b9b4b3d0ad6ead668e486686c82490b824ab2b0390ca541047208a28a3ebf89ff009f92fbdff999fd4e87f22fb91278fbf6a6f16fc517d62ef5cb8b5d4352d793cabfd42788cd79720852774ae5989c2819273818af37a28af3b1952729c799b7a1e860e29295bb8568f847c63abf803c456dad683aa6a3a26b1a5cc24b3bfb0b97b6b9b571d192442195bdc1068a2b9a9fc476cf62b6abadde789757bcd4350bab8bebfbc99ee6e6e6e256966b995dc97777624b33312c493924926abd145453f8472dc28a28a6485145140051451400514514005145140051451400514514005145140051451400514514005145140051451401b5e04f895e22f851ad7f6bf85f5ed6bc37aa790f07daf4bbe96ce7f2dc61d37c6cadb58704670475ac5a28a0029fb7fda6fce8a2803fffd9, '', ''),
(4, 'hellorer', 'f10e2821bbbea527ea02200352313bc059445190', 'test1@softunioverflow.webuda.com', '1', 0xffd8ffe000104a46494600010101006000600000ffe100224578696600004d4d002a00000008000101120003000000010001000000000000ffdb0043000201010201010202020202020202030503030303030604040305070607070706070708090b0908080a0807070a0d0a0a0b0c0c0c0c07090e0f0d0c0e0b0c0c0cffdb004301020202030303060303060c0807080c0c0c0c0c0c0c0c0c0c0c0c0c0c0c0c0c0c0c0c0c0c0c0c0c0c0c0c0c0c0c0c0c0c0c0c0c0c0c0c0c0c0c0c0c0c0c0c0c0cffc00011080014016903012200021101031101ffc4001f0000010501010101010100000000000000000102030405060708090a0bffc400b5100002010303020403050504040000017d01020300041105122131410613516107227114328191a1082342b1c11552d1f02433627282090a161718191a25262728292a3435363738393a434445464748494a535455565758595a636465666768696a737475767778797a838485868788898a92939495969798999aa2a3a4a5a6a7a8a9aab2b3b4b5b6b7b8b9bac2c3c4c5c6c7c8c9cad2d3d4d5d6d7d8d9dae1e2e3e4e5e6e7e8e9eaf1f2f3f4f5f6f7f8f9faffc4001f0100030101010101010101010000000000000102030405060708090a0bffc400b51100020102040403040705040400010277000102031104052131061241510761711322328108144291a1b1c109233352f0156272d10a162434e125f11718191a262728292a35363738393a434445464748494a535455565758595a636465666768696a737475767778797a82838485868788898a92939495969798999aa2a3a4a5a6a7a8a9aab2b3b4b5b6b7b8b9bac2c3c4c5c6c7c8c9cad2d3d4d5d6d7d8d9dae2e3e4e5e6e7e8e9eaf2f3f4f5f6f7f8f9faffda000c03010002110311003f00fc88f09787bfe12cf13d8699f6ed3f4cfb7ce907daefe6f26d6df71c6f91f076a0ee71c0aa77b6df62bc961f3239bca729be36dc8f838ca9ee0f6aeeff00664f162f817e3268faacbe28ff008452d2c6e239aeee4b5d0fb4c0b2a1920c5bc6ecdbd41f9580438e48ae9748f8ba9f08ac7c530f877c5c86f755f1069f7b15ee971dcc25ed556ecca03c9146e84192256181b8310372eeaf528e0e8d4a7094e6a376efb36be1b6975a6af53cdad8aab0a928c63cd64adba4eeecf5b74563caecbc2b7fa8f86eff0057860dfa7e992c30dccbbd4796f2eff2c6d2771cf96fd01c639c64575fa37c026bff00d9feebe215e78abc33a45926a7369165a65dadebea1aadc451432bac3e55b490a8093a7334b183ce3a57a1d97ed05e66a1f12f49d17e205ef83f4ed5f5d3a9e857425bf82d121f3e72e8a96f1b4911916446c6c00f9786c102b13c48c5bf603f0d92fe693f10b5625f9f9ffe25fa773cf3cfbd73e328d2a7494a94aeda57db47cc93eafbf536c0d7ab56af2558f2abbb6faae5bf54bae872fa87c036b7fd9f23f88767e2af0ceab689a9c1a4dfe936cb7a9a8e953cf1dc49179be6db240c196da43986693195ce09e2afc06d2ec753f175e1beb2b6d423b5d36e27486e01319755f949008ce335d7785bfe4c0fc6ff00f63de85ffa41ab55aff827b78b741f01fed39a46b3e28b11a9787f4c8dee350b6302ce24854a96fddb7cb263aec6e1b183c1a30515f5e8d36aeb9a3a7aa4dafbdb2b19271c1ca69d9d9ebe8dab8dfb5697ff0042cf86bff015bff8aa3ed5a5ff00d0b3e1affc056ffe2abeba3fb496832eade1ed3bc67f16c7c46d50c9e2085bc58f63a8cd168d677fa4cb650c0cd73025d3209dfcd68a2899235276166665acd6fda23c29f07adb41b6f09f8ed750d4fc37f0bafbc3f0eaf63a7dddb05d565d4e7b95580cb12c8b85941498aa1042b7eedc607ea1f57c3f4c3abdbb7937d57925f33f3ff6b5eebf7efefdb54ba36b66d9f3f7c24f84d7ff001d3c5c342f0b781fc37a9ea86179c4255201b1719f9e5915724955519cb332aa82cc01e64dc6988c41f0bf870107041b46e3ff001eafa17e1afed71a45af8535ef14fc41bdf1578d3e22eaf79a669f6f358eaaba6ea36d636256e16796ee4b4b8498b4d15aae181908b7c96000ddabf107f6bdb5f84fe1fd78fc1df19ea5e1fbad6fc6c7c4b147a72cf6d2db5acd6713b5abc8d1a078e3b82d1347f724f2558ab2ed354f074635397eaf17b7456bdd75b6d67dba326389a928a7ede57d7abd92ed7deeacb5d6e7cc9f6ad2ff00e859f0d7fe02b7ff001547dab4bffa167c35ff0080adff00c557b76a3fb64f893c25f01fc17a1784fc597ba65c797abaf8934fb487c9b5bb17570f88e78b608678cc4edb508648f7b602926bd535cfda77c11a6fec537fe0fb0f1bb6a5763c33a58d1ac2ea7d7ee351d3f578aeeda6b93b6673a65b22059842d6a9bf60c1704b090a985a1049bc345de4968aeed769bdb6d2e10c45694f955792d2f76ecba596fbebf81f1edfd8691acf847c420f87b44b792d74d927866821649227564c10777b9fcebc4ebf42bf6c5f1fdbdb7c10d5a5b45fb06bdf1a7494f1bf89ecc46636b7db1a470273fc135c35edd01c82935b1ed93f0efc1cf1d587c37f88365abea7a57f6d59db0903da6cb36f3772151c5ddadd41c120fcd0b74e369c30f83e228d35894a11515cbb2ee9d9f4ee9ea7d864729bc3de52726ddf5ecd26bbee8e5ebb1f819f05f50f8f5e3cfec2b0bed334a1158ddea779a86a2d2ada69f6b6b03dc4f349e5249210b1c6dc223b1380149357ff00682f8bda3fc5ed76c2eb46f0effc23b15ac062922f2b4b4f358b6777fa05859274e3e7476ff680e2bb8fd85258f51d53e2368e90476da95ff8135d9ed75689dfed966b069d712cb046858c2d1dc461a3937c6ce1798de26058fcec758ca4d6c9bfb95d7c8f724ed24975697ded27f3ec7886b3611697abdd5b43796da8c36f33c51dddbac8b0dd2ab10244122a385603237aab608ca83c5763e1afd9bbc63e2ff87b75e28d3f4eb49f4bb4b59af9a33aa5a25f4b6d0b6d96e23b36945ccb0a10c1a58e3641b1f27e46c70b5f40fc1a3e09f879fb3f6a9ab69bf123c33a77c4af13595e697756ba959eac3fb1f4f914a3c50182ca58a5b9b94dc85de4548a372002efbe2caa4a51a778eafa75d7e5f8933935349757afa75f4d363e7eab5a268979e25d66d34ed3ad6e6ff50bf992dedad6da26966b895c854444504b3312000064935e95e36fd999bc05fb2a784fe236a3abcd65a978b758b9b1b3f0fde69af6d35c5945146e35182566c4d6ecee63dc1000ea40662182f9ae896116abacda5acf7b6da6c171324525e5cac8d0daab100c8e234790aa8393b119b00e149e2b5fb5caf75bfdc9fea37f07347aff00c37e86e7c56f841e20f825e278f47f125a41677f35a437d1ac37b05e472432aee8dc490bba10473c36477c57335f41fed15e14d23e33fc40f875a6f813c5563e3ed45b42d2fc35258787f48d565be135b5bac723a453dac3e6a92095084b9c72ab5e71fb4ffc1db0fd9f7f680f15f82b4df12d9f8c2cbc357ed631eb16b0f931de150371d9b9f6956cab00cc0329c1239ace1276f7bab69696ba4d6bf75871d629f5b26fc9b5fe6994fe137c05f167c7197515f0c690da8ae93035c5d48f7115b451008f26df32565532148a5658c12ec2290aa908d8e3ebd9ff0061bd53c33e11f8ca3c41e28f19687e14b2d36caf2dd52fad6fe792f1ae6cae6dd7cb16b6d300119d0b6f29c37cbb882033e18fec9f0fc41f04fc53f1149e2ab7b6f0ff00c39d2cdddaeb7169574da56bf78658923b049a6585a29a5590b22bc7bdb637c8141607335369ec95ff003bebf97526326e5cbe692f9ff5b9e375dd6a3fb3778c74af860de30974db43a2c51413ce23d52d25bdb38a7388269ed1653730c52657649246aac1d08243ae785afa0752ff008427e1e7eca971a5f847e247866f3c47e2db3827f15dbdc59ead15eb88e512c7a65a8fb17d9822baa4924cf3fef1e350bb150f9a549351bc7baf3f5ff8706da9a8f7feb73e7ead0f09f862e7c67e22b5d2ece4d3e1b9bc7d91bdfdfc1616ea704fcf3cee914638eaec076ef5e89fb42fecccdfb3ef80fe1cea17dabccdaf78e3489756bfd02f34d7b1bed0156e1e287cc5762592645f3637c26e5390b8dacdc4fc31b78ae7c7ba5f9dace85a0243309c5feb56525ed842c997513431c13b48ac542edf25d4eec30db935a7e8da7ea9d9fe28257e5baed75f35a163e297c21d7fe0cebb6fa7f882d6da096f6d63beb596d6fa0bfb5bc81f216586e20778a54cab0ca3900ab03c822b99afa7354f0559fedc1fb4d7c35f05e8fab2df5c8d3e0d27c45e24d0341986936918b8959aeedec0ac1f67b5b78248c4988ede3dd1cb2155c977f9dfc6ba15bf85fc67ab69767a8db6b16ba75ecd6b05fdb8221be4476559901e76b80187b1159d394acb9f777b7a276bfe3a5f72a3ac6fd92bfab5ff000e745f0abf67bf147c6cb79dbc35168b7d7103322d8cbaf585aea174c10b9582d669927b838070224724f03278ae29815383c11c107b57b9fec61e3dd1fe11eb9ff0916b3e2df07e9da7c576bfda3a35ce897175afdfdaa29deba7dda5a30b3964591d1644bbb760c01660154d61e93fb34a6adfb2af8abe2add6a771a05ae9bad5a695a269d7ba7bf97e23f38cbe70b6bac85792dd635322aa1c07049525431cd2526dfc2adf8b4bf3260db6e2fe5f75dfdc793d775f117f66ef187c2af095beb9ad69d67169b3dd7d8647b6d52d2f5ec6e766ffb3dd470caef6b36d04f953aa3fc8e31956c70f120925552c10120166ce17dce326be83f8e567e11d03e0c691e05f867e3fd07c5d633ea16d7fa8db5bd86ad1eafaf6a6d118959639ace3823821f3248e38d65691bcd7762c595222a392b286edae97ebafa69b13cd69a4f6d6ff769afad8f9eab7fe1d7c33d63e2a6b925868f1d9192085ae679af750b7d3ed2d62042ef96e2e1e38635dcc8a0bb8cb3aa8cb3007b0fdac7f6758bf660f88fa7f8686bbfdb57d368761aa6a30cb60d6375a2dd5c422592c2e2166629342480c09079195539514bf669f08f813c5df1176fc44f14c7e17f0ed9db49724b4374eda94cb8f2ed43dbc13b421c9f9a531b6c50c42b3614ddd59f95ff000fcfe4554bc63cc976fc7faea731f11be1ceb1f09bc677be1ff10591b0d5b4f6559a1f31255c3287565742c8e8cacacae8c55958104820d6257d27a3fc159bf6dafda87c4b2df78db448b40d3f459b53bdf1368da3ea13685a0dbdad91fb2db49f6a48258620218edd649012495c1958fcdf3652a726e2b9f7693fc6df995d2ff2f9d93fd4eebc35fb3778c7c5ff000f6ebc51a7e9d693e97696b35f346754b44be96da16db2dc4766d28b9961421834b1c6c8363e4fc8d8e16be81f8347c13f0f3f67ed5356d37e2478674ef895e26b2bcd2eead752b3d587f63e9f229478a030594b14b73729b90bbc8a9146e4005df7c5c978dbf6666f017eca9e13f88da8eaf3596a5e2dd62e6c6cfc3f79a6bdb4d71651451b8d460959b135bb3b98f704003a90198860b3ccf9a4dfc2adf7b76f99349b92b3ddb76f44bfe1cf35d1344bcf12eb369a769d6b737fa85fcc96f6d6b6d134b35c4ae42a2222825998900003249adcf8adf083c41f04bc4f1e8fe24b482cefe6b486fa3586f60bc8e48655dd1b8921774208e786c8ef8ac3d12c22d5759b4b59ef6db4d82e2648a4bcb9591a1b55620191c468f215507276233601c293c57b17ed9579e17d7ef3c1d79e1bf1cf87bc57fd99e1ad3742ba86c2d351824865b5b758de4ff4ab5854c6cc0edda4b7aaad1524e3cb6eaecfd2dbf96b6fbc22df3f2bdad7f9dd7e97380f81df098fc72f89da5f8562d7f41f0ede6b532dad9dceb06e16d65b876091425a18a5285d9828665083396651cd737abe9371a0ead7563771341776533c13c6dd637525594fd0835d87ecc7a4dd6bdfb49fc3eb2b39aeedaeef3c4ba7430cd6a88f3c2ed7518568d5d594b0272032b0c81904715f40fecfb61acfc50fdbafc79aa784b55b6f851a65858eb71eade23b4d1df57d3ac2dcc13c72497667768e0fb560a1903222bcdfba441b50693d126bb49ffe0293fd4a8eada7de3f8bb7e973e45a28a2800a28a2800ae9fc3ff1a7c65e14f036a9e12d2fc5be26d37c2bad4bbb51d1ed7549e1d3f506c28dd340ac2390e1579653f747a0a28a7f6641d44d63e34f8cbc4ff0eb4ff08ea5e2df135ff84f459bccb0d16e7549e6d3ac9fe6f9a2b76631a1f9df9551f7dbd4d51f03f8def3e1f6b3f6eb15b692492192ddd2e2212c6e8e3e6054d1456b424d54e65bdcceaa4e8dba58e93fe1a0f54ffa05786fff0005ebfe347fc341ea9ff40af0dffe0bd7fc68a2bd7fafe27fe7e4bef7fe6795f53a1fc8bee41ff0d07aa7fd02bc37ff0082f5ff001a3fe1a0f54ffa05786fff0005ebfe34514bebf89ff9f92fbdff0098fea787fe45f720ff008683d53fe815e1bffc17aff8d58d27f691d734bd560b9b4b3d0ad6ead668e486686c82490b824ab2b0390ca541047208a28a3ebf89ff009f92fbdff999fd4e87f22fb91278fbf6a6f16fc517d62ef5cb8b5d4352d793cabfd42788cd79720852774ae5989c2819273818af37a28af3b1952729c799b7a1e860e29295bb8568f847c63abf803c456dad683aa6a3a26b1a5cc24b3bfb0b97b6b9b571d192442195bdc1068a2b9a9fc476cf62b6abadde789757bcd4350bab8bebfbc99ee6e6e6e256966b995dc97777624b33312c493924926abd145453f8472dc28a28a6485145140051451400514514005145140051451400514514005145140051451400514514005145140051451401b5e04f895e22f851ad7f6bf85f5ed6bc37aa790f07daf4bbe96ce7f2dc61d37c6cadb58704670475ac5a28a0029fb7fda6fce8a2803fffd9, '', ''),
(5, 'asdq', 'f10e2821bbbea527ea02200352313bc059445190', 'user1@softunioverflow.webuda.com', '1', 0xffd8ffe000104a46494600010101006000600000ffe100224578696600004d4d002a00000008000101120003000000010001000000000000ffdb0043000201010201010202020202020202030503030303030604040305070607070706070708090b0908080a0807070a0d0a0a0b0c0c0c0c07090e0f0d0c0e0b0c0c0cffdb004301020202030303060303060c0807080c0c0c0c0c0c0c0c0c0c0c0c0c0c0c0c0c0c0c0c0c0c0c0c0c0c0c0c0c0c0c0c0c0c0c0c0c0c0c0c0c0c0c0c0c0c0c0c0c0cffc00011080014016903012200021101031101ffc4001f0000010501010101010100000000000000000102030405060708090a0bffc400b5100002010303020403050504040000017d01020300041105122131410613516107227114328191a1082342b1c11552d1f02433627282090a161718191a25262728292a3435363738393a434445464748494a535455565758595a636465666768696a737475767778797a838485868788898a92939495969798999aa2a3a4a5a6a7a8a9aab2b3b4b5b6b7b8b9bac2c3c4c5c6c7c8c9cad2d3d4d5d6d7d8d9dae1e2e3e4e5e6e7e8e9eaf1f2f3f4f5f6f7f8f9faffc4001f0100030101010101010101010000000000000102030405060708090a0bffc400b51100020102040403040705040400010277000102031104052131061241510761711322328108144291a1b1c109233352f0156272d10a162434e125f11718191a262728292a35363738393a434445464748494a535455565758595a636465666768696a737475767778797a82838485868788898a92939495969798999aa2a3a4a5a6a7a8a9aab2b3b4b5b6b7b8b9bac2c3c4c5c6c7c8c9cad2d3d4d5d6d7d8d9dae2e3e4e5e6e7e8e9eaf2f3f4f5f6f7f8f9faffda000c03010002110311003f00fc88f09787bfe12cf13d8699f6ed3f4cfb7ce907daefe6f26d6df71c6f91f076a0ee71c0aa77b6df62bc961f3239bca729be36dc8f838ca9ee0f6aeeff00664f162f817e3268faacbe28ff008452d2c6e239aeee4b5d0fb4c0b2a1920c5bc6ecdbd41f9580438e48ae9748f8ba9f08ac7c530f877c5c86f755f1069f7b15ee971dcc25ed556ecca03c9146e84192256181b8310372eeaf528e0e8d4a7094e6a376efb36be1b6975a6af53cdad8aab0a928c63cd64adba4eeecf5b74563caecbc2b7fa8f86eff0057860dfa7e992c30dccbbd4796f2eff2c6d2771cf96fd01c639c64575fa37c026bff00d9feebe215e78abc33a45926a7369165a65dadebea1aadc451432bac3e55b490a8093a7334b183ce3a57a1d97ed05e66a1f12f49d17e205ef83f4ed5f5d3a9e857425bf82d121f3e72e8a96f1b4911916446c6c00f9786c102b13c48c5bf603f0d92fe693f10b5625f9f9ffe25fa773cf3cfbd73e328d2a7494a94aeda57db47cc93eafbf536c0d7ab56af2558f2abbb6faae5bf54bae872fa87c036b7fd9f23f88767e2af0ceab689a9c1a4dfe936cb7a9a8e953cf1dc49179be6db240c196da43986693195ce09e2afc06d2ec753f175e1beb2b6d423b5d36e27486e01319755f949008ce335d7785bfe4c0fc6ff00f63de85ffa41ab55aff827b78b741f01fed39a46b3e28b11a9787f4c8dee350b6302ce24854a96fddb7cb263aec6e1b183c1a30515f5e8d36aeb9a3a7aa4dafbdb2b19271c1ca69d9d9ebe8dab8dfb5697ff0042cf86bff015bff8aa3ed5a5ff00d0b3e1affc056ffe2abeba3fb496832eade1ed3bc67f16c7c46d50c9e2085bc58f63a8cd168d677fa4cb650c0cd73025d3209dfcd68a2899235276166665acd6fda23c29f07adb41b6f09f8ed750d4fc37f0bafbc3f0eaf63a7dddb05d565d4e7b95580cb12c8b85941498aa1042b7eedc607ea1f57c3f4c3abdbb7937d57925f33f3ff6b5eebf7efefdb54ba36b66d9f3f7c24f84d7ff001d3c5c342f0b781fc37a9ea86179c4255201b1719f9e5915724955519cb332aa82cc01e64dc6988c41f0bf870107041b46e3ff001eafa17e1afed71a45af8535ef14fc41bdf1578d3e22eaf79a669f6f358eaaba6ea36d636256e16796ee4b4b8498b4d15aae181908b7c96000ddabf107f6bdb5f84fe1fd78fc1df19ea5e1fbad6fc6c7c4b147a72cf6d2db5acd6713b5abc8d1a078e3b82d1347f724f2558ab2ed354f074635397eaf17b7456bdd75b6d67dba326389a928a7ede57d7abd92ed7deeacb5d6e7cc9f6ad2ff00e859f0d7fe02b7ff001547dab4bffa167c35ff0080adff00c557b76a3fb64f893c25f01fc17a1784fc597ba65c797abaf8934fb487c9b5bb17570f88e78b608678cc4edb508648f7b602926bd535cfda77c11a6fec537fe0fb0f1bb6a5763c33a58d1ac2ea7d7ee351d3f578aeeda6b93b6673a65b22059842d6a9bf60c1704b090a985a1049bc345de4968aeed769bdb6d2e10c45694f955792d2f76ecba596fbebf81f1edfd8691acf847c420f87b44b792d74d927866821649227564c10777b9fcebc4ebf42bf6c5f1fdbdb7c10d5a5b45fb06bdf1a7494f1bf89ecc46636b7db1a470273fc135c35edd01c82935b1ed93f0efc1cf1d587c37f88365abea7a57f6d59db0903da6cb36f3772151c5ddadd41c120fcd0b74e369c30f83e228d35894a11515cbb2ee9d9f4ee9ea7d864729bc3de52726ddf5ecd26bbee8e5ebb1f819f05f50f8f5e3cfec2b0bed334a1158ddea779a86a2d2ada69f6b6b03dc4f349e5249210b1c6dc223b1380149357ff00682f8bda3fc5ed76c2eb46f0effc23b15ac062922f2b4b4f358b6777fa05859274e3e7476ff680e2bb8fd85258f51d53e2368e90476da95ff8135d9ed75689dfed966b069d712cb046858c2d1dc461a3937c6ce1798de26058fcec758ca4d6c9bfb95d7c8f724ed24975697ded27f3ec7886b3611697abdd5b43796da8c36f33c51dddbac8b0dd2ab10244122a385603237aab608ca83c5763e1afd9bbc63e2ff87b75e28d3f4eb49f4bb4b59af9a33aa5a25f4b6d0b6d96e23b36945ccb0a10c1a58e3641b1f27e46c70b5f40fc1a3e09f879fb3f6a9ab69bf123c33a77c4af13595e697756ba959eac3fb1f4f914a3c50182ca58a5b9b94dc85de4548a372002efbe2caa4a51a778eafa75d7e5f8933935349757afa75f4d363e7eab5a268979e25d66d34ed3ad6e6ff50bf992dedad6da26966b895c854444504b3312000064935e95e36fd999bc05fb2a784fe236a3abcd65a978b758b9b1b3f0fde69af6d35c5945146e35182566c4d6ecee63dc1000ea40662182f9ae896116abacda5acf7b6da6c171324525e5cac8d0daab100c8e234790aa8393b119b00e149e2b5fb5caf75bfdc9fea37f07347aff00c37e86e7c56f841e20f825e278f47f125a41677f35a437d1ac37b05e472432aee8dc490bba10473c36477c57335f41fed15e14d23e33fc40f875a6f813c5563e3ed45b42d2fc35258787f48d565be135b5bac723a453dac3e6a92095084b9c72ab5e71fb4ffc1db0fd9f7f680f15f82b4df12d9f8c2cbc357ed631eb16b0f931de150371d9b9f6956cab00cc0329c1239ace1276f7bab69696ba4d6bf75871d629f5b26fc9b5fe6994fe137c05f167c7197515f0c690da8ae93035c5d48f7115b451008f26df32565532148a5658c12ec2290aa908d8e3ebd9ff0061bd53c33e11f8ca3c41e28f19687e14b2d36caf2dd52fad6fe792f1ae6cae6dd7cb16b6d300119d0b6f29c37cbb882033e18fec9f0fc41f04fc53f1149e2ab7b6f0ff00c39d2cdddaeb7169574da56bf78658923b049a6585a29a5590b22bc7bdb637c8141607335369ec95ff003bebf97526326e5cbe692f9ff5b9e375dd6a3fb3778c74af860de30974db43a2c51413ce23d52d25bdb38a7388269ed1653730c52657649246aac1d08243ae785afa0752ff008427e1e7eca971a5f847e247866f3c47e2db3827f15dbdc59ead15eb88e512c7a65a8fb17d9822baa4924cf3fef1e350bb150f9a549351bc7baf3f5ff8706da9a8f7feb73e7ead0f09f862e7c67e22b5d2ece4d3e1b9bc7d91bdfdfc1616ea704fcf3cee914638eaec076ef5e89fb42fecccdfb3ef80fe1cea17dabccdaf78e3489756bfd02f34d7b1bed0156e1e287cc5762592645f3637c26e5390b8dacdc4fc31b78ae7c7ba5f9dace85a0243309c5feb56525ed842c997513431c13b48ac542edf25d4eec30db935a7e8da7ea9d9fe28257e5baed75f35a163e297c21d7fe0cebb6fa7f882d6da096f6d63beb596d6fa0bfb5bc81f216586e20778a54cab0ca3900ab03c822b99afa7354f0559fedc1fb4d7c35f05e8fab2df5c8d3e0d27c45e24d0341986936918b8959aeedec0ac1f67b5b78248c4988ede3dd1cb2155c977f9dfc6ba15bf85fc67ab69767a8db6b16ba75ecd6b05fdb8221be4476559901e76b80187b1159d394acb9f777b7a276bfe3a5f72a3ac6fd92bfab5ff000e745f0abf67bf147c6cb79dbc35168b7d7103322d8cbaf585aea174c10b9582d669927b838070224724f03278ae29815383c11c107b57b9fec61e3dd1fe11eb9ff0916b3e2df07e9da7c576bfda3a35ce897175afdfdaa29deba7dda5a30b3964591d1644bbb760c01660154d61e93fb34a6adfb2af8abe2add6a771a05ae9bad5a695a269d7ba7bf97e23f38cbe70b6bac85792dd635322aa1c07049525431cd2526dfc2adf8b4bf3260db6e2fe5f75dfdc793d775f117f66ef187c2af095beb9ad69d67169b3dd7d8647b6d52d2f5ec6e766ffb3dd470caef6b36d04f953aa3fc8e31956c70f120925552c10120166ce17dce326be83f8e567e11d03e0c691e05f867e3fd07c5d633ea16d7fa8db5bd86ad1eafaf6a6d118959639ace3823821f3248e38d65691bcd7762c595222a392b286edae97ebafa69b13cd69a4f6d6ff769afad8f9eab7fe1d7c33d63e2a6b925868f1d9192085ae679af750b7d3ed2d62042ef96e2e1e38635dcc8a0bb8cb3aa8cb3007b0fdac7f6758bf660f88fa7f8686bbfdb57d368761aa6a30cb60d6375a2dd5c422592c2e2166629342480c09079195539514bf669f08f813c5df1176fc44f14c7e17f0ed9db49724b4374eda94cb8f2ed43dbc13b421c9f9a531b6c50c42b3614ddd59f95ff000fcfe4554bc63cc976fc7faea731f11be1ceb1f09bc677be1ff10591b0d5b4f6559a1f31255c3287565742c8e8cacacae8c55958104820d6257d27a3fc159bf6dafda87c4b2df78db448b40d3f459b53bdf1368da3ea13685a0dbdad91fb2db49f6a48258620218edd649012495c1958fcdf3652a726e2b9f7693fc6df995d2ff2f9d93fd4eebc35fb3778c7c5ff000f6ebc51a7e9d693e97696b35f346754b44be96da16db2dc4766d28b9961421834b1c6c8363e4fc8d8e16be81f8347c13f0f3f67ed5356d37e2478674ef895e26b2bcd2eead752b3d587f63e9f229478a030594b14b73729b90bbc8a9146e4005df7c5c978dbf6666f017eca9e13f88da8eaf3596a5e2dd62e6c6cfc3f79a6bdb4d71651451b8d460959b135bb3b98f704003a90198860b3ccf9a4dfc2adf7b76f99349b92b3ddb76f44bfe1cf35d1344bcf12eb369a769d6b737fa85fcc96f6d6b6d134b35c4ae42a2222825998900003249adcf8adf083c41f04bc4f1e8fe24b482cefe6b486fa3586f60bc8e48655dd1b8921774208e786c8ef8ac3d12c22d5759b4b59ef6db4d82e2648a4bcb9591a1b55620191c468f215507276233601c293c57b17ed9579e17d7ef3c1d79e1bf1cf87bc57fd99e1ad3742ba86c2d351824865b5b758de4ff4ab5854c6cc0edda4b7aaad1524e3cb6eaecfd2dbf96b6fbc22df3f2bdad7f9dd7e97380f81df098fc72f89da5f8562d7f41f0ede6b532dad9dceb06e16d65b876091425a18a5285d9828665083396651cd737abe9371a0ead7563771341776533c13c6dd637525594fd0835d87ecc7a4dd6bdfb49fc3eb2b39aeedaeef3c4ba7430cd6a88f3c2ed7518568d5d594b0272032b0c81904715f40fecfb61acfc50fdbafc79aa784b55b6f851a65858eb71eade23b4d1df57d3ac2dcc13c72497667768e0fb560a1903222bcdfba441b50693d126bb49ffe0293fd4a8eada7de3f8bb7e973e45a28a2800a28a2800ae9fc3ff1a7c65e14f036a9e12d2fc5be26d37c2bad4bbb51d1ed7549e1d3f506c28dd340ac2390e1579653f747a0a28a7f6641d44d63e34f8cbc4ff0eb4ff08ea5e2df135ff84f459bccb0d16e7549e6d3ac9fe6f9a2b76631a1f9df9551f7dbd4d51f03f8def3e1f6b3f6eb15b692492192ddd2e2212c6e8e3e6054d1456b424d54e65bdcceaa4e8dba58e93fe1a0f54ffa05786fff0005ebfe347fc341ea9ff40af0dffe0bd7fc68a2bd7fafe27fe7e4bef7fe6795f53a1fc8bee41ff0d07aa7fd02bc37ff0082f5ff001a3fe1a0f54ffa05786fff0005ebfe34514bebf89ff9f92fbdff0098fea787fe45f720ff008683d53fe815e1bffc17aff8d58d27f691d734bd560b9b4b3d0ad6ead668e486686c82490b824ab2b0390ca541047208a28a3ebf89ff009f92fbdff999fd4e87f22fb91278fbf6a6f16fc517d62ef5cb8b5d4352d793cabfd42788cd79720852774ae5989c2819273818af37a28af3b1952729c799b7a1e860e29295bb8568f847c63abf803c456dad683aa6a3a26b1a5cc24b3bfb0b97b6b9b571d192442195bdc1068a2b9a9fc476cf62b6abadde789757bcd4350bab8bebfbc99ee6e6e6e256966b995dc97777624b33312c493924926abd145453f8472dc28a28a6485145140051451400514514005145140051451400514514005145140051451400514514005145140051451401b5e04f895e22f851ad7f6bf85f5ed6bc37aa790f07daf4bbe96ce7f2dc61d37c6cadb58704670475ac5a28a0029fb7fda6fce8a2803fffd9, '', ''),
(6, 'valeri', 'f10e2821bbbea527ea02200352313bc059445190', 'valericfbg@gmail.com', '1', 0xffd8ffe000104a46494600010101006000600000ffdb0043000201010201010202020202020202030503030303030604040305070607070706070708090b0908080a0807070a0d0a0a0b0c0c0c0c07090e0f0d0c0e0b0c0c0cffdb004301020202030303060303060c0807080c0c0c0c0c0c0c0c0c0c0c0c0c0c0c0c0c0c0c0c0c0c0c0c0c0c0c0c0c0c0c0c0c0c0c0c0c0c0c0c0c0c0c0c0c0c0c0c0c0cffc0001108004d006903012200021101031101ffc4001f0000010501010101010100000000000000000102030405060708090a0bffc400b5100002010303020403050504040000017d01020300041105122131410613516107227114328191a1082342b1c11552d1f02433627282090a161718191a25262728292a3435363738393a434445464748494a535455565758595a636465666768696a737475767778797a838485868788898a92939495969798999aa2a3a4a5a6a7a8a9aab2b3b4b5b6b7b8b9bac2c3c4c5c6c7c8c9cad2d3d4d5d6d7d8d9dae1e2e3e4e5e6e7e8e9eaf1f2f3f4f5f6f7f8f9faffc4001f0100030101010101010101010000000000000102030405060708090a0bffc400b51100020102040403040705040400010277000102031104052131061241510761711322328108144291a1b1c109233352f0156272d10a162434e125f11718191a262728292a35363738393a434445464748494a535455565758595a636465666768696a737475767778797a82838485868788898a92939495969798999aa2a3a4a5a6a7a8a9aab2b3b4b5b6b7b8b9bac2c3c4c5c6c7c8c9cad2d3d4d5d6d7d8d9dae2e3e4e5e6e7e8e9eaf2f3f4f5f6f7f8f9faffda000c03010002110311003f00fba3f609fd8da4fdb5bf66f1f123c7df1a3e32dd78b3c41f10fc47a85f5cf803e326bf6de189adacf5ebeb34d3f4d8a2baf2d34a923b65652a16751210b2c602a25dfdac7f673fd9e7f61ef0bdaeadf153f69bfda37c1b06afe234d474cb6b8f8e1e269aff0053844b6f13e93696915cbdc5cda869a2f31a28deea3598bb5c228dcbeb1ff0459057fe09f1a37c9e06427c5fe3338f05beff000e31ff0084af5739d3ce4e2d0f58867842a303181e19ff0007197ec89e00f137ec65e27f8c579a05b37c45f0f5c785747b3d664fde4d0590f125a8fb3a07cac4a5af666668b63c876077654551a518f3548c5ecd91565cb094bb23dc8ffc1243c272ab95f8c5fb550dfaeaeb031f1b7c4784b51b7fe2563375ff001e8db4e58e6ebe738b81c63e67fd97ff0062f3f177fe0a35fb54fc3bd5fe317ed490f853e13ebde11bef0ec317c65f11230b6bdd31ef2eac5a4fb56e7b69242232c499d445f2ceac589fd39d014ae8b68082b885015c6ddbf2fa6171ff007c8fa0af917f619f15fda3fe0a95fb71683fd89a6da1b1d77c1da9ff006a0b6c5fea3f68f0cdac5e5bcbc6eb78bec998d31f24935c9dc7ccdab92668713fb5efecbdf013f60ff83b75e3df8b5fb47fed37e0af0ac7e27b7ba4bb9fe3478a679261211b7448208ae1e69e0609231f2d1eed6312bf9ea919645fd91ff65bf80bfb79fc1e4f1f7c25fda3ff0069bf18f852e7c4ef75f6bb6f8d1e29824b3584a893459619ae126860236b7ef516eca4eaeb71b1e36ae07fe0e5af149f06fc3ef811ac45f62f08cbe1af1f5b6bd2fc4f1a349ae5dfc2eb7b792156d416c2343f6981e696de391246f28b9814a3bb44d1dbff0083693c5565e32f83bf19f57b4b69bc4afe21f883a86b93fc51b9b51a5cbf159ae2e27ff899c7a634692585aa797e4a47978bcd4b908559658d1c754ffaedfe60ed6d3fadce93c6dff04dfb0d2bf6f9f871e0ab7f8ddfb55c5e19f117877c57e33beb31f19fc407cd6b1d47c310db58090dcef168b1dfde82437da1bed0499f29194f4ef17ffc12e7e1ff00813c2bab6b9ae7c72fda6b44d0f48d4dfc4d7fa85f7c75f10dbda69da74281e6b19257bc0a960a88ecf2b9fb42a963f695c0c77ff114ff00c6d33e0dff00d92af1e7fe9dfc195bff00f0505f86b63f18bf61bf8b7e19d4edbc5d7da6eafe13d461bab2f0b4ab1eb3a845f67766b6b52df2b4b2806308df2bf99b5be56349bb2bb16fa1f13fec4d69fb277fc14675cf10695f06bf6a9fda6fc5baaf87f568bc457d627e2e78c34dbab7d3d982fd8122bb922796c370c3ca8af70865506e54bc75da7ed8dff04efd2fe067c29d235dd0fe30fed422eef7e2bf842da54b8f8d1e24923feccd4fc47a669775a501f6c07ecde45dcacb267ed21c83e79036d7c75ff040ef11ea3fb50ffc14a3c3be2db0f8c3f133e2f784be13fc1f93c369abdf7822dbc1ba7e8f24b358791e1e9a185e41772c086e249642e434b6f032bbac6aeffa61ff00054df080f127c0df87d76751d5ac7fb07e31fc3bbe586d2e8c30df96f16e956fe55ca8ff005b10fb479810f496185faa0a7e7ebf986ab4679d7c7efd833e117ecbff00073c47f103c7ff00b40fed37e13f077867521e24d4b53bcf8dde25f2ecec94a28d25545d1792091f088aaaf7b23cc12398bb20af29fda3747fd953f64bf817e0ef88ff00117f6a5fda6fc2be15f88faadbf88bc3525c7c5cf183deea360f0c537f67476292b5d8b308e864778bed3119d55ee2366415ecdff05c7fd903e1efed0ffb02fc57f19f8afc3963ab78abe197c36f15ddf86351b88d667d1a492c04d334492068c3b9b2817ccd9e6c6a1bcb78d98b1f82ff00e0a21e31f177c14d0bf609f89175f10f4ef81fe02f0f7c30bad3d7e2427c3db8f1a3f83f55bbd3f4ddc925bed308fb5430a4101281c0fb6120e14a5c21ccaeff00ad1ff9194aa355143d7f45fafe07d2df1d3f649f87fe31ff008264fc43f8d7f097f68dfda6ae74f7f0c6a9f103c2fe208fe33788a582da1874f9268ac5a29ae47fa2ac917ef1265176ac2446990ae17f05bfe1e6ff00b547fd17ef8fdff855eadffc875fb9bfb1f7c58d6fe2affc1b7ff116e3c49e0ef09fc3bbf93e137896f57fb1b498fc3d0ea96d25b6a490eb0da6c2b10b41771c2b71be32b1cacf23c5b17017f9b2ff00846dbfe8149ff82b1ffcada89e8cda166b53fa6bff008260fed2df18be1ffecb51e87e14fd9aac3c73e15b5d4bc697361e24f00f8d343b3f0bea1aa9f156aed1dae9f6f7174268b49c702e4832265152d644cb8f7eb4fdb2ff006869ae21497f639f1bc48de1c3732b8f883e19658f5d0580b25ff4bcb587cbff001fa409be78ff00d0befec67fc116148ff827c68bf2781973e2ef1a37fc516fbfc38d9f15eae73a79dc7fd10f58867842a303181f317fc1c09a778ebc31e2887c6177fb43f8e7e1878074ff0005cda7f82fc11f0d7c4efa478d3c75e369ef9218a3581630d7b66b1cd69bd2376923c48ca88199996a095f43e9ed3bf6c6fda090dac07f637f195b45ff0008d79f2327c40f0c98e1d70642d8a8177936185ff8fdc0946e4ff42fbfb3e63fd8b3f6c9f8d36dff000501fdad6d22fd92f5697c4178de1cd675986dbc55a126a1a66aefe1ab182dac27bc7b948ee74c63693bc53c21e583cc766b72f712456df7bfec5f7df10f50fd94fe1eb7c5719f8923c3d61ff092cc2de2b759f5036d1b5c3797131452242cac142aef562a8a85457857ec31e2cfb4ff00c152bf6e2d08689a6dafd835ef076a7fda82db17da87da3c336b1794f2f1bade2fb26634c7c924d74771f336ad38f2b71ec4c64a49346dc1fb647ed0b7573024ff00b1cf8d2356f0e1ba95ff00e1607865d62d78138b25ff004bcb587cbff1fb8137cf1ffa17dfd8b63fb657ed0d25c4092fec71e36895fc366e66907c41f0cbac7ae8ce2c47fa665ac0edcfdb7026f9d3fd0b97d97ffe0ab3f072cbe22feca9adf8935af8aff1d3e16786fe17e9da878c75497e15ebb0e8bac6ad15a5a4b2342d3c91b16511897116f4477642e7e452b93ff0454f831e36f83ffb05f872e7e20f8cfe23f8cfc4de3a99fc592ffc26de22935dd4b4382ed2336da77da5f1b9618122dc55515a5799c471efd80b4b96ec5cdd3b9e4be2bfdabfe365e7fc1427e165fde7ecafe38b1f115bfc1af187d97491e33f0e4b1de6a526a5e1a6b941702f005b1864b7b44172c9e7c82fd585a0f2a403d86d7f6ccfda1a5b88125fd8e7c6d1237870dccac3e20f865963d7416c592e2ef2d61f2ffc7ee04df3c7fe85cbeceb3e238cff00c152be0dff00d92af1e7fe9dfc195f24ff00c1c89e2afda17e167ecf9ff0987c3df89d7fe01f861a4c9a4586ab67e1ab4306b9a95edd6ad1a3cb71a9096392c6ce38d6044fb3323cb25cbc72b18d86d2294a4a3dc272e58b933e88b1fdb27f68433dba49fb1c78d6056f0d9b895c7c40f0c958b5c19c58802f326c3e5ff8fde261be3ff42e5f67cd9ff0537fda4bf68ff1d7c31f854cdfb2978cf40b1d17c7fe05d7352b893e296850412eb49e23b38e2d29a282495af2c659da154b893c9292cb6f33dba085c0f10fdbdfe28fc5af881f1d7f6d0f8b9a3fc64fda17c0b2feca336849e08f01f86980d36ed20820b9babad534d8d82ddd85c492bcde7c8fb96cd9ddd658e116ebf7dffc1401a4f8c1fb287c27f12ce75ef0fcb65f16be1ceadf6186ebca8eecbf8b34ab7f2ae5413e6c18b8f3951b04491c0ec15936872a7cab5feae935f989544dd979ff00c1253fb607ed03ab04b6bcfd8d7c61f66b9f0c34b75bfc7fe189231ad9dc3ec1837797b0214ffa61025c489fe87cbec20fdb0bf682bd96de1b9fd8d7c64b11f0efdb2563e3ff000c3a45afab12b66a3ed7936394cfdbb0261be3ff0043cefd9cb7fc1748fc7ed2ff00628f19ebbf05bc7b63f0ef48f09784b5ed73c517d6967e6f886f12ded55a0b6b199d963b48cc66ee496e54fda63686dfc8f99988f98ffe0a27e2afda4be2efec91fb14f80fe0fe95f18bc51a878cfc3dff0009378c352f03f8f5fc2de20996cb48b48e34975cb859218e29a6d45a590dd46ed33dbc6170e49024e4bd0529454979dff0b7f99edffb74fed69f1bfc49fb107c62d37c4dfb2c78dbc21e1fbef841aeb6afaf8f1bf872f1742d51ac2e564458a3be8e49ac238c349f6a568ee0fc805a292c63fe5d7fe1165ffa03b7fe0aff00fbd55fd2e7eccff1d34afda03fe0dd2f8a1abe95e2ff00883acc16bf0cfc5765a949f10f59fed9f12e95a9241a97db12eb538cc42ee04721609163898431a64ab1f2e2fe683fe11593fe8103ff000523ff0095b52ee8bbbe87f573ff000480f8f3e06f01fec331691adf8c7e0d687ab687a8f8dfc55a9d8f8675bb78b45b0d213c5dad2bea76a8f26e8f490c8e2399b11aaaed24152a382fdb8ffe09adf023f6defdb0acbe35ebdfb52f8ffc09e2cf0a780a1d73463e0bf1de93a27fc23fe1b1f68f37568e6fb3bccb652f9b316bb67d872ebe66c0a89df7fc11f7e05f827c65fb10596bbabf833e0f6a7ad6a3a978e3c35757fe18d36deef47bbd2a6f176af24b6165338666d2a47f9d2dc9f2ca95ca023031bf6f4fdbcbf670ff008276fc55d2fc17ac7c0dd7fc6dafc3f0da68f518bc0ff0eedb538fc25e068e530b477aec6358748dd0cb9850bc4a2dc9744063dee2aeecb707a23debf66ef11fc2bfd95fe07e8be03b5f8cb6fe26b1f0a783d7c54353f14f8c6d750d51fc3e33ff001379e72ca4d912ae45c1020500aa1544545f9fff00622fdabbc051ff00c14aff006e3b5975df87da7e9960de14f1cff6fb6a16e93ea1a53f856c04976f725c2b69b6f1c50babf31c4d793397c4c02fd43f0c3e11fc1cf8a7f0f7c3de29f0cf827c077da0eb9e0987c3da45dc5e1eb78c4be199a34923d3155a30c962c9b0fd948118c005062be62fd85fe177816e7fe0a51fb68f82bfe158f802d749f0c7fc229a4d8dc0d02dc4efa45f785f4eb7974953b368d31574bb60b6aabe5ef12139caaa269a6ee1169a4e3b1ea9fb7bf81fe08fedff00fb347883e14f8cfe2d697a1786359d02d3c77ab3e8be23d321ba93c3f6f709731ea2cf3a4a134e32c0a4dd2aaa911902503767d6f4efda1be15f8574d4b1b6f1d7c3ed3acb4af0a278b96de2d6ad228acfc3aa0aa6a6143809a780840b8c08405237715e29fb7afc6efd9bbfe09adf06edbc63e3ef03f860f9ba10f87ba1e87a2f866ceeb58d674a6283fb0eca02103598f909b72cb6eb85c804a831ff00c13d3e3c7ece5ff0519f84b71e29f007c3dd0f48b8f0d6932fc35d5fc3daef85ad34fd6bc35a6291ff00124b880060964caa8cb02334040c637a3aa09b6b97b0df464ff11fe3df814ffc14a7e15eadff0009a784ff00b2b49f819e35f14df5eff6c5bfd9ecb489b55f09bc3a8cb26fda96922db5cb2cec446c2de5218846c5efdbc3c09f043f6faf80979f0e3c65f172cf40d07fb2ecbe245dc9a0f8b6cacae1f44b59c4f16a5297dea74c324418cec9e56620c1d59030a9e36f81be0ad2bfe0a45f08f42b6f07785adb44b9f81fe35f0ccda7c5a4c09692e9506a9e128e0d3da20bb0dac693cca9091e5a89a40146e6cf1dff00050ffdb73f650ff825e2786ad7c79e0ef0dddf88b5ef0e2f83348f0f681e1ab1b8d487869a5488d9b2c9e5c76fa509362f9524890b32e1558a10a46f756dfa0a56b3e6d8e37f6b4ff8262fec9ffb5a7ed37adfc4df13fc59d474a93c49e17d33c65e37f0d693f106decbc3be36d034f65367aaeab6a72d25820b78c2dc2491c23c80c1838663d37fc1577f693f83ba4fc12f85116a7f19bc19a05d587c45f877e32d3acc78bacac575dd24789ac41ba922dea27d3c40b7373bd47940d8897204071a3f1f7f6d4fd92bf66bfdac3c0bf03af3c37e13d5be2978aac6c7e1a41a1e87e18b5b86f0fe83788cf0e9f7929558adf4e2228cfd8b7962b244e2dda33bc56ff82acfec23f08bc6df073e13ead75f0fbc210dd7c3ff0088df0f745d27c8d12d1123d264f1469b60da430f28ff00c4bbc9bb90fd941116e58cedf9714fde71d762538f369bff005ff04f58fdb3e5f851fb60fecbfe3cf859ac7c62d23c2ba6f8c3c0cfe20d4750d17c4d676d7d6be1b73f3ea7b9cb2ff6748a8f1c9332f92f1b4aa5b9247897ed39fb037ecd3fb467837e165acbf1ab55f87be2df81be085d77c39e39f06f8eecb45f1358f850db1b67be92e554a1d3a4443bae7cb11822408e8b24aafe81fb79fed0dfb2d7fc1323e155b78a7e28681e07d27cdf0b5cf83342d22c3c376d73ab6b3a34110964d12cedd533f61c2c61a3729691978bcc68c329ad5f881f10bf67cf835fb105c7ed01aef80bc23a3f81f4af86096a91cfa1e9d6f7bff08dcb0472c3e1e8c3958bcb998c50c7642410bccf1a00491424ed7e8174a6afbebfa5ff0043cc3e217c2cf81dfb1f7fc11fbe2afc12f849e26f0bc567a7fc15d7fc49636e9ae4375a96a1a75c585d0fedb93cb712490cd3163f684db1163b632815557f959ff84524ff00a03aff00e0a87ff2b6bfaaff008b1ae7c2afda27fe08f7f113e30780fc03a67826db52f811ac693a05edde856ba7ea1a3e84da4c93c362925bb1f2ad1311b7930cbe5ab45c60a647f2a3ff0008acbff4081ff82aff00ef6d29735eccba76b7ba7f5cbff0458423fe09f3a37cbe078f3e2ff199c782df7f874ffc557abf3a79c9ff00443d6219e10a8c0c60780ffc1737e367c5bd3352d67e18d97c0af8b1f12fe18f8dfe1cdfb787359f873657f777765e30cdcdb25b6b11db5d47149a3f91716eef05dc3243312e0c770119628ffe0981f04ff68ef147ec796979e03f8eff0002bc15e169be22f89f54b2d2bc3bf0c9b5cd22dede3f11ea09358595daeab0ac9a5cf2c72cc84431cf1a5c08d25408a17e813fb39fed7a43ff00c650fc2d5ddaeaeb00ff00c29493e4b61b73a58ff89e7fc7a1c1cb9cdd7cc717038c545f2cb984d5d1eb5fb10f87fc6be15fd8f3e18699f1222d3adfc7961e18d3edf5f8b4fb582d6de0bc5b74596348e0fdca85605710811fcbf22aae147867ec31e29fb5ff00c1527f6e2d07fb134db5fb0ebbe0ed48ea82db17da87da3c336b1794f2ff0015bc5f64cc698f91e6b93b8f99b5767fe19cff006bd657c7ed41f0b403af2eb031f055fe4b61b73a50ceb9ff001e87072e7375f3362e0718f957f641f859fb4e6bbff052efdb0b42d27e397c33f0feb3a2f8abc1dae6b5ac37c1f170be238e6d12331d922ff6a2cd0d9c70c496e55ae269331bc91cb0492cc645297349c9f51538f2c547b1ea3ff0700fc14f895f10fe187c21f167c3cd23c7d7b07c38f1a7f6a7892f7e1a803e2258e9773693585c8d1491cb3c5752798832c4ac2d8db1bb2ecffc1016d3e3c59fecb5e265f8cb79f132f7411e25b81e0293e27d99b6f1d3e9781e636a686591d41b8f37c95959a5099c3180dbe3d05bf673fdaf7e7ff8ca1f85ab9d75758047c147f92d86dce963fe279ff1e87072e7375f31c5c0e308dfb39fed78dbc7fc350fc2d5ddaeaeae08f82921d96c36e74b1ff13cff008f43839639baf98e2e071849e8536f63aff88e71ff00054af837ff0064abc79ffa77f0657827fc1c35fb3add7c60fd82f5997c1de02f1478abe22dfeb1a0585bc9e15d2dae75196ce1d562b9786e8c5899ec536c92ec0db567f2642176975e7be207ecfbfb54ff00c3c8be164527ed27f0fbfb6a6f09f8cb5ab2ba8fe1015b5b5d35354f088b8d19e03ab9692091fece56612adc461261e6b9911a1f6d3fb3a7ed7a43ff00c650fc2c5cebabac03ff000a51fe4b61b73a58ff0089e7fc7a1c1cb9cdd7ccd8b81c61c5f2cd4d7464ce3cd171ee79b7fc1583f662d77c53fb457eca7e25f047c3dd1f52b6b4f8d7a7eb5e33d5b4cd0de6d6a0dba7bdbc57734d14640b310dba4734b330c1874f5070b81ebfff00054af090f10fc0df87b78da8ead66740f8c7f0eefd61b4bb30c37e5bc5ba55bf9572a3fd6c43cf32043c096185faa0ac893f672fdaf1838ff86a0f85a376babab8ff008b28ff0025b0db9d2c675cff008f43839639b9f98e2e0718f0ff00f82807ecddfb4e45f0a3c27a8f88ff0068af006b765a77c69f04eb3676567f0baeb4c4579bc49a6d9dad94a63d6c89ec209ee23ba314aad348f028fb4210ae8b9b4b2feb625534a7cfe497dd7ff33e80ff0082bc7ecd917ed13ff04f4f8cf069ba4ea777e3983e1f6bd6be1fb9d12d04badbbbdb099f4eb6611bca62bd7b58219a18c6674c21e7691f1cfed7bff04dcfdaa7f6bdf827fb3259f8064f831a37867e1bfc3bb269f43f1fdceb56f7767e2696c56ddaf5edede1689a5b284016cd32868a59ee4b213b36fd6e7f675fdaf5b7ff00c6507c2e5ddaf2eae31f04dfe4b51b73a50ff89e7fc7a1c1cb1cdd7cc717038c07f674fdaf097ff8ca1f85abbb5d5d6148f828ff0025b0db9d2c7fc4f3fe3d0e0e5ce6ebe738b81c61fd971ee3e5f7d4bb5ff1b7f91f38fec8be05f8a7f0dbfe0da9f885a07c5ed3ad3c29ae68ff000ab5cb5b0b36b7bdb39f4bd397426f245da5c6c923b95f9cca10aaab642edc607f353ff08c4bff004091ff0082affef6d7f50bff000509fd9eff006a6b6fd81fe3949af7ed37f0ea6d097c3bae6b5a8c765f08dac6e1b4c5d3a63369315c36b12086dd903813b46f7285cb79c70057f2c9ff000867883fe79e89ff0084acdffc8555cd7939771d34a11513fafbff00822caedff827c68b95f03267c5de343ff145beff000e9ff8aaf5739d3cee3fe887ac433c2151818c0fcd2ff839ebfe0ae16579e2af1efecc7a4f8bf5df87c3c1da2adf6bf2d81bb86fbc6f7b7d64a2df468a48418574e16d7867ba371feb8a2428170ce7f443fe0811e365f897ff0004b3f03f88d746d0bc3bfdb9e20f165f7f65e8b6c6db4ed3ccbe27d59cc36f1166f2e15dd844c90a0003815f4e7c76f821e1bfda4be0ff00883c07e2fb4bcbff000b78b2c9f4dd56d2d751b9d3deeed9f02484cd6d2472aa3ae55d55c0746656cab10737aad0b8bb3386ff00827f7c65f0e7ed07fb1b7c3ff15f847519f56d0352d2635b6bb920961f34c798df6ac91c6db15d195728bf2a8e06303c7ff618f157dabfe0a91fb70e83fd89a6dafd875df076a5fda62db17da8fda3c336b1794f2f1bade2fb26634c7c8f35d1dc7ccdabf5a7863c3567e0cf0fd9693a7446dec2c21582de2f319fc98d701541624e00e073c00057c8ff00b08f8ce2d4ff00e0a99fb737875347d2a06d2f5ef06ea326a6b00fb7de9b9f0bdac7e44b271ba0885a868d08f95ee2e1b27ccc2b94936e4b66cce945c6093ed6382ff8388bc09e2bfda07f66df86ff0007fc22ff000d24bbf89be3fd2aceef4ef1978d0f87ed756b782659bece628e686e2f6169444248ed5dae46633146ce449173dff06e3af87fe17783be397c1ab3f857e05f86de2ff84be356d3fc5771e0fd7750d5f45f10de488ca93dbb6a124b770aa4502218a4958060edb636778d7ed0fdaeff00622f84ff00b777c347f08fc5bf03e8de35d13709215bb0f15cd9b06472d6f731324f6ec4c6a18c522965054e549065fd92ff0062ef85bfb0afc2c8bc19f09bc19a4f833c3e8ed2bc56bbe59ee9cb336f9ee25679a76f9c80d2bb155c282140008e97f3ff00805c9ec91c9fc4938ff82a4fc1bffb255e3cff00d3bf836be3aff839efe0ef89354fd902efc76df107c7f6de13d0aef42d3e2f07686b15b68f717d2eb76e5f50d566de924f00882471444858ee3c9901cb12bf627c4618ff0082a67c1d1ff54afc77ff00a77f069fe95de7ed3dfb2df823f6c6f8553f81fe2269577adf85ee6eed6fa7b18355bcd385c4b04cb2c3bded658ddd52544708cc577221232a08aa724a7193e8c8a89ca0e2ba9f94ff00f0581fd82bc25f1bbfe0a15e224b5f15fc51f1ff00ed39f106cb40d4be15685e1f9ef34cb7f82ba6dab882e35d9efb7496cb65f6bb792564089334d288e20924df6a4fbcff00e0a39e01bbbbfd99be173ea7af6b52ea3e1af8b7f0e2f677b6b91047ab4a7c59a55bb477288aab2c399cc8a9b4012430bf54ae73f684ff00837fff0064bfdab7e346bff10be217c2fbcf13f8cbc51702eb53d4ee7c63aeabdc3845450152f551112354454455445455550aa05753ff000529f85b6365fb377c3282c2ef57d2ec7c23f177e1d5c5ada5a5eba43769ff000966956cb6f70092658144fbd632702486061feac0ab95452a6a097512a6f9efdec709ff0005e3fd9a3c47f1eff610f885ac59fc55f1bf813c2ff0fbc05e2ad7754f0ff86a55b3ff0084c2e63d2ddad21bcb91990d9204b8596d546cb8170bbc831257857ed2df043e047ed7ff00b217ecb1f0c3e2af8be06f1f7fc2aeb8f10782bc01a8f882ff004ef0c7886fe1d0e0db7bac3d922cc905aed72928921611c97bb44989157f493e38fc13f0e7ed1ff07bc47e04f185ade6a1e16f1558c9a6ead696da8dce9ef796d20c49099ade48e55475cab0570195994e55883e53fb4e7fc129fe007ed91f06bc1be00f893f0eb4ff0013785fe1e2245e1d85efaf2d6e74a8d21583cb8eea0992e3634691874321573146cc199148952567113a77aaa77d35fd3fc8f913f633f8c7a2fc60ff0083613c512699e29f11eb4da57c21f1369f75a8f8910dbdec6d0daea1016c2cce7eccad0c8913acbf7210328c8c89fcd5ff00c23c7fe8171ffe0ac7ff002b6bfaf8fdae3e01784ff676ff008245fc62f00f80744b0f0a785f41f85fe21b1d32c6cd5963b55feccb9f9b2183b3162599cbef66258b6e25abf8d7ff0085a361ff004083ff007cd8ff00f2255547194dca3b334c3c3921cacfffd9, 'pleve, bulgaria', '');
INSERT INTO `users` (`id`, `username`, `password`, `email`, `forum_notification`, `image`, `location`, `birth_date`) VALUES
(7, 'magare', 'f10e2821bbbea527ea02200352313bc059445190', 'test3@softunioverflow.webuda.com', '1', 0xffd8ffe000104a46494600010101004800480000ffdb004300030202020202030202020303030304060404040404080606050609080a0a090809090a0c0f0c0a0b0e0b09090d110d0e0f101011100a0c12131210130f101010ffdb00430103030304030408040408100b090b1010101010101010101010101010101010101010101010101010101010101010101010101010101010101010101010101010ffc000110801e0028003012200021101031101ffc4001d000100030101010101010000000000000000070809060504030102ffc4005f10000103030302020506070a0b03070d000001020304051106071208211331142237417509155161b3c2161719233271d3184252565781919495d42433677276a1a5a6b2b4e4345362253543449293c12736586364657385a2a3c4d1e1ffc4001c0101000203010101000000000000000000000506040708030201ffc400471100020103010307090604030705010000000102030411050621311213415161718107223234357291a1b1144252c1d1f01523628292a2e1172425335354f11643b2c2d2d3ffda000c03010002110311003f00bb00038e8bd80000000000000000000000000000000000000000000000000000000000000000000000000000000000000000000000000000000000000000000000000000000000000000000000000000000000000000000000000000000000000000000000000000000000000000000000000000000000000000000000000000000000000000000000000000000000000000000000000000000000000000000000000000000000000000000000000000000000000000000000000000000000000000000000000000000000000000000000000000000000000000000000000000000000000000000000000000000000000000000000000000000000000000000000000000000000000000000000000000000000000000000000000000000000000000000000000000000000000000000000000000000000000000000000000000000000000000000000000000000000000000000000000000000000000000000000000000000000000000000000000000000000000000000000000000000000000000000000000000000000000000000000000000000000000000000000000000000000000000000000000000000000000000000000000000000000000000000000000000000000000000000000000000000000000000000000000000000000000000000000000000000000000551ea73aafdc4d96dc88f47e96b2e9caaa27db60ac592e14f3be5e6f7c88a9964cc4c6189eecf9f7224fca15bd1fc58d15fd4aaff00bc972b1d83d6350b685d508c7933595997411f5352a14a6e12ce5761a120cf6fca15bd1fc58d15fd4aaffbc9216c6f5cf5faab5a3acdbc52e97d3d689e955b49574b4b52ccd62cb1358c91ee9246b23e0e9155ee46b538a2ab913cfeeebc9feb7694655e504d456709e5f825c44353b79c9453e25c70797a7b54e98d5d44fb9693d476bbd52472ac0fa8b75647531b644445562ba3554472239ab8f3c393e93d4299384a9c9c66b0d74333d34d650045fa9293a9ca5f47fc10bfed7dcf973f48f9cad170a1f0f18e3c3c3a99f9e7d6ce78e309e79ed54ef9d78efd69cbd5c34f5e747e8aa7b85aeaa5a2ab87d16a5fe1cd1bd58f6f26d52b570e6aa6515517dcaa5934bd95bcd693fb0ce13c715cac35e0d27f2312b5ed3b7ff989af02fe033dbf2856f47f163457f52abfef23f2856f47f163457f52abfef24b7fb37d77f0c7fc48f0fe2d6dd6fe068482a674d3d5a6e36f2ee633466a7b2e9ba5a27504f54b250534ec979b38e132f99e98eeb9ec5b32afac68f75a1dc7d96ed252c27b9e773ffc19942bc2e61cb87000022cf7000000000000000000000000000001fc739ac6abdee46b5a995555c2227d201fd0457acfaa0d8cd136ef9c2af70ad5747ab95aca5b3d4b2ba673b1e5c6272a37cbcdead4facadfaf7e50dbe553e7a4db5d154d450aa2b63adbb3d659bba7e92431aa31aa8be5973d3b77fa0b1e99b25ac6aaf3428b51eb979abe7c7c326256bea147d297c379790fe2aa3515ce54444eeaaa6536a3ea677eb544fe3d7ee85f29b0b96b2dd3fa0b53eac41c329faf271f7bd7daeb52b5cdd47ad6fd7547261c95b729a7454fa179b94b950f255792c73f7118f5e137f5e49812d6a9af462ff7f135a6edb8bb7d60ed7dd75a7adcbffdaee7043ff1390e66b3a8dd89a172b66dd6d38e54ff00b9ad6ca9fd2cc993c098a5e4aacd2fe6dc49f724beb93c25ad54fbb146a9bbaa6e9f5abc57742d59fa9b2afdc3e883a99d84a95448f752c499ff00bc9959ff0012219480f77e4b34dc6ead3ff2ff00f93e7f8cd5fc2be66bbdbb79768aecbc6ddba1a52a1dfc065e29f97f473c9d551d7515c216d4d05641530b932d921911ed5fd4a9d8c5e3e9b7dcae369a96d65aee1534750cfd1969e5746f4fd4e6aa29835fc94d26bf9172d77c53fa347a475a97de87ccd9f0645c1bd9bcb4c8c6c1bb3ac58d8f1c5a97daae298f7639e31f512768aeb877c74bbe18af372a2d4b471223562b85335b2ab71ff7b1a35cabf5bb97d79216ebc976a74a1caa156137d5bd3f0dcd7c5a3221ac5193c493469302b16def5f1b5da8daca6d716daed2b58e771f11516b29553dcbcd8d47a77cf656613b7acbee9f34cee2681d68e58f48eb5b1de6446248e8a86be29a46357c95cc6b95cdfe744291a8685a969526aee8ca38e9c657f89657cc90a5734ab2cc2499d08008a3dc000000000000000000000000000000000000000000000000000000000000000000000000000000000ce8ebebdb9c1f01a4fb498adc591ebebdb9c1f01a4fb498adc750ec9fb0ed7dc453af7d627de0fde8686b6e75b4f6db6d1cf5757572b20a7a7823592496472a2358c6a655ce55544444eeaaa7e0592e822f965b26f457fcf577a2a0f4fb0cb4349e9550c8bd22a5f574bc218f92a7391d85c3532ab85c2121abdf4b4cb1ab770872dc1671d7f267950a6ab54506f19390d05d2e75157fada3bbd8b44dd2c4ea7af8d8cafb8cc96d929246ab5c93a36456cfc59947738d8e5cb551b97260b81b43b35d4be92f4676b3ea23d229a2ba32aaa6dde87f3b7a5d32787ce3f4baa46cd0f346b9bc588a8dcf24eee54271d454fa9ea68991e93bc5aedb5692a2be5b8dba4ad8dd1e172d46473c2a8ecf15e5c95308a9c57394a7fb91b63d7dd77cddff00ca17cf7c3c6ffe6ddda3b5f839e1fe3bd4a6f1338f57f4f8f177e8f2f5b4ebda2badad6e95c55b7a11feb8e5f4f0734e3f071c746f27becb0b2f3a31949f63fd3796e7526b7d17a37d1ff0bf57d92c7e99cfd1fe72b8454de370c72e1e239396393738f2e49f49935ba77ab6ea3dced5fa86cd53e916fba5fae15b49370733c4864a87bd8ee2e447265ae45c2a22a7bd10f8752688d69a37d1ff000bf485eac7e99cfd1fe72b7cb4de370c72e1e235396393738f2e49f49e297ed92d93a1b3dcbaf4abf3ae6b194925b9be186febfe9197d7b2bac4651c60000ba91e589e83fdbd45f08acfb868f99c1d07fb7a8be1159f70d1f39fbca67b6d7b91fab2cfa47abf8b00035f128000000000000000000000000aa889955ec701bb7be3b7bb316b4aed6376c55cec73a8edd4edf12aaa953f82df26b73db9b951beece7b19edbcfd4f6e46eedde77b6eb5b61b13e25a6659e82b656c3244aaab99f0a8933d738555444c226113be6dbb3bb1d7fb42f9c8ae452fc6d6e7dcba7e9da60dd5fd2b5dcf7bea2d76eb75d9b79a2aadd68d0b6e76b0ad8deac9a78aa3d1e8e3ecbddb2f172cab9c766a7154ce1fee29e6ebf50fba1bbf5b33b51dfe5a6b5c8a9e1da285ee8a8e36a27bd99cc8befcbd5cb955c6130891a037768bb21a568789d1a7caa8bef4b7bf0e85e0915eb8bead71ba4f0ba900016730c000000000000000000000007d968bc5dac17282f162b9d55babe95dce0a9a599d14b1bb18cb5cd5454ecaa9dbe93e307e4a2a69c64b2984f1bd16a36cbafad71a5ad6969d7fa7dbab15af4f0eb92a9b4950c8fb22a391b1b9b22a6328abc5573dd57ccb9fb6dbbbb7fbb56af9d343ea182b7835167a577a9534eabee9225f59bdfb67f457dcaa6441e858750dfb4b5ce2bd69abd575aabe14548eaa8aa1f0cad454c2a239aa8b85455454f7a140d77c9e69ba945d4b35ccd4e3bbd17df1e8fedc77324edb54ab47754f397cfe3fa9b300a83d3ef5bf63aeb4269edefbba50dd2072329eecda472c354c5c2224a91a2f091172aaee28c54f3c2a77b7a8a8e4473551517ba2a1a4b58d12f743aee85e431d4feecbb62fa7eaba4b0d0b8a7711e5537fe87f400451ee00000000000000000000000000000000000000000000000000000000000000000000000067475f5edce0f80d27da4c56e2c8f5f5edce0f80d27da4c56e3a8764fd876bee229d7beb13ef00162fa16a1d3151bb777b96aca3b5cb4965d3951756545c638dd1d1490d4d32a54a3a4ed1b989c97c4ecad4cf7424755bf5a5d954bc71e5721670ba7b0f2a34b9ea8a9e719383da1fdd19fe0df899fc35f42f9d19ff9afc7f9bbd33f37fe3fff0057f2f0b9f8beaf0c72f54ba9b43fbb5bfc1bf191f815e85f3a33d37e74c7ce3e87f9bf13c0f41ff07f2e7c3c4f5b9e797abc4ea357f563b05a37c58aab70a8ae752da575547059daeaef1b1cb11b65891616c8aadc235ef6e32d55c22a290aeaff009456cb178b0681db9adaae74aef0aaaf154ca7f0aa5792272822f13c48d3d455c4ac5765c9eae11cba96fae35ada9cf31a64229fde947cef09cb93f244dd38dbd9fa559bec4f77c164b8e642ef0d0d15b376f5bdb6db4705252526a3b9414f4f04691c70c6da9911ac635308d6a222222276444256d49d75efedf3d1fe6cb8d974f781cf9fcdb6d6bfc7ce31cfd2566c71c2e38f1fd25ce7b6202aeaeadb9d6d45cae5593d5d5d5caf9ea2a27916492691caaae7bdcb9573955555557baaa964d86d94bfd9ea956b5e4a3e7a4924db7b9be3b92eec37c7a0c4d46f69dd28c69e771f8000d8c451627a0ff6f517c22b3ee1a3e670741fedea2f84567dc347ce7ef299edb5ee47eacb3e91eafe2c000d7c4a000000000000000000020fea2faa3b0ec43a96c70599f7ad455f07a4c749e2ac31410aab9ad9647f15ce5cd5446226578ae55bd955d50750f68d9cd255768b35de1fc35b853b56db4be12c9e0b1cfe2e9dff00bd6a35a8f56a3bf49c89d9511d8cd5bddfaf7a96e735eb515e2b6e95f518f16aab2774d2bf0984cb9caaab844444fa110d91b15b15fc5f17d7ebf92b8477a73edceef37b5717b889d4350e63f974bd2fa7fa9fbea8d55a875a5f2ab526aabbd45cae558fe73544eecb97e8444f26b513b235111113b22221e5006f884234a2a10584b724b822b6db6f2c000fa3f00000000000000000000000000000000000001673a67eafeebb70fa5d11b8b3cf72d2caad8a9ead555f3db13c931e6b2449fc0f36a7e8e71c56b1823755d26d359b676b791cc5fc53eb4fa1ff00e1ee3d68d79dbcf9707bcda8001c9e5d8000000000000000000000000000000000000000000000000000000000000000000000000ce8ebebdb9c1f01a4fb498adc591ebebdb9c1f01a4fb498adc750ec9fb0ed7dc453af7d627de0fde8686b6e75b4f6db6d1cf5757572b20a7a7823592496472a2358c6a655ce55544444eeaaa7e059fe8236dadbabb71eebacaf56fa2ada6d274b0be9a39d5caf8abe67aac333598e2ee0c866eee5f55ce8dcd4ca239b9dacea70d1ec2adf5459505c3adbdc978b68f3b7a2ebd454d749d0ed5fc9f978bb51535df76b514f6373a59525b35b9b14b5091a22a31cb53c9f1b1caef5b8a3244e184e48e72a3242aef93cb6924a2a88edbabf574156e89e94f2cf3d34b1c726178b9ec6c2c57b5170aad4735553b724f33c5ea53ad0d41a1b595c36ef6be92d6f96db13e9ae176a944a858ea9cd4ed4ed6bf823a1555477888efce239aac4462f383acdd6df5116bb9435d5dab28aef045cb95156daa99b0cb96aa27258191c9d9551c9c5e9dd13394ca2eb6a36db6bacd35a842bc69a92cc639c6ee2b09465fe679eb64b4a7a7d07cd38b78e2ff6fe87c5bebd2aebfd93f16f3ff9fb4b47e0b7e79a78923f0a49329c2687939d17ae9847e558bce34e48e7704854d3ed99dcdd27d556d357d0eadb0513a74c5baff695911d1abd5a8e64f1223bc4646e54e51b970e63e37235ce58f9ae6aea9d3d5ba4753ddf4a5ca5825abb2d7d45baa1f0395637490c8e8dcac57222ab555ab8ca22e3dc85a764b5dbcd41d6d3f548e2e28b49e37653e9ddbb3d78c2c35830af6da9d2e4d5a3e8c8f2c005ccc02c4f41fedea2f84567dc347cce0e83fdbd45f08acfb868f9cfde533db6bdc8fd5967d23d5fc58001af894000000000000001c66ef6e8d8b67f42d7eb5beaf34813c2a4a64761f5552e45f0e26febc2aaafb9a8e5f71d92aa3515ce54444eeaabee333babede7a1ddadc94874c5d6a2a74e5929d9494df9c7a413ce8e73a5a86c6b84455e48ce58cab636af92a169d91d9f7b43a82a53cf351df37d9d59e872e1f17d0615f5d7d969729717c08975c6b1bd6e0eadbaeb3d4332495f76a97d4ca8d572b23455f563672555463130d6a2aae1ad44c9e18074b52a70a3054e9ac452c25d491526dc9e58001f67e0000000000000000000000000000000000000000000001b500038f4bd80000000000000000000000000000000000000000000000000000000000000000000000019d1d7d7b7383e0349f69315b8b23d7d7b7383e0349f69315b8ea1d93f61dafb88a75efac4fbc171be4e4bd5b60bd6b9d3d2d4f1b856d2d056c10f072f38607ccc95dcb1c530ea88530ab95e5d9170b8a7275db53b977fda4d736dd6ba7ea2747524ad6d5d3472a46dada55722cb4ef556b938bd131956af17235c89c9ad54f5da5d327ace955aca9bf3a4963bd3524bc5ac1f3695950ad1a8f823b5eabf6d2ffb7bbcda82b2e54f3bedba96bea2f16dad5891b1ced99fe2491b551cef5a27c8ac545547611afe288f6e61c35636e77e367b7caca9436cbb512cf74f48a29b4f5e1d0b2b2562315646ad3ab9c92c6e8f2e556f26f1e48aa8ad7353a1a3dbada4d132bb55d0685d216096d914b3bae50db29a95d4b1a31c923d6546a706f057725ca27155cf6c9af6dbca1d7d26846c750b4973d04a3c71cac6e4f0d6ece3a32ba57512b3d2e35e4ea529ae4b208e8176d2ff00a47435ef5adfa9e7a36ead9695d414d3448d73a9606c8aca845e59e322cef46a2b53d58d1c8ae6bdaa525dd2bcdb751ee76afd4366a9f48b7dd2fd70ada49b8399e2432543dec7717223932d722e151153de885cdea77ac3d3169b05cf406d45fa7adbfd6450b1d7cb64f1ba968e37af29122991555f2f0446e58888cf1729223e3569428b06c75adf5d5d5ceb97f0e44ab61463fd296e6fc3093dd9c378de8c5bf9d384216f49e793c5f680017e230b13d07fb7a8be1159f70d1f3383a0ff006f517c22b3ee1a3e73f794cf6daf723f5659f48f57f160006be2500000000000000212eb0771976f764eeaca1af5a6badfd5b69a256fe96245ccca9ef4c4292272f739cdfa8cc4277eb37727f0fb7a6e16da495eeb769545b342d5454459a372fa43b0beff00139333ef48daa4107486c2e8dfc2349839fa753cf7d994b0bc17cdb2a7a8d7e7ebbc705b8000b9180000000000000000000003a8d37b5db93ac62654696d057fbac122e1b3d2dbe5921f3c7f8c46f14eff004a9e756b53a11e5d5928aeb6f0be67ec62e4f115939704a6de96fa80733c44daebbe3ebf0d17fa3964f22edb0dbd3648df35cb6b753b2289155f232db2cac6a279aab988a889f5e4c386afa7d47c9857837d928fea7a3a155718bf8338307e9514d514933e9aae09219635c3e391aad7357e8545ee87e648279de8f200000000000000000036a00071e97b00000000000000000000000000000000000000000000000000000000000000000000000033a3afaf6e707c0693ed262b71647afaf6e707c0693ed262b71d43b27ec3b5f7114ebdf589f783bcd9bd9bd4fbdfa9eab49e93afb5d255d2503ee2f7dc659238d636c91c6a88b1b1ebcb32b7b631845eff004f0649fd3d6f67e21b5a56eaff00c19f9f3d32d725b7d1fd37d1b8f3962939f2f0df9c7858c63f7d9cf6ef23aacaf236551d82cd5c79a9e38f8b4be2cf2a2a9ba8b9df47a4943f27aef47f19f457f5dabfeec3f27aef47f19f457f5dabfeec76bf9483fc8d7fbc5ff4a4d5b43bd7bb3bb1e8d73fc43fe0f69f9f849f3a5cefee678b12f86ee5043e8bce6cc727363b0d89dc553c4453575f6b5b69a6d275eee10847adba7f2f3f7bec5bc98a76fa7d697260db7e3fa1583f27aef47f19f457f5dabfeec574d53a7ab748ea7bbe93b94b0495765afa8b7543e072ba37490c8e8dcac5544556aab570aa88b8f721ad9afb73f406d7db5b76d7baa68acf0cb9f0592b95d34f8735aef0a1622c92715919cb83578a2e5709dcca0dc5d4345abb70753eacb6c53c7497abcd6dc69d93b51b23639a77c8d47a22aa23911c9944554cfbd49dd86d7f57d7655677d1fe5a4b92d4709bcef59e9edea31f51b6a16c92a7c7bce78006c4228b13d07fb7a8be1159f70d1f3383a0ff006f517c22b3ee1a3e73f794cf6daf723f5659f48f57f160006be2500000000001e6ea6bf51e96d3974d4d715c52da68a6ad9bbe3d4898af5ff521e915fbae3d5a9a6f622b2d71b9c93ea2aea7b6b15be68d472ccf5fd4ad855abfe7923a458bd4afe8da2fbf249f7677bf05967957a9ccd394fa919d3a92fd5daa7515d353dd387a65deb67afa8f0d30df165915eec27b932e53ce00eaf84234e2a115848a536dbcb0003e8fc00000000000000160ba7ae913536f153d2eadd415ab65d25248bc6767175556a35ead7a42d5ca3132d7379bd308be4d7773aae8bfa715d65748b7575bdaa9ea34dd1ac8db6d34ee5cd55631edc48ace3c5f0b7f389dd7bbda89854452fe791ab36cf6ee7a754969da6e39c5e94f8f27b12ebeb6f870c6784cd869aaaa556b70e85d644bb69d2d6cd6d7a78d6ad32dbad7e51c95f7946554edc671c32d4647e7e6c6b557deab842594446a235a8888898444f71fd069abcbeb9d42a3ab7551ce5d6de49ea74e1497260b08000c53d0e7b57edee86d7d4a947acf49daef11b51518b574cd7be3cf9f07e39317eb6aa15c370be4fdd0771b7dc2b76e2fb73b55d647acb494b5d50d9681899ef1f68fc544c76472b9ea9efc96c0131a66bfa9690d7d92b38aeace63f07b8c7ad6d4abfa71c98fdb81b6badb6baf8ed3fae2c3516daaeee89ce4e514ec45fd38e44f55edfd4bdbc970bd8e60d8ad6da1b4b6e2e9da9d2dac2d10dc6df549dd9227acc77b9ec727763d33d9c985334ba80e9cf566c6de167aa636b74dd7d4cacb6dc227abf0c472ab229fd56f19b8222aa22715efc5570b8dddb29b6f435eff0076b94a15bab3ba5eee77e7b37f7be8af5ee9d2b6f3e1be3f4ef2220017c234000000fde8686b6e7590dbedb473d5d5543d2386082357c923d7b235ad4eeaabf421727653a0bb853dde1beef4cf432d03216c91d9e86a9ee7ba6554f56a1e8d4446a267291b972aa9eb2222a2c3eb3af58e854b9dbc9e1bce17de963a97ed769ef42daa5ccb14d17600072a97400000000000000000000000000000000000000000000000000000000000000000000000033a3afaf6e707c0693ed262b71647afaf6e707c0693ed262b71d43b27ec3b5f7114ebdf589f783b5da3da3d59bd3ab1747e8f5a28ea63a592b679eb6658e182162b5aae72b51ce5cbdec6a235ae5cbd15511115538a277e8df733446d56e75cf50ebebdfcd76fa8b0cd451cde8d34fca675453bd1bc62639c9eac6f5caa63b79f743375ab8bab5d3ead6b28f2aaa5e6ac3797dcb7b3cede309d58c6a3c2e92d9ed07497b67b2314dab2f3e3eadbdd245e3a55d45bbc56d32c4f591afa4a4623de92e1b1e15164915ccf538f256af3dbbdd496f47f84d8f66761f5afefe2f9f2e7a72aff00fac6f3829f87ff0087231f2afd2d74276bfbb33a6cfe523fd8f5ff00b01fbb33a6cfe523fd8f5ffb0345421acd7bb77baa58d4b89f472a33515fdaa297870ec2c8ddbc61cdd1a8a2bb1acfd4a21abf437529afaf52ea1d67a0b70af170979278d5565ac7786c57b9fe1c6df0f8c71a39ee5463111adcae1108deba86b6d95b516db951cf4957492be0a8a79e358e48646aaa398f6ae15ae45454545ee8a869bfeecce9b3f948ff0063d7fec0ce9dd3bd5b751ee76afd4366a9f48b7dd2fd70ada49b8399e2432543dec7717223932d722e151153de886d6d96d6751d4673a17966e84229727cd945772ca4be0425e50a5492953a9ca6fb51cb800b9980589e83fdbd45f08acfb868f99c1d07fb7a8be1159f70d1f39fbca67b6d7b91fab2cfa47abf8b00035f1280000000000a67f28ed7544741a0adad7fe6279ae53bdbf4be36d3b5abfd123ffa4b98525f947aa58eabd014688bca28ee722afd4e5a644ff814b86c0c795b436f9feaff00e123035378b59787d514c400749153000000000000001efedf69b87596bcd37a46a6696186f776a4b7cb2c488af8d92ccd639c99ed94472af7fa0f00b05d0c69c8efbbf9475f235ae6d8adb5771c3be9546c09fce8b3a2ff00311bacdeff000ed3ebdd74c22daefc6ef99ed6f4f9dab1875b34534de9eb5693b05bf4cd8e95b4f6fb5d3474b4f1a7ef58c4c267e955c6557deaaaa7a401ca339caa49ce6f2def65d1249610001f27e800000000039adc7dbfd3fba3a32e3a1b53a547cdf726b1247d3bd192c6e63daf63d8e545445473517ba2a2f92a2a2aa1d283d28d6a96f5235693c4a2d34d7435bd33e651524e2f83324379f6a2f5b33afab745de1fe3318895143548984aaa572aa32444f72faae6aa7b9cd7277c657863503aa1d838b7c345b19684a7875359dcb35b679578b646ae3c481ee445c35c888a8bee735be48aa66cd8f45eaad4baa62d1364b155555f669df4cda16b312248ccf34722e38f146b95cab84446aaae110e90d93da6a5ae69fced6925529af3fa3fbbb9adfd8f2ba0aa5ed9cadaaf262b73e1fa1e29286c7f4fbad77baf91d35aa966a1b1c6f54aebccb0aac10222678b72a9e23d7b2235ab94ca2ae13b966763fa10a0b25437506f3cf4975a88ded7d35a28e573a99138a2e677ab5aaf723b29c1bea7abddcf45c25be6b5ac6a35ad446a2611113b22159da3f29146db956da4ae5cb1e9fdd4fb17def1c2ef332d34994fcfafb9757ef8116eccf4dfb6fb251cd3e9da59ee175a85f5ee971f0e4a96355a88b1c6ad6b52366515708995cf755c2625300d35797b71a85675eea6e537d2c9ea74e34a3c982c2000318fb00000000000000000000000000000000000000000000000000000000000000000000000033a3afaf6e707c0693ed262b71647afaf6e707c0693ed262b71d43b27ec3b5f7114ebdf589f78263e97f682c1bdbabb50e8cbf54cf48e4d393d5d0564395752d536a69dac915994491b87bdae62f9b5cb856bb8b9b0e124f4f9bbf36c96e6516b17d34f556d9229286e94d070f126a5930abc15e9fa4d7b63911115bc963e2ae6a3954cdd6a177534faaac5e2ae331ef5bfe7c37eeebdc79dbb82ab1e73d1e939edc8db7d59b51ab2af46eb2b7fa356d37af1c8c55743550aaaa32685ea89ce376170b84545456b91ae6b9a9cb9aa5b8bb75b67d52ed9d1d453dca0a982a6275558afb4ace525248bd9570b8556aab78cb0bb8ae5b85e0f635ccaa5b1bd14ea7d41ae6e2bbad433dbf4d69daf929646b52489d7a923763102b91af4a67261cb36115cd546b3d6573a3aae91b79675ec6a55d47f975696e9c7a5be1e6a7d2deec718be3bb799b5f4da91a8a34b7c65c1fea78bd2c74b15bbbd5b16b4d6904f49a2a925546b5156392ef23570b146a9856c48a8a8f913be5158c5e5c9d1c45bc343456cddbd6f6db6d1c1494949a8ee5053d3c11a471c31b6a6446b18d4c235a88888889d9110d10ea03a80d27d3b693a6b359a8a8a7d413d2a4565b2c4d46434f0b53836595acc7870338f16b530af56f16e111ef66675f2f372d477ab86a1bcd4fa45c2e9552d6d5cdc1acf12691eaf7bb8b511a9973957088889ee43ef64b50d4f5db9adaa5d479141ae4d38f73defb7b65d2f72dcb0bf2f6951b68468c1e65c5bfdfd0f88005ec8d2c4f41fedea2f84567dc347cce0e83fdbd45f08acfb868f9cfde533db6bdc8fd5967d23d5fc58001af8940000000000518f94615df84da2d17f47d06af1fafc4667ff008179ca47f28ed2f0b8682adca7e761b9458ff35d4ebf7cb9f93e696d0505d6a7ff00c2447ea9eab2f0fa94cc00747954000000000000001687e4f5998cde2bdc2ec23a4d373ab7f9aaa9bb7faffd455e265e90b5741a437f74d4b56e7369eed23ed0fe3e7ca76f1893ff007be1ff003103b516f2bad1ae69438f21bf86ff00c8c9b39285c41beb350c0072d972000000000000000000072da636bf40e8dbdde352e9bd314b4976bf554b5970adcba49a69647abdfebbd555ad572aaf06e1b9f71d483d215aad38ca10934a5c527b9f7f59f2e29b4dae0000799f400000000000000000000000000000000000000000000000000000000000000000000000000000000067475f5edce0f80d27da4c56e2c8f5f5edce0f80d27da4c56e3a8764fd876bee229d7beb13ef0779b37b37a9f7bf53d5693d275f6ba4aba4a07dc5efb8cb2471ac6d9238d5116363d796656f6c6308bdfe9e0c93fa7adecfc436b4add5ff00833f3e7a65ae4b6fa3fa6fa371e72c5273e5e1bf38f0b18c7efb39edde475595e46caa3b059ab8f353c71f1697c59e5455375173be8f496cfa71d82ea1f626feb0cda9748dc74a5c65475ced8dafaae4c76113d220cd3e1b2a22222a2aa3646a235ca8a8c7b2c96a77ea76582b974653dae6bdac4a942dba4d2454a922ae11d2ac6d73d5ad4cbb8b532ec71e4dcf24a7ff009483fc8d7fbc5ff4a3f2907f91aff78bfe94d27a9ecc6d46ad74af2e6d63cbdd9c4a9a52c75e27bfab3c705868de59d0873709bc78fe873da9fa1cea1f59dfebb54ea9d77a46e375b8cab354d4cd5d55c9eec61111129911ad44446b5a888d6b51111111110ac1aa74f56e91d4f77d277296092aecb5f516ea87c0e5746e92191d1b958aa88aad556ae1551171ee42e07e520ff235fef17fd295175bea4fc32d697fd5fe85e87f3e5d2aae5e8fe2789e0f8d2ba4e1cb09cb1cb19c26719c21b2b65e5b43cb953d6294614d25c9e4f27e1e6b7bb0445e2b5c2741b6fa78fe678a002e4601627a0ff6f517c22b3ee1a3e670741fedea2f84567dc347ce7ef299edb5ee47eacb3e91eafe2c000d7c4a00000000002967ca40d72b76f1dc5708b76455c76cff00827ffd2974cab3f283e9b92e3b5d65d490b5156cd774649f4a47346e6aaffedb234fe72d7b0f5a343682da52eb6bfc51925f36616a3172b59a5fbde67e800e972a2000000000000003d0d3d7cb8698bfdb752da246c75d69ac86ba95ee6a391b2c4f47b15517b2a726a7653cf07e4e319c5c64b299fa9e1e51af9b5db91a7f75b455bb5969eab8648eae26fa4c0c911cfa4a8e28af86444f273557dfe68a8a9d9514eb0cc1e9737f61d8bd6159537e8ae157a76ed4de0d5d3522b55cc99aa8b1ce8c72a2395a9c9aa994ecf55eea888695e99d4d62d6560a2d4fa66e50d7db2e3178b4f5112faaf6e55153e94545454545ee8a8a8b85439a76b7666aecf5db514dd197a32ffeadf5af9ade5b2caee3750dfe92e2bf33d300154338000000000000000000000000000000000000000000000000000000000000000000000000000000000000000000000000000000033a3afaf6e707c0693ed262b71647afaf6e707c0693ed262b71d43b27ec3b5f7114ebdf589f7800ea36f36cf5beeadea6d3da06c9f3a5c29e95d5b243e930c1c616bd8c577295ed6afad231308b9efe5d949dad5a95bd3756b49462b8b6f0977b663462e6f93159672e0f6b59e8cd4bb7da96b3486afb6fa05de83c3f48a7f1a3978738db237d68dce6ae58f6af655f3c799e29fb4ea42b4154a6d38b594d6f4d3e0d3e94c34e2f0f88001f67e00000589e83fdbd45f08acfb868f99c1d07fb7a8be1159f70d1f39fbca67b6d7b91fab2cfa47abf8b00035f12800000000008fba80d16baff0066f566998a95d51532dba4a8a48d88aae754c3f9d89adc77cabd8d4faf3824107bdadc4ecebc2e29fa5069aef4f27c4e0aa45c5f0662b83b2de6d3c9a537675869e8e9169a1a3bd56369e25f753acae745fccb1ab153f59c69d6d6f5a3734615a1c24935e2b25265170938be80003d4f90000000000000012cecc752bb93b3551476fb5dd9f5ba6a3aa49aaacf3b5ae8e462afe71237b915d0b95155515aa89cb0ae47774589818b79636fa8d176f7505383e86b3e3d8fa9ade8fba75274a5ca83c3359b6af7eb6cf77e8629b49ea1812e0f62ba5b5553db156c584f5b31e72e44fe133937eb24231768eb2aedf5515750554d4d5303d248a685eac7c6e4f2735c9dd153e942d3ed4f5f1aaf4b5ae92c1b8ba79da9a28646c6b748eabc2ac48797acaf6ab55b33d117b7766709c9d95571a6f5ef269716f9aba4be5c7f0bc292ee6f09fc9f793d6dabc65e6d7ddda5fb0717b67bc3b7bbbb6d92e3a1750455ab02356a695ed58ea2995d9c2491bbba792a22a65ab85c2a9da1ac6e2deb5ad4746bc5c64b8a6b0d783262328cd72a2f28000f13e8000000000000000000000000000000000000000000000000000000000000000000000000000000000000000000000033a3afaf6e707c0693ed262b71647afaf6e707c0693ed262b71d43b27ec3b5f7114ebdf589f782cffc9ebeda2f5fe8bd4ffcdd21580b3ff27afb68bd7fa2f53ff37487c6d87b0ae7ddfcd1fb61eb30ef3e2eacb6b373b51f503aaaf3a7b6e7545d2df51e83e0d5d15a2a27864e345035dc5ec62b570e6aa2e17b2a2a7b888bf123bd1fc90eb5fec0abfd99a49acfa99d91dbed4b59a4357eb6f40bbd0787e914ff0036d5cbc39c6d91beb47139ab963dabd957cf1e6789fbb33a6cfe523fd8f5ff00b0281a66d6ebf6d65468d1d3e52846114a5c99ef49249ee58deb7ee24eb595b4ea4a52aa936df4a33dbf123bd1fc90eb5fec0abfd99c8d750d6db2b6a2db72a39e92ae9257c1514f3c6b1c90c8d554731ed5c2b5c8a8a8a8bdd150d37fdd99d367f291fec7affd819d3ba77ab6ea3dced5fa86cd53e916fba5fae15b49370733c4864a87bd8ee2e447265ae45c2a22a7bd10b9ecd6bbaa6ad5670d42d1d15149a6d4965e7879c911f776d468453a53e57c0e5c005c0c12c4f41fedea2f84567dc347cce0e83fdbd45f08acfb868f9cfde533db6bdc8fd5967d23d5fc58001af89400000000000000a43f2816d5be1b85a776ecf6d5f0aa19f375e648a3ecd91b8f0259153f84d558f92ff0236fbd0a6a6baef1eddb37636d2f9b7efb82d0add618d23a8e1c9239639592b1553dede51b517ea55325ef766b9e9cbc56d82f348fa6afb754494b530bfce3918e56b93fa50dff00e4e35957fa67d8ea4bcfa4f1dbc87e8bf0795d892eb2b1aad0e6eb738b84bea7c40036191600000000000000000000001f6da2f579d3f5f1dd6c176adb6d6c3de3a9a39df0cacfd4f62a2a7f3293fed475bdba7a225a6b6eb19d35659d8e6b645ab5ff000e8e3cf7564fe6f7632bf9ce4abf4a15cc11da8e9163ab53e6ef2929aed5bd773e2bc19eb4abd4a0f34de0d52d01d506c9ee1d136a2835b505aaab9318ea1bc4cca3a847bbc9ad47bb8c8bdbff0046e72276cf9a12ab5cd7b51ec7239ae4ca2a2e5150c58262da2eaa775b69a4a5a182f125eac34e891fcd3707abe36c689846c522a2be244f723578fd2d53576b1e4bdc62ea697532ff000cbe8a4bf35dec99a1ac6fc565e2bf43518158b6cbaf4db9d5d5b25bb5cda25d1d239cd4a79a4a95aca7933e7ce46c6d58d7cbcdbc7e972165a82be86e94505cad959055d25546d9a09e0911f1cb1b932d735c9d9c8a8a8a8a86b2d4f46bfd1ea7377d49c1f6ef4fb9aca7e0c97a3714ebacd3793f7001187b0000000000000000000000000000000000000000000000000000000000000000000000000000000000000067475f5edce0f80d27da4c56e2c8f5f5edce0f80d27da4c56e3a8764fd876bee229d7beb13ef058be85b54e98d23bb777b96acd476bb2d249a72a206545c6b23a68dd22d4d32a311d22a22b951ae5c79e1abf415d093fa7ad09b63b83ad2b6cbbafacbf06ad10dae4aa86afe71a7a3e75292c4d6c7ce76b9ab963e45e2899f573e48a646d0d1a571a5d6a75db5071dfc9597e0ba4f9b594a35a2e3c7b4fbbab2be59751f503aaaf3a7aef4574b7d47a0f83574550c9e1938d140d7717b155ab87355170bd95153dc4445d4fdcc7d17ff00f484ff007b2d3fb229598bb35a8dadd5a46d6d54f146308e65171ceec27bfbb7f51f7774a709b9cf1e736f73c80016331000002c4f41fedea2f84567dc347cce0e83fdbd45f08acfb868f9cfde533db6bdc8fd5967d23d5fc58001af89400000000000000149baf1d91bbcf738378f4cda617d04746da6be253c6d6c8c91af54654bf1de4e4d7b58aec2ab5236e7b795d93f0afa1a2ba50d45b6e34b154d255c4f8278656a399246e454735c8be68a8aa8a84ce81ad55d02fa17949671b9aeb8be2bf35db831ee6de3734dd3662f025aea4362ee9b23ae66a28e27cba76e72495167aac2aa7859cf80e55ffd2479445fa530eedcb09129d3f637b4351b785d5bcb3092ca7fbe95c1ae8653ea539529384f8a000328f8000000000000000000000000000075ba2f76772b6f2585fa335bdded7143278c94b15539699cef7abe076637f9fef9aa7240f2ad4295cc1d3ad1528be86935f067d465283cc5e1979f67bafab256d3b2d3bcd44b6eab4761b75b7d339f4ef6e13bc91355cf6bbcfbb11c8bf434b45a2f5f68ddc4b432fba2b51d15de8de88aafa77fad1aaa651b23170f8ddff85c88bf518ec7b9a335beaadbdbfd3ea7d1d7a9ed971a6cf0963c2a391530ad735c8ad7b57e8722a1ae75af26b6379caaba7c9d29be8e30f8715e0da5d44adbead529e2355657ccd8c0532db2f941e9a6752dab75f4afa3aafa92ddad6e57333db0e753af744f35556bd7ea6fb8b8166bdd9f51db20bcd82e94b71a0aa6f386a69666cb1c89f539aaa8a6a1d5f67f50d0a6a37b4f929f07c53ee6be8f0fb09ca1754ae5669b3ed0010c640000000000000000000000000000000000000000000000000000000000000000000000000000067475f5edce0f80d27da4c56e2c8f5f5edce0f80d27da4c56e3a8764fd876bee229d7beb13ef07a9a7b4b6a7d5d5afb6e93d3974bd55c712cefa7b751c9532363454457ab6345546a2b9a99f2cb93e93cb277e8df733446d56e75cf50ebebdfcd76fa8b0cd451cde8d34fca675453bd1bc62639c9eac6f5caa63b79f7424755baaf656552e2da9f2e71595159797d5bb79e54611a951466f09f491efe2477a3f921d6bfd8157fb31f891de8fe4875aff6055feccd09fdd99d367f291fec7aff00d81ed690ea5f6635f5ea2d3da3353d6de2e12f15f0696c5707786c57b59e248ef038c71a39ed457bd51adca6550d6f536df6868c1d4a9a74925c5b8cd25e3825969d6b2785557c519b9f891de8fe4875aff6055fecce46ba86b6d95b516db951cf4957492be0a8a79e358e48646aaa398f6ae15ae45454545ee8a86d0990bbc35d4573ddbd6f72b6d641574957a8ee53d3d44122491cd1baa6456bd8e4ca39aa8a8a8a9d95149bd8fdafafb4b5aad3ab4945412794dbe2fb4c6beb18da4538bce4e44005f48d2c4f41fedea2f84567dc347cce0e83fdbd45f08acfb868f9cfde533db6bdc8fd5967d23d5fc58001af894000000000000000000393dd1db4d37bb5a32bb45ea78334f5488e8676b5165a599bdd92c6abe4e45fe9457357b3950cbaddeda0d5db2faadfa5f55d3b3f3ac59e8aae2723a2aba7e6e6a48dc2aab572d5cb1d87276ca6151575c4e3775369345ef1e9b7699d6742f9226bbc4a6aa81c8ca9a593f8713d51511553b2a2a2a2fbd17b175d90daeabb3b5799ade75093deba53fc4bf35d3de47df58aba8f2a3ba48c890489bd1b1bad364750ada7525378f4150e72dbee70b57c0ab627d1fc17a27e9317ba7d68a8ab1d9d0b6b7546f68c6e2de4a5096f4d7eff00f055a70953938c961a000320f9000000000000000000000000000000001d5683dd3dc1db2af657e88d5770b6719525929e399569a772263f3b0afa9276554f59171eec2e14e541e55a852b983a55a2a517c53594fc19f519383cc5e19a17b35d71e81d57698e8b74eae9f4c5f9b2b6147b6295f47528a898911e88ef07be728f5c2611792e5512ce22a3911cd54545ee8a9ef31609d7643abadc4da36d3d8ae0ff00c22d351b9adf41ab7af8b4d1fbd29e5f367f9ae4737b7646e726a8da3f26d09a771a3bc3e2e0deefed7d1dcde3b57026ad3566bcdaff001fd4d33001a649f00000000000000000000000000000000000000000000000000000000000000000000000033a3afaf6e707c0693ed262b71647afaf6e707c0693ed262b71d43b27ec3b5f7114ebdf589f783edb358ef5a8ee50d9b4f5a2b6e970a8e5e0d25153be79a4e2d573b8b188ae5c35aaab84ec88abee3e22cffc9ebeda2f5fe8bd4ffcdd219bad6a0f4ad3eadec63ca7059c703cede973d5634dbe274fb27d055ceaaa1b7cdf097d0a959c5f0d9282adae9a473655e49512b115ad8d58df289cae54933ce356e165dd5fd4074f5d345965d15a32868aaae149c99f33589ad5c54318e8f35751ddad93940d648ae57ce996b958ef327eaea1a2b9d1545b6e547055d255c4f82a29e78d248e58dc8a8e63daeca39aa8aa8a8bd9514e47f123b2ff00c90e8afec0a4fd99a06b6d37f19b8e775c739c170a707c98fcdb7f9ff51668d9fd9e3c9b7c27d6f7b33a77b3a9cdc6deca8751dc6abe66d3ede4c8ecd4133db0cacf151ec5a8555fcfc8de31f75446a2b39358c557662235cff123b2ff00c90e8afec0a4fd99975bc343456cddbd6f6db6d1c1494949a8ee5053d3c11a471c31b6a6446b18d4c235a88888889d9110db1b1bb4561aa295969f6fcd469ace3774bc7c7b590b7f6b568e2a559729b3910017a234b13d07fb7a8be1159f70d1f3383a0ff6f517c22b3ee1a3e73f794cf6daf723f5659f48f57f160006be25000000000000000000000003c8d57a474d6b8b1d469bd5b65a5ba5b6a93124150ce499f739abe6d7267b39151517ba2a19fdbf5d1aeb5dbfba55de76eed75da834ab21f4973dab1baa68fd65458dd1a2f3951130bcdadf255ca261557460162d9fda7bed9da8e56ef307c62f387dbd8fb7e39312eace9dd2c4b8f598ae0d0cde7e873436b6f4bbfeddccdd337c957c44a644ff00c9d33bbe731a272895571dd8bc531fa0b9c944f5de82d55b6da96ab49eb1b53e86e34aa8ae6aaa398f62a65af6393b39aa9ef4fd4b854544dfda0ed469fb431ff76962696f8bdd25faaed5e382b3736756d5f9eb7759cf800b118a0000000000000000000000000000000000006d4000e3d2f600000000000000000000000000000000000000000000000000000000000000000000000067475f5edce0f80d27da4c56e2c8f5f5edce0f80d27da4c56e3a8764fd876bee229d7beb13ef001387485b3d45bb5ba71adfa19df64d37132eb56df454960a991b2b122a5955c8ac6b645e4e56aa2abd9148d444eee6ca6a37f4b4cb5a9795fd182cbfd3c5ee3c69539569aa71e2cf176afa63ddeddea2a6bd699b1414b64a996585b76b8d4361a7e51a2e551a9995ede49c393237379e515538bb8c855df27eef6d251545553de748d6cb0c4f9194d0574e924ce445546316481ac47397b272735b95eea89dcb4dbd9d57edceca5c9da6ab60adbdea0f4574fe8341c3853bd5a8b132a247393c2e7945f55af7237d656e1cce51159be51bb2cf72862d43b535b456f772f1a7a2bb32aa667aabc78c4f8a26bb2ec22e5edc22aaf7c61759c36836c7548fdb2c2d54693de93c65afee9272ef8a59e844bbb5b0a2f9ba93f3bf7d453fd77b7facb6cefefd2fae6c33daae4c8993a45239af6be37a7aaf63d8aac7b728a996aaa239ae6af76aa273c6a5dea936e7abbd949a9ecd76c515cb8be0a95818faab4d7c787235f1bb3c246e78bd11c9ca391dc5fc6447ae5dd750d6db2b6a2db72a39e92ae9257c1514f3c6b1c90c8d554731ed5c2b5c8a8a8a8bdd150b7ecb6d1cb5da75295cd3e6ebd2789c77fc56786f4d632dac71de8c1bcb456cd383cc5f067e0002d4611627a0ff006f517c22b3ee1a3e670741fedea2f84567dc347ce7ef299edb5ee47eacb3e91eafe2c000d7c4a00000000000000000000000000003e1be586cba9ad73d9350daa92e54154de13535544d9237a7d6d5edfcfee3ee07ec6528494a2f0d1f8d27b9945f79fa0abcdb64f9e365a796ed04b2a23ecf593c51cd03573eb3267b9ad7b53b261d8727d2eee556d57a4b52687bed4e99d5b67a8b65ce915125a79d132994ca2a2a651cd54ee8a8aa8bee53644e5b70b6c343ee8d9a4b26b5d3f4d5f1398e6c53398893d32aa7e9c5263931defedd97de8a9d8d99a1f94abcb3e4d1d4a3ce43f12dd3fd25f04fb488b9d269cf32a4f0faba0c8005d2dd0f93e594b6c4aeda1d4957595717f8cb7dea58d1664efde3998c6b51de49c5cdc2e55792630b5175668ed4fa12f73e9cd5f64a9b5dc69f1ce09db85c2a6515153b39abee545545fa4db5a46d169dae473675136b8c5ee92f07bf1dbc084af6b56d9ff317e878e0026cc700000000000000000000000000036a00071e97b00000000000000000000000000000000000000000000000000000000000000000000000033a3afaf6e707c0693ed262b71647afaf6e707c0693ed262b71d43b27ec3b5f7114ebdf589f782ea7c9bfe7b87ffe53ff00f2ca564add336efc5b2fba747a8ebe9e092d5718be69ba49273e54f4b2cb1b9d3b3822aab98b1b5dc78bb9351cd4c2b91c9f9b59a7d5d5346af6b41666d26975f264a58f1c6059558d1b88ce5c3f5dc7c5d48d1dfe877e35cc3a95f3baadd799e68d669d2577a2c8bce9511c8ab86a40e891adcfaadc37098c246c6ac6bad9fd94ea1edb4ba86ed4b457bff059a9282f76aaef5d8c572a2f096272b25e122395ad7a3dad773f57d6722c7b66e813632d77286babaaf545de08b972a2adb846d865cb551392c11472261551c9c5e9dd13394ca2d474bf28da65bd9428ddc250a908a8b496ecc56376fddc383c6387699d5b4aad2a8e5069a6723f273d1dfd9a635a57d4be75b24d5f490d1b567458d2a991bd6a15b1e7d577092972ec272446a6578612a66f77b67d7dfe945d7fe6e4342777374f4074bfb5df31e9286cb4f74a2a58e1b169e59d51eff11ee4f19ec6e6458d15b2c8e91ca9e239ae6ac88f7a2998265ec6caaeaba8de6bae1c8a7539318a7d292e3f04b3d0db787b8f8bf51a34a9db672d71000362914589e83fdbd45f08acfb868f99c1d07fb7a8be1159f70d1f39fbca67b6d7b91fab2cfa47abf8b00035f1280000000000000000000000000000000000000f9ae56cb75e6df5169bbd0c15b45571ba1a8a79e34923958e4c2b5cd5eca8a9ee53e907ea6e2f2b89f9c4aa5bbbd05690d48ab74daab847a6abbd657d0d4ac92d1caab8c717655f0fbfc91e9e488d4c1573747a5fde0da764b5b7cd3c971b542ce6fba5a95d514cc4c6555feab5f1a2792abd8d4fa154d503fcc91b2563a2958d7b1e8ad735c994545f34542f3a47942d5f4de4d3acf9d82e8971c7bdc7e3923abe9742ae5c7cd7d9fa18b20d35dc6e8d365370ebdb756db2af4dd5faeb2bac6e8e08e755c615f1b98e665172b96a35572b955ed8a93bbbd196e96dc7a6de2c74ecd4d60a7e72fa451ffda218532b99615ef9444eeace49db3d8dada3edd691ab354f97cdcdf44b76fea4f83fabea216be9d5e86fc657610001e5d94172300000000000000000000da8001c7a5ec000000000000000000000000000000000000000000000000000000000000000000000000ce8ebebdb9c1f01a4fb498adc591ebebdb9c1f01a4fb498adc750ec9fb0ed7dc453af7d627de003b5d97dbcfc6aee8e9ed04faaf4782e954be93223f83db4d1b1d2cdc178b9124f0e37a332d54e5c7384ca93771714ed68cebd5788c536fb92cb31e1173928c78b3bbe9c6c1d4e5de65abd8eb9dd282d7495e91d5cf256323b6473cac4639f2432aac73b9b1f157718e47b51235c67866c5def6f3afb96cb5f17e38f4c5573a595be050b63a7a9972c5f52297d0e3f0e45f26bf9b38aaa2f26e3292bebadceda1e96f46d9acb59473d050a44f86d169b652ba59276c6e678aa8e72a33922cc8f73a5911cf5572e5ce55cc1d66f946ecb3dca18b50ed4d6d15bddcbc69e8aeccaa999eaaf1e313e289aecbb08b97b708aabdf185d3756ff0059da3ab2d474fd3e9ca927b9ce10726976c9a6de73e8f07bb7bde4f469dbda254aad569f6378f97e654cdd4d35b97a5b5954d0eed43746ea29a28a7966b8d57a5493c6ad46b1e93f2724ad446f0ca3951158adecad544e44d4bdd3dbdd01d50ed3475765aaa2b8493d2c959a6eeec7ab3c0a956e111cee2ae6c6af6a3268d5aaa9c572d4918d56e5a17fd92da25af5b4a33a7cdd5a588ce38c25c7185c52dcd61ef4d35da465edafd9a69a798be0c000b5984589e83fdbd45f08acfb868f99c1d07fb7a8be1159f70d1f39fbca67b6d7b91fab2cfa47abf8b00035f12800000000000000000000000000000000000000000000000001c36e8ecaedd6f0d04747ae2c2da9969dae6d35642f58aa69f3e7c1e9eeec9eab915bf514bf72fa0cdc9d30db9de343dc68751dae997c4a6a4473d9727c6aefd1e1c3c37b9a8bdd51e8aec2e1b95469a120b2e89b59a9e85e65bcf30fc32debc3ab3d98312e2ca8dcef9adfd68c5eaea1aeb6564d6fb951cf49554ef58e68278d639237279b5cd5c2a2fd4a7e06b3ee7ec26d66efac751adb4d36a2ba089f1415d4f33e0a88d1d8fdf31511f8c22a23d1c89df09dd739f9bf7d326b7d94afa8b92d33ee7a55f3ab692e917ade1b55d8632a11113c37f744ce38b97c973d93746ceedc586bd25425fcbabf85b586ff00a5f4f7349f567895fbad3aadb79cb7c7f7c486c005d48f00000000036a00071e97b00000000000000000000000000000000000000000000000000000000000000000000000033a3afaf6e707c0693ed262b71647afaf6e707c0693ed262b71d43b27ec3b5f7114ebdf589f782cc7c9fb434557bdb709eaa8e09a5a2d39553d33e48d1ce86459e9e357b157f45dc247b729df8bdc9e4aa5672cff00c9ebeda2f5fe8bd4ff00cdd21f1b5edad0aeb1f859fb63eb30ef397eb6ef372ba75117da1aea9f160b452d0d15137835be142ea664eadca222bbf393caecae57d6c6708889041b017adacdb1d47729af3a876e74bdd2e151c7c6abadb453cf349c5a8d6f27bd8ae5c35a88995ec8889ee3e2fc48ecbff243a2bfb0293f666bfd2bca459e9d6346d3ecf2cc2318bc3586d249bf17bc93ada4d4ab5253e52decadbf2725e6e53d975ce9e96a795be8aaa82b6087835384d3b2664aee58e4bc9b4f0a615709c7b226573533782868ad9bb7adadb6da38292929351dca0a7a782348e38a36d4c8d6b18d4c235a88888889d9110d60d37a2345e8df48fc10d2164b1fa670f48f9b6df15378dc33c79f86d4e58e4ec67cb92fd26536f77b68d7dfe945d7fe6e424762f54a7ac6bd7b7b463c88ce3178ed584deeeb797e2796a145d0b6a74e4f2d367140036990c589e83fdbd45f08acfb868f99c1d07fb7a8be1159f70d1f39fbca67b6d7b91fab2cfa47abf8b00035f1280000000000000000000000000000000000000000000000000000000fce7820aa824a5aa8639a1998b1c91c8d4735ed54c2a2a2f65454f71fa009e37a0509eaaba46aad273d7ee4ed7db22fc1b8e249ee16d89ee74b46fe4ef124899c71e02271554e4aadcbbb2313d5a9a6d33d8c958e8e4635ec7a2b5cd72651517cd150cc7eabf6426da1dc5a8aab4d0bd9a66faf755db5ed8f1140e72aabe9b3e48ac5fd14fe02b7cf0a6f1d81daea9a8ffc32fa599a5e6c9f1925c53eb6b8e7a567ab7d7753b154bf9d4f874f6108800da243000006d4000e3d2f60000000000000000000000000000000000000000000f9ae573b6d9a826ba5e2e14d43454cc57cd53532b628a26fd2e7b9511a9f5aa9fa9393c2e27e703e907cb6cba5b2f76f82ed66b8d357d0d5312482a69a56cb14ac5f2735cd55454fad0fa84a2e2dc64b0d0e20007e1fa00000000000000000067475f4a8bbe70a27bac5489ffee4c56e2c275d558da9dfeac85ae455a4b651c2a9f42ab15f8fff005a7f495ecea3d958b8e896a9fe08fd0a75ebcdc4fbd80013e6280000000000000589e8391577ea3faad159f70d1f33a3a068964df499e8d55f0ac556f5fabf39127ff1345ce7ef296f3adff647f32cfa47abf8b00035f12800000000000000000001f3dc2e36fb4514d73bad7d3d151d331649aa2a256c71c6d4f3739ce54444fad4ad5bebd6de93d06aeb06d9fa0ea9bbbe247ad74750925be9957384e4c5ccceed956b5511329eb672d24f4bd1ef759aca8d9d3727d7d0bbdf0478d6af4e8479551e0b38e7b1aad6b9c88af5c35157cd719c27f322ff0041fd326aedd41ef25f7565b35b5d75e57cf76b349e2d0bf8c6c8a077156aab616b522f59aaad77abeb22aa2e50d25d8cddab66f3eddd06b1a26b61abff00b2dca99bff00abd5b1115ed4ff00c2bc9ae6ff00e17267be49dda2d8cbcd9db7a771564a7196e7c9ce22fa16fe29ae0f0b7eec70ce35adfd3ba938c561fd49000053ccf0000000000000000000000000000419d6a69da6bef4f97eaa929167a9b3cd4970a554f38dc93b237bbf578524b9273394dd8b4c37ddafd5b679e347b2aec95b1e3ff12c2ee2bfad170bfcc4968d72ecf51a170beece2fc1359f8a3c6bc39ca528f5a6641000eb029400001b500038f4bd80000000000000000000000000000000000000739ae371b43edbdadd77d6fa9e82d307173a36cf2a24b363cd228d3d791ddfc9a8aa51dde7eb9b5cea4bc3e87696ae6d39628e3744b34b4f13eaea9cb9457aab91c912631c519eb22a2aabbba236c5a16cbea3b413c5b4710e994b2a3f1c3cbec59edc18973794ad579ef7f52e2599df5eaaf426cb312db0245a8b517888c7da69aa9235819855574d2235e91fbb0d54572e53b632a943b7a77fb5d6f6dee4acbed6c9476863d1d476682555a6a7444c22af9788ff003557b933955c714c3523691ef95ee9657b9ef7aab9ce72e55557cd554ff26f3d9fd8dd3b404aa4572eafe37f92e0bebda576eafeadcee7ba3d45d4e80f786be79ab365eeeac7d34104d74b54ef9b0e661ecf1299ad54f59179ba54c2f6c49d973daea18d7a63535f746dfe8754699b8c94374b6ca93d3543111558e4fa95151c8a8aa8a8a8a8a8aa8a8a8a6ac6c86e851ef06dada35b40904555511ac35f4d1c88ef47aa8d55b235511555a8b847b517bf07b17de6b7f28fb3cecaebf8a505fcba8f12c744faff00bb8f7e73c77cae9575ce43999715f4ff0043bc001ac8980000000000000000795aab51dbf4869aba6a8bacac8e92d5492d5caae723515ac6aae32bef5c613e95543ea109549284165bdc8fc6d2596660f54d7d66a2ea075ad7b17d586e0943e79ef4f1b205ff005c6a4547d777bad6df6ed5b7bb94be2d5dc2a24aaa87e31ca491cae72e3eb5553e43ad6c2dbec5694ad97dc8c63f049148ab3e726e7d6f2093fa7ad93fc7ceb4add21f84df31fa1dae4b97a47a17a4f2e12c51f0e3e23319f1739cfef718efda303bcd9bde4d4fb21a9eab56693a0b5d5d5d5d03edcf65c629248d237491c8aa891bd8bcb3137be71855edf4796ab1bc95954560f1571e6b78e3e29af8a3ea8ba6aa2e77d1e92cc7e4dfff002cbfeeeffd50fc9bff00e597fdddff00aa38afca15bd1fc58d15fd4aaffbc8fca15bd1fc58d15fd4aaff00bc9aebecbb7fff005a3f0a7ffe095e5e99f85fcff5390df8e9375d6c8d17e1225741a874d2cad85d70a685d1494ce72370b510aabbc36b9eae635c8f7b5551a8e56b9ed6ac1e69f74e9beb6dea3f45dde9effa7a8a9ae16fe14376b77ad3d354c33458f138bd9c52391cd9dbe12b9ead467acabc915736f5be9bfc0dd697fd21e9be99f31dd2aadbe91e1f87e37832ba3e7c72bc73c738cae338ca961d93d72fef6a56d37568e2e28e32d7de4fa776eeae1b9a6b0b898b7b6f4e9a8d5a0fcd91e2800ba11e5a9f93c68564dd4d4372c7ab4fa7df0fea592a2154fb352ff94b7e4e5b3b923d73a8248978b96868e27e3b653c67c89feb8cba47397942acaaebf552fbaa2bfca9fe65af4b8f26da3db9fa80014a2400000000000072faeb73f406da50fa7eb8d576fb4b5d1ba58a19a64f1e746e117c28932f9151553f45171943d28d1a971354a8c5ca4f824b2df823e652515993c23a8218df3ea9f40ec93d6cf511cb7bd44e8d2565ae95e8c48dab9c2cd2aa2a479c2f6c39de4bc70a8a556de4eb8370f585755da76e6a1da62c3c9f147344d45aea98f3847ba4545f055530a891e1cdce39b8ad53cf3d54f254d4cd24d34ae57c9248e5739ee55caaaaaf75555f79b5f67bc9ad49b8dc6b0f11fc09effee7d1dcb2fb510b75ab25e6d0f8fe84b1bd7d4cee36f54f3515cab3e6ad3ab27386cd48f5f0b08ecb3c67e11667261172b86e532d6b4890036ed958db69d455bdac1420ba17ef7bed7bd90752a4eacb953796096ba75ea02f1b0faa26ad4a592e362b9b5b1dca8125e0aec2fab346aa8a892372bd97b39155155328e48940beb2a1a8dbcad6e63ca84961afdf4f5314ea4a9494e0f0d1b474b554d5d4d0d6d154473d3d446d96296372399231c996b9aa9d95151515150fd4a07d1df53351a4aef16db6e3ea78a1d2d253ba3b5d456716b682a39f2463a55c7189c8af4f59551aa8cc714c97e619a1a9863a8a79592c52b51f1c8c7239af6aa6515153b2a2a7bce64da1d02e367aeddb56df17be32e86bf5eb5d0fb3796fb5b985d43971f147fb0010464800000000000000000000000e6773ae715976db55dde75f528ac95d3af7c678c0f5c7f3e0e9883facdd4f4ba77a7fd4348b738e96b6f0b4f43491ab939cfca78d6563517cff00329267e84fe624747b577ba850b75f7a715f16b3f0478d79f374a52ea4ccc7001d62528000036a00071e97b000000000000000000000000000001116edf547b4fb433555a2ef777dc6ff004f1248969a08dd249972aa223e4c7871af6caa39dc9115178ae53395656373a8d5542d29b9cba92cf8bea5daf71e752a429479537844b353534d474f255d654470410b16492591e8d631a899572aaf64444f7a954f787af2d3ba52e751a7b6c6cf4ba9658e1545bb4952e652453e5538b588ccced444cf247b5173d957ccaafbb9d45ee6eefdc6b92ef7faca2b1d4bd522b252cee652b2247a398d91adc24ce4546af37a2ae5329c7b2245e6e2d9ff0026b46862beaef972fc09bc2ef6b0dbec5bbbc82bad5a52f3686e5d67afaab576a6d6f799b50eadbe55dd6e350bebcf532725c7b9ad4f26b53dcd44444f721e4006d4a74e14a2a14d249704b7244336e4f2c000fa3f013274c5bf15fb29ae23f4b7f8ba6ef72c54d7685ef723616f2444a96e11579468ae5c227ac996f65545486c1897f634352b69da5cc73092c3fd7bd715da7dd2a92a335387146d151d5d2dc2921afa1a98aa29aa636cb0cd13d1cc918e4cb5cd54eca8a8a8a8a87ec673f4a3d4fcfb5b795d2db877eaf97475440ac83935f5096d991c8ad731a99736254e68e63117baa2a279e741f4eea2b1eadb251ea3d357482e36caf8fc5a7a981d9648dce17f52a2a2a2a2f745454544545439ab68f66aeb676e1d3aab954dfa33c3c3ecefeb5f916db4bb85d4731e3d28f4400574cb000000000056eebaf70ed9a6b67e4d10e557dcf564d1450b1927158a08258e592454c774cb591e3b67c455f72a1376bddc4d1bb63607ea5d717c86d940d7a46d739ae7be5917c98c63515cf779ae1117088aab8445532bf78b732efbb3b8377d5f72adab969ea2a646dba0a87e7d128d1ebe1428d45e2dc355338f372b97baaaa97fd81d9da9a9ea11bda89aa549a9677ef92de927d8f7bf874919a9dd2a349d35c65f438a001d0655c1d46de6d9eb7dd5bd4da7b40d93e74b853d2bab6487d261838c2d7b18aee52bdad5f5a46261173dfcbb29cb931f4b3bc9a63643706e1ab356505d2ae92aecd2db98cb7451c92248e9e091155247b138e22777ce72a9dbe88fd56b5d5bd954ab650e5d54bcd4fa5fc57d4f5a3184aa2551e1749fbfee33ea4ff937ff006c507edc7ee33ea4ff00937ff6c507edcb3ff942b65ff8b1ad7fa9527f791f942b65ff008b1ad7fa9527f7935d7fea1db5ff00b18ff865ff00f4257ecba7ff00d47f15fa1d0f487b057fd91d3178aad6134097bd452d3492d353d424b1d341146aac63978a7e751f34c8fe2e7b15119c57cd573db71750d16aedc1d4faaedb14f1d25eaf35b71a764ed46c8d8e69df2351e8d5544722393288aa99f7a96137fbadbaddc8b05c742681d3d3da2c9738920aaafac995b5d346ab1b9cc6b2277089ab89237a2ba547b1ff00bdcaa15689cd91d2b51a75ee356d59726b56c79aba125d8df624b8ac6fdef7635f56a4e31a143d18800179238d1ce8374e2d9b62db767f775faed5558d5c7ef19c6044ff00da85ebfce58c229e95b4fd7698e9fb465aee2ce13be8a4ade3ef4654cf24eccfd7c25692b1cafb4771f6ad5ee6ae729ce58ee4da5f248b9da4791420bb100010a64000000f8eef78b4d82db3de2f972a5b7d0d2b39cf53532b638e36fd2e7395110863a84eaa74bec9b67d394b415372d572d378b4b4afa77b29a247a2f096491708f66517b46aaaaad56aab57ba67dee26ef6e36ea573ab75bea9adaf8fc4f122a3f11594b02f97e6e14f51bdbb67195f7aa979d9cd84bed722ae2abe6e93e0dadf25fd2babb5eeeac91b77a953b67c88ef9169b777afd646b75d39b4d6172bdaab0d36a0aa95aadca3b0e923a6562f245445e2af7279a2ab3dc53ad45a97506adbb4f7ed4f78abba5c2a5732d4554ab23ddf42657c913dc89d93dc79a0ddfa36cf69fa14393674f0df193df27dedfd1617615eaf7556e5e6a3fd00009a31c00000000016aba68eb219b7166b6edbee05b24a9b1534ae8e9aeb148ab35144e72bb8be3c2acac473bb2a2a2b5bd911d8442aa823357d1ed35bb676b791cc78ae869f5a7d7f2eb4cf6a15e76f3e5d37bcda68a58a78993c123648e46a3d8f62a2b5cd54ca2a2a79a1fe8cbed89ea835cecddda18aaeb2bafda6bc14a67da2a6b1eac819c9151f4fcb291393bf644e2e472a2a670e4bfdb5fbf9b5bbbd1233476a48df5e91a3e5b6d53561ab8fb657d477e9a27bdcc57353e939f768763b50d024e4d72e97e34b72f797ddf1ddd4cb3dadfd2b958e12ea243001523380000000000000001e5ea7d51a7f45d86b353ea9bac16eb5d03124a8a999578b1155113b265555555111111555551111554fa8425524a10596f724b8b7d87e3692cb3d3739ac6abdee46b5a995555c2227d2661f55bbdd51bc3b892d3d1398db069c967a0b6a453788ca8c48a8eaa45c27f8c46b1513dcd46f9f755ed3aa7eac6ab70eb93486d6dfeba9b4ac70ab6b2a626494d25c6477247357387f81c55138391bc955dc91511a560378ec1ec7d4d33fe257cb151af362f8c53e2df6b5d1d0bbcaeea57cab7f269f0e97d60006cf21c000036a00071e97b000000000000000000000001e1eb3d6da576fac13ea7d637aa7b5db69f08e9a655f59cb9c318d4cb9ee5c2e1ad4555c2f63dc39ddc1d0d63dc8d1d74d19a869d92525ca9dd123dcc473a0931ea4accf93d8ec3917e943ded55175a0ae73c8cae5638e3a71da7ccf95c97c8e2524de8ebaf51eb0b6d7e95db8b3c9a7a8e695f17cede96e5ac9a0477aaac46a3520572277eef5445c22a79955a49249a474b2bdcf7bd55ce73972ae55f3555f7a9e96a9d3b70d21a9aeba56ecd6a56d9eb66a19f8fe8abe37ab55517de8aa9945f7a2a1e59d4ba3e9361a4dba869f04a32df9e2df6b6f7bfa7514daf5ead7966abde0004b1e00000000000000025cd90ea5f703646a59496d992eba79f273a8b3d548a91ae57d6744fc2ac2f5efdd115aabdd5ae223062ded8db6a345dbdd414e0fa1fef73ed5bcfba75274a5ca83c334ab6abad1da4dc38d292ff589a3eea9c5160b9cedf479157feeea308d5c76fd3462f7ec8bdc9e28ab68ae34b1d75beae1aaa6993947343223d8f4fa51c9d94c5d3d8b16b1d5da5ddcb4ceaabc5a1d9ce686ba5a75cfd3ea390d69a9f92eb5ad273b0aae9ff4c9729783ca7f1c92f47589c562ac73f236401919f8eede8fe57b5aff006fd5fed0fe3b7b3799ed56bb7735a2b5530a8b7fabc2a7fef087ff0065579ff711f833dff8d53fc2cd67bb5eecb60a4757df6ef456ea66fe94d5750c8634fd6e72a215ef733aeadaad18e968347c13eb0b844fe0ef4693d1e8d30b877e7dcd5e5f4a2b18e6aff093cccf5badf2f57e9d2aaf978adb8cc99c495750f99c99f3eee5553e22774cf25f656f253bfaaea762f3578ef6df8346356d62a49629ac7cc90f79f7cb5aef85f61bb6aa9618a9687c46dbe829db886958fc72c2af7739dc5b972af7c2630888891e006c9b5b5a3654636f6f151847825c17efe644ce72a927293cb60007b9f20fb6c766b96a3bd5bf4f59a9bd22e174aa8a8a921e6d6789348f4631bc9ca8d4cb9c89955444f7a9f116cfe4f2d1b4575d75a975b552c124ba7e821a4a68a4a747b9b25539f9998f55f51cd640f6764cab6672651328e89d77545a2e9d56f9acf216e5d6db492f8b47bdb51fb4558d3eb242dabe80b475a68a9ae1bb7739ef7756cb2acb416eaa7456f58d515ac6abf83277b93f4f923a34ce1b8546aabe42aee8afa72aba2a8a5a7d0d3d14b344f8d95305dab16485ca8a88f62492b98ae6af74e4d73729dd153b100f545d5cebfa7d7f78dbfdb2bf7ccd68b378d6bacaba7893d26aea71c66c3e467287c37f28dab1e172d73d1ea8ace30459ba86df3b0dca1bad0eec6a896783971656dca4ac8579355abca19d5f1bbb2ae393570b854c2a229ae28685b59ac5257f52f5d37359515292493de9351dcbe6f1c77ee25657365425cd2a79c74e17e649fd47f47973da1b6d5ebbd2177f9d34952fa3b27656cad4afa57c8ef0d55dc5ad64b1f88ac4456e1c9e2a22b151aaf5adc698f4b7bd5fba076e6e56bd6d49455579b4f1b7de2258330d7534ac5464cf8d5be1a7888d958f8d155331b970d6bdad4ce8d6fa6ff0375a5ff487a6fa67cc774aab6fa4787e1f8de0cae8f9f1caf1cf1ce32b8ce32a59f64757bfaf52be95aaff00cfa2d6ff00c517c1fd1e7765496eca6625f50a7151ad47d197c99e29d1edce8ea9dc1d7761d154922c6fbcd7454ae951bc9628dcef5e4c7bf8b393b1f51ce1693e4fbd252dd3752edab2a2d2d9e8ec9687c71d53d117c0ac9a46359c73df92c4da84ca7922ae7194ccfebda87f0ad36b5e2e318bc77bdcbe6d18b6d4b9ead1a7d6cbfd45474d6ea382df4712454f4b13618989e4d635111a9fcc8887ec01ca8db6f2cb980003f400002bc759fb294bb8fb793eb6a29a3a6bce8ea4a8ae47399daa68dade72c4ab9eca88d57b57bf7454c7af94cde3692a29e0ab824a5aa8639a1998b1c91c8d4735ed54c2b5517b2a2a765453347abad8d6ed06bf4b958e9d9169ad4ae96a6df1b30894d2355ab2c184f26b55ed56f6c717222655aa6e3f269b429a7a3dc4b7ef70fab8fd64bc481d5ed7ff007e2bbff5209001b7c8200000000000000000007d16eb8d7da2be9eeb6aad9e8eb28e56cf4f5103d5924523572d735c9dd1515115150f9c1f8d292c3e038168b6ebafbdc7d3146b41ae6c349ab636338c351e37a154a2e53f4ded6398f4c67f788ecf7572962f6f7ad5d94d6b153c178bbc9a5ee532a35d4f736aa428ece3b54353c346fd6f56fea334814bd4f60345d47328d374e4fa60f1fe5798fc122428ea7714b73795dbfaf13672d778b45f295b5d65bad1dc299dfa3352ced958bfa9cd5543ec3196d17ebe582a16aac379aeb6ceb8cc94950f85eb8f2eed5453a74deede744c26eeeb5444ff00effabfda14dafe4a6b297f26e535db169fc9b33e3ad471e743e66b98324e0dfadeda74e31eedeae5ff003ef13bff00e2729fe66df7dec9fbbf76f5827f997aa867fc2f431ffd95dee7d621f067d7f19a7f859adc737ac372341680a47d6eb2d5d6bb4b189cb85454352577f9b1a65ef5fa9a8aa656546f36f055c2ea7aadd6d63344f4c39925f6a9cd727d68afc29c8cd3cd5333ea2a267cb2cae57bdef72b9ce72f9aaaaf755332d7c954b979bab9f37aa31dff0016f77c19f13d6963cc87c597db5dfca0fa0ecb58da4d05a4ebb52b13924955513fa0449e5c5588e63deff7e793598ede79ed51f76b7d3713792e8faad597a97d01b2ba4a5b5c0ee14b4c995c22313f49c88b8e6ecbbebf711f02ff00a3ec9693a24954b6a799fe293cbfd178244657bdaf71ba6f77520002c8620000000001b500038f4bd80000000000000000000000000014cfaecd88a25a0977cb4fb562a989f053df21ca23246395228a76a633cf92b18eeeb9456ae138b956919b337eb05975459eab4fea2b653dc6dd5d1f87514d511a3e391b9cf745f7a2a22a2f9a2a22a77432c7a82d9bb86c96e1d569995cf9ad954df4cb4d4bbbacb4ae72a223953f7ed5456b93b7923b18721bcbc9c6d1abbb7fe15732fe643d1cf4c7abbe3f4c7515cd56d39b973d05b9f1efff005234001b4087000000000000000000000000000000000000000001703e4e7d43454da9f5a6949229d6aee541497089e8d4f0d23a691f1bd1cb9ca3956aa3c6115308ecaa61334fcf6b456afbd681d5969d67a7a7f0ae167aa65543973dac938afad1bf839ae58dedcb1ed454e4d7393de436d0e96f59d32b58a78725bbbd34d7cd2322d6b7d9eb46a75138f55fd3d6b9d2bb99a8359d8b4edd2eda6af92d45ed6ba9a2754251b9df9ca96d42b189e0b5af73dcd577abe1ab7d6739afe300d9ac77ad477286cda7ad15b74b85472f06928a9df3cd2716ab9dc58c4572e1ad555c2764455f71a3bb57d696d0ebfa2a687535d20d1d7b9a59637515c6672d3a35a8ae47a55ab1b1235cdedebab1dcd15a88beaaba42aedfad92b7d15457cfbb7a45f15344f99ed82f104d22b5a8aaa8c8e372bdeec2766b515cabd91155706bbb7db1d6f47a31b0bcb094aa417253deb38dc9ee8c94bbe2f0fa0949d85bd7973b4ea613fdf5ee230e8a7656ff00b55a1ae57ed5d493d05e3554b04cb43239395352c4d778292338a2c72aacb2ab9aae5c35634546b91ed281ee2ea1a2d5db83a9f55db629e3a4bd5e6b6e34ec9da8d91b1cd3be46a3d115511c88e4ca22aa67dea59fea77acbb3eb1b05cf6cf6b219e6b6dca2863acbf39f2d3ba58d5794b0450aa35e8d7271639cf5c39ab2b382a2b5eb4fcb1ec869da83af71acea91e455ad8c47aa296ecace5742c3deb1bf898b7d5697263428bca8f4f683547a66da38f67b6b282cd531b92ef73c5caeaaec65b50f637f349f531a88dfd68e5f79473a52d8dabddfdc1a7aeb9dbbc4d2d61999517491f8e133932e8e9f0bfa5cd5beb63c999ce155b9d3a2abe53f5b5274f4aa32e1e74ff00faa7f36d77333347b7c66b49762fcc000d424e800000000038edd7dabd2dbc3a3ea3476ab8a548247b6682a2056a4d4d337f4648d55151170aa8b94ee8e54f79d883d6debd5b5ab1ad464e328bca6b8a67cca2a69c64b7331d35de90b8e80d677ad1775e4b5366ad9691cf58d5892b5ae546c8d45efc5edc393ea721e11a65d54f4f945bbda32a2e9a66c34cfd6b6ff0df433b5d1c0faa623911f04923b08e6f0572b792a223913ba22bb39af75b55cac773aab35e28a6a3aea295d05453ccd56be291ab8735517c9514e96d95da4a3b4566a6b7558ee9472b39eb4ba9f478ae82a57b692b5a98e87c0f940059cc300000000000000000000000000000000000000000000000000000036a00071e97b000000000000000000000000000047bbd7b25a4f7c74bb74fea3f169aa695ce9adf5f0237c5a595531ef45e4c776e4cf7a22774544549081ef6b755acab46e2de4e338bca6ba0f89c23522e32594cc6fd63a5ae9a1f55ddb485e988dadb3d64b4732a22a35eac72a736f244556b930e6ae3ba2a2fbcf1cd3eea8f6169b7a7434b2d9adf03b575a5be25aa7748912c8de48afa77b97b2b5cde5c738447f15ca22bb39adaa34b6a1d157dabd33aaad33db6e742ff000e7a799139357cd1515328e6aa6151c8aa8a8a8a8aa87496caed3d0da3b5e56e8d58fa51ceff00797f4beedcf777d52f6ce56b3c718be0cf28005a4c2000000000000000000000000000000000000058be8734c5835a6e4ea8d2daa6d505c6d571d25530d4d34c8bc5edf4ba4545454c2b5c8a88e6b9151cd7222a2a2a2295d0f534c6a7bfe8cbfd0ea9d2d759edd75b74a935354c2a9c98ec615151728e6aa2ab5cd5456b9aaa8a8a8aa846eb1655751b1ab6d467c99c96e7d4f8a7bb7f1e95c389ed42a2a5514e4b29167f7eba1ad41a725aad53b3b1cf7ab5492cb34964ede954112339e22739d9a96e51ed46a278bde34449555ce4a98684f4c9d5e546e85441a135be9fadfc20a7a58d52e76ea496a21ac5f152359268a18d7d17f4e2573d7f33957aaac49c58bde6eff4a5b59bcf7f8754ea04ba5aeead8bc1a8a9b4cd144eac6a222316647c6f4739889c51c888ee38455546b11bae6c36cafb676bff000dda383785ba6b7b6ba33f893ebdd25f793796a56a5853ba8f3d68fc3f7c3f7832e8fbac764baea5bcd169fb1d1495770b8ceca6a68234cba491cb844fff00df242fdfe4f5d97fe33eb5febb49fdd8f5ba66e981366b54ea7d5d739e57cd5353556cb2c524ac91ecb624f964b2b9888d596448e35c222714f344572b5b2f73e51b4956b52adb36e715ba2d632dfe4b8becf03c21a557e5a8cf8324ad8bdaba4d9cdb5b5e8a8648e7ab891d5170a96371e3d548b97bbeb44ecc6aaf7e2c6e4efc0342dd5cd5bcaf3b8acf32936dbed65921054e2a31e08000f03ec00000000000000573eaa7a5ca6ddda276b3d1d1454dabe8a1c399d98cba46d4ed1bd7dd2222618f5edfbd776e2adb18090d2f54b9d1eea377692c497c1ae94d74a7fbde7956a30af0709adc62f5751565b2b6a2db71a5969aaa9257c13c32b15af8a46aaa39ae6af74545454545f7a1f81a4bd52f4c76edddb2cfaa7495ba2875b51c6df05cd7b6265c588a88b14aabdb92373c1eaa9dd11aabc7bb73cf5768ed4fa0efd51a6757d96a2d773a55fce41322670be4e6b932d7b57dce6aaa2fb94e8dd9bda7b4da2b753a6f93517a506f7aed5d71edc76712a977673b5961ef5d678c002ca62000000000000000000000000000000000000000000000000006d4000e3d2f60000000000000000000000000000000021adfde98b47efaa4778abaeabb56a2a2a4752d25742a8e8dcdcab98c9a354f59a8e7397d556bbd65eebe44ca0cbb1bfb9d32bab9b49b8cd74afdef5d8cf3a94a15a3c89aca31bf56e91d49a16ff55a63565a27b6dca8ddc658266e17ea7357c9cd5f34722aa2a7929e39af9b9db65a5b76b48d568ed5b4aafa5a8c3e39e2e293534ad5cb6489ca8bc5c9e5f5a2aa2e51550cf3debe927723685b3de69e24d43a718e72fce144c72be067b96a22f38ffce45733e9722ae0df9b33b7567ada542e714ab70c6774bdd6fb7eebdfd4d95abbd36a5bf9d0df1fa107800bd91a0000000000000000000000000000000024fe9d3663f1e7b8d1e92a8bb7cdd6fa4a57dcae32b13333a998f8d8ac8728adf11ce91888aeecd455761dc518e8c09276237a6b762b53dd7565b6c305d6aebacd3db29d93ceb1c70c8f92291b2bd1a8ab2351624cb115aaa8bfa4d23b57578ec6aad3ff00e735e6f0e3e3bbe27ad0e6f9c5cefa3d268b58f4f6ccf4cda191cd96d7a76db0c4d8aa6e356e62555c646364913c47a223ea2554f15cd8da8abdd5b1b5130d4a8dbbdd76ebdbfea085bb3d513e9ab25345c7955d1534f575923b0ae7488f49191b5abeab5ac5555eee739792359135d6f5bcfd506bdf0dc95f7eb8cf2be4a6a1815c9456e8dfc515236b978411e18c4572ae5dc515ce73972b753a6ae932dfb2f50fd59aa6e14b78d532c4e863740d55a5a262aa67c257b51ce7ae30af546ae155a89855576ababa6e97b2b077daec95cddc96790f7acbebca7fe292c7e15944caad5af5f376cb9105d3fbfa23dae9aa1df7be69b66b2de9d6171f1aadeab456675be8a9dbe8eac4e32cdc214951eae55546a39b846a651796126d00d5da85e7dbee255d42304f846294525d492faf164cd2a7cdc1472df6b00030cf4000000000000000000000001196f2f4f1b73be115349ab296aa9ae346df0e0b95048d8ea5b1e557c355735cd7332aab8545c2aae1532b9934193697971615957b69b8cd706b89f13a71ab1e4cd651945bd9b09adf64efd3525ee825a8b34b3bd96ebb46ccc3531e578f254cf87271f362f7ce71c93bac686d0d7d050dd28e6b75ce8a0aba4a962c73413c692472317cdae6af6545fa14a81bd1d04b2f579f9f366ee16db4c13a2ad45aae124ad898feeaae8646b5ea88bd9382a613be1d8546a6e7d9cf28f6f7495beabe64f1e9fdd7debeebf8aeee0405d6932879d437aeae928e83d9d59a3755685bbc961d5f61acb4d7c5e70d4c4ad5727f09abe4e6afb9cd5545f729e31b3e9d48558a9d369a7c1ade990ed38bc30003ecfc000000000000000000000000000000000000001d9ed66d16b8de3d41f83da2adad9a48d9e2d4d4ceff000e9e9a3ca27291f85f7af6444572f7c22e14f1b8b8a5694a55abc94631dedbdc91f518ca6f9315967fffd9, '', '');
INSERT INTO `users` (`id`, `username`, `password`, `email`, `forum_notification`, `image`, `location`, `birth_date`) VALUES
(8, 'Marinero', 'f10e2821bbbea527ea02200352313bc059445190', 'admin@softunioverflow.webuda.com', '1', 0xffd8ffe000104a46494600010100006300470000fffe003048616e646d61646520536f6674776172652c20496e632e20496d61676520416c6368656d792076312e31322e320affdb0084000504040404030504040406050506080d0808070708100b0c090d131014131210121214171d1914161c1612121a231a1c1e1f212121141924272420261d202120010506060807080f08080f201512152020202020202020202020202020202020202020202020202020202020202020202020202020202020202020202020202020ffc0001108011800e103012100021101031101ffc401a20000010501010101010100000000000000000102030405060708090a0b0100030101010101010101010000000000000102030405060708090a0b100002010303020403050504040000017d01020300041105122131410613516107227114328191a1082342b1c11552d1f02433627282090a161718191a25262728292a3435363738393a434445464748494a535455565758595a636465666768696a737475767778797a838485868788898a92939495969798999aa2a3a4a5a6a7a8a9aab2b3b4b5b6b7b8b9bac2c3c4c5c6c7c8c9cad2d3d4d5d6d7d8d9dae1e2e3e4e5e6e7e8e9eaf1f2f3f4f5f6f7f8f9fa1100020102040403040705040400010277000102031104052131061241510761711322328108144291a1b1c109233352f0156272d10a162434e125f11718191a262728292a35363738393a434445464748494a535455565758595a636465666768696a737475767778797a82838485868788898a92939495969798999aa2a3a4a5a6a7a8a9aab2b3b4b5b6b7b8b9bac2c3c4c5c6c7c8c9cad2d3d4d5d6d7d8d9dae2e3e4e5e6e7e8e9eaf2f3f4f5f6f7f8f9faffda000c03010002110311003f00f9a9e6959cb3caec49e72c4e6a3dc7d4d7b2dbd8f11453d4466e2a36627dbd2a24cd6115b8d6623a5192401cfbd65736b21ac4938f4349bf38009cd4dcbb0c0c4b707f5adcd07c37acf88a6922d2ac65b8f263777655240da85b1f52071f514e3a8a5647d83f0f7e07e95e1ed71a6ba85eeada5b2b3b88e5947fcb50e59873d0f4e2bdbe5d4acad9fc92e919192a9d00e4d71d6abcdb9e861f0fada3a98571aed89566372159095dbbb9e326bcd355f89f15a5d6a10b5d076b66ced0dd171d7e9d2bc8c4d7e4b381f4785c3735d491c3d97c5696fb51b396e7ed0b1c8ce632a0fef1802001ea0704fd315d46a3e2cb993c0f6daac12cbe72ccf2287246f0818e48ec0b6debdb35c309cd26a7b9e8d5a2a2d5b63a2f0eeb9726c6d2eeeee64ff4842a37b6d038001c7724e6bacb5f17599f323fb40da323793d14719fc6bb6856f76d23ceaf414ddd1ada96a715de993c16b299267848558be66e57fc8af83fe2afc39f10e817971e246d31e2d265655918b126272070f9ee723a77af629eb1763e7ab41c5a4cf266f723d0668c003814ccc8a420e307daa3fc6a58c4c51d290c5c678a0d020e28e2803a53c1c521e9915eab3c75b0d2723a7069ac33c93df359bd4d96803a60fad34e42e7038e6a4a118123a8eb46d3d4127ea6a6c55f434b44d0f51f106b36ba3e956a6e2f2e5f6c71819278e7f21935f70fc19f87a3e1e683af59ea0eb70f2dca91334614ed312e57f03915351b8c7434a515391d7f8bb5d6b6d15fec7308dd46131d88c62bc275af19df6ade2c8b4eb7be5867698c6eac73d14703ea48af9ac65472a9ecd33ecb01454697358e3bc49e31bedda8c16176c834f9f6ceedc920bf97b47e1d6b37438878d7c79afdea1ff410bf67504e36a118cf1e8aa7f1ac6307183975ff00863d06f92d63b66b9d3adf46d47c6f776514561a62b596916c0e033b7c8afef800ff00e3c6b77c23aa8d7b45b537d0a0d3621be669065a6c0c9551dc67ad459dd3f521c528bf2d0e5fc45e24bfd67e2758d9a4a6c34db088c97284edd99ec7d0f031f9d7273f8eafa3d3afaf6ca40d6d2ddb4716e6e4228548c73edc9ad9d35295e3a7f5fe428d92499d8fc34f8acd05f1b69dc99640abe63739eec7f3af4bf897a6d87c44f87da844b11bf96081a5840b87836381c36d076be3fdaf4ae8c3d57097b296e7163b0b16bda44f81dc32310d8c8383fca9a319da78fc6bd83e61ab6846c0ff0011c907bd33b54300fc68a061cf6a00ed4087e3fd81f9d18ff607e74c0e88f1c5341e401d2bd3679295d0119e8680005c8153d4abe961a40e83d698c4f2071c77a991711402400473f5a7600149206cf76fd98f45fb6fc565d559495d3ada57e4700b2ed073ebcf4f7afab3c4fa9c0b6135a3b15765dc4a9c161dff001e2b8f12ed7b9e9e020a4d58f208f5f975cd56eed5f6916d16e6527e52db86dcfa6715e1da55aea17de36b6d7cc9e769a97a099c646f3824803af0057cf45f35e725d19f631f7538c7c8d40b6b796be23d656ccddd84b64f7fb1f8097124d8da4f70a5320537c29723c39f0c2fef442cd71a9cec8ed19c3f94800d99ec1892491d97de9b6f9395eedd8a516e56e8ac7490258eabf0f2d1bc44258f4f8ae11ad34e83892e080553713f75732367b9ad6d47c69a2f877c36b15a4317da25460cf18f950211fbb8c7a6ee371eb8ac55f48ad6d729c79a5a3b23c3750d45ee119e5bc769af256b8ba6e4f27dfb9e4d644f732dcd9476bbd6282127644739e7927ea7b9af4611b2b9355a7eea34346458ae22d8492483f29248e7dabe9df096a2b3f85f534b55370e96926f876152c021ce09efcd725576af1669522950e547c472365c81d493c74229a87390dcd7be7c3cb7118f3f7bf4a8cfa52620033c0c9a3eb4803d851922801dc7f7a8e3fbd4f40b1d0b139c0ed4849c63bfb57a2d9e5a4ac282738e29ac481c67d31431a5a8d0412793f8d0327041e8302a0bb0a0f5e013413d3079345c2c7d0bfb2f6b36d6be2ed6b4795313ddd9196093b6508054fd7208fa1af5af18eab3477a86751e5b46fb187ae39cfe15e766127185cf6f2a8a72b1e0facdcdf5b6b97fa3e862592f2f2d54cac1b04fccc063fefa029be1ad62da1f046ad65390975a7dbca228c0c61d988761ef8c0af094572593ec7d6fc7ebfd7e867596a66d7e13dc699bbe6bbbe62cc0ff000aaa90bf4249a82eb5316de04b2d1a3c8b89e4fb4ca7b6c3d173ef8526abe297cce88d37cbf899579af5f4da7dac06539b66dcaf9e477fe647fdf22b165bc9efeee1859b31c11ac28a46738e7f535d14e9a8ad0cab7c492ee6c6ad168967a44169670c92ea24e679e6057cb3fdd0b5896b653dd3b044de554b30519381deaa9ca5cb7913287bd6e839e536b344f1b08d9307a723bd7b4f86f5abe8bc1fa85fc5726351a63b87f23705206092075e878f4a9a9072716655a6926ae7cc1239772c472c777cbc7ffaa98a338249273d857ac7c63d5dc56076edce4f1d2a36cfa50c4381dab820fb8fca9a79e686027d29e8a08c938007e342063fe5f5347cbea69e82370e6800639fc6bbcf37a682e322918fa639f5a7d05d46041ce49a730c74fe55362dbd6c31b839c0c93460139c74e99a928e8bc21e25b9f08f89ecf5cb505da0243a038de84608fcbf957d5b16afa4f8fbc370ea3a34eb34aa037963ef231ea08fd2b0c4d3f694da3bb015553a9a9e71ac431c5f1ab48c46510ee59c631b97938f7e71f95792cf3dc59ebfab452008b7124aa54745dcd9c0f6af0124e4e3fd6e7db524d72cbd08a09e46d37ec8e58f96e597f1c7f856de9da16a3a9c61c46d85daab9f4c54559c692e667a5495d2e635e4f05816ccd25c0501b8ca9fc738acc8f469f489fed5a5cb15cdca0395dbf327b806b969e2d54f75ad0a9c232d6c643d94b35d0df3bcd35c12dfbcc618fd73d735d8689a1afd885cc2ff003ae5240b80c4e79c648071f5aef579b51479f8892a507d4b379f09f56bd682f2d2da44b66761224cdca81b70011c7239ebc56d432e9fa5787b5a486d52d134eb371749e66e5932a42e48047f173f5af42ad27186bb9e0ac546bcbdd7b6ff00a1f3132fca4609247eb4052380471c819ae83c415fae303f1a888da7b1cfbd260272475a5c1fc452000303ef0e7da95547e9de980fde7de8de7de9dc46d9049247d29ddc9eb9e95de8f398f3d338a8d89209cf6a722203403dc601a5247bfe15068fc869209200a14120b52dcad9128c607b57b0fece4ad27c68b08da774b78ada7b99230e555ca21db91df920fe14e7f0b153bf3a48f64f1fe93a7ea9a847736570b6b711b925d003db9c7d6bc435ff000b675392e572cb2b161b464924ff002af91af5a34eb371ea7e998183f66a150b961e138d15a46b766da091b86013dabaab081ad6d94308d1b381cf35e456aceabd59e8c9a6ac8d0f3c22fcccadc1181c0ae2fc52be5c715ddab2c170a72a47ca4fe3fd29507fbd489471fa6f97797f2fdaa113cac7232db4939e6bdc3c19a65b5ada4a56162aae30981f31e9c8ed5f55858fef52ec7cf66b292a763d774f8d2f3c317acb11f2214276fdde08e47bf7af09f88e6c6c7c09e25ba4b5f21a4b6483ee901f730507f1fe6057ad5b9669c59f2d414a1791f2ab0e84a9207bd078048193ed58923189c95e78fd6a33c9c63e952c6264e314a3246df7a401918c629e32780bdbf3a6807ef5f7a37afbd3b88d9c10720fe74f181d4d77af33ce7e420240cd0d8ea31e943d8496a464e01c1e7afd282c0d4791a588fef1e49cd4a339e80e684391270315ec1fb3923cbf1aada342429d3ee8330e368d839cf6ed4e7f0b1517fbc8b3de75ed282493490c912956e92c5b73cfa8ae525b3f398b19add00007cb9626be1f150b4da3f4ea127282645259c0bd04d291d003b4530d9adbc0d2c86383a11cef73ed5e628adcec68ca92eaca6631a3ca5f9c8950a935937d6b6b70ad05c267390158e091eb46b195e3d00934bf0be9c8c8d93264646e1f7323ff00af5d46bd06bd6fe1063a233dac91c40c8e8c558a8c8ce7e80d7d26125374e535b9e1e31c255a2aa6d730b40f15de7873c233da8baba9e3b928f2c7212c4be480173cfd6ad6bb36b9e28d0efbc13a9ac2da7ea9a7c97ba74a14868e68f0f824fba6d23deb930b5aa4ab2727e4bd2fff0004efc661692c3cd25bddfcd2ff0023e50238560391ce2838033fa62be98f80222c4a72d48c413c003e952c626073cf4a4edc1148070385c0ee69cb8c8507bfe74d0126e6f51f951b9bd47e555a93646bee19cfa0cd26fc9e587bd765ce1e517771b7383f5a6b3ed0002077a4d8d46e34b03c67907bd191dba8a572ec21cf0371635221ec01c50b7265b0edc3190739af47f83de2db5f08f89b57bc99e38ae2e74a96dad59f18f359d30b93d320114aa3f7597455aa45bee8f686f88f63adc22dfed0d05cab61ede4f9581f4c1ed50bf896246319953701cfca33fcabe1f1339aa8ee7e9d460941248e2bc47f1092cb745a7033dd03cb30f957fc6bcceefc557dabea21b51d69e21bb8556231f415d985c27bbed24aefb115f10a9c94252e5f337ad7538123509ae5dcea0676e73cd74561e218f51923b796dc3bff00139cf23d7dab9abd06d39592b1dc946514e2ee7a0e92e47956cf921cf0c3d474aeefc45a538f86d7b74b226c408840c7cc4b73ff00d6f6aefc1cbfd9a77ecff23e771b1fdfd37e6bf33e75f12db6a3617d6262ba6f2a552f1ecf94a9180463f115e89a05d0d43e165eea9a8b9697c3de7ba3b718592de50c38ff006a343f8d72505097238adffe1ff43dcc5bff0067954edfe56fd4f92870993c71de98f90460f3debea19f9b11e73c139f5a6f5c1e6a062e79f5e6807d474a005ce401c7f5a70c95c75faf14c189b5fd0fe546d7f43f95166069b36413dcfb539384186ce79e6ba7a9cad6839ba9033c5341e7079f7aa625b0b8c70073de970704e71ed4000c6300938fe54eced3d074e9412c42c08182334e0323238269ee0f447bfe8de17d1bc71f0a2d3c5d7c66d3f51d3656b4966b3fbd28500ab364727a8abbe1dd1a2f102ea72dbda4ab6f66a815ddc939231dfa74af9ccca9a72b477b5cfb8ca2b4dd1e66f4d8f2cd7349bcb0bf74bb42064e188e1b9a4d0744d224d4d2fb54b0b8bb923198a38f02363cfdecd4c2ba54f9a27ab89c2fb76fef2edaf84e7d4b589e5b3b4fb14049214f38ef8aedac7c349a644c11c993192c7a9f615e6e2f15ccb9226f4a9aa5eea3a7b796e20811a13b5c7ca0fe15df697633eaff000ff58b769e49becc3ed28838cb0c6739ea00adf0a9ca0e1d2cff0023cfc53514a7d9afccf1eb1d2a7d6fc430dd6a12c50e9f0218a1f9c6e9003d71db26ab7c43b9bdf0bfc34be8a2cc49adce2ce3f2bee32f2cec4f7f972bff0002ae7c2c79ebc141e91dff00afc0edcc2aa861269f6fc4f9d18f180338ed4c6030460e7e95f5ccfce861039039f4a0804f5fd2a46260d28049e3d3a52000bc838cf7a72a9e84027a734ec04bb0ff0078d1b0ff0078d55892ce49246685236e3a835a99d87023183f4a5ce7ebeb4c9b128c7008fc47d286618c1c7af4abbe8676bb19900f43c7ad3db0718e71cfe9490da03b4a9f5e4d01bd0e07ae29fa0ac7d1ff0008356d324f83fa9e91730fda254be6250b1528cca0ab7d383f957a15adb5ae8bf0fd65b661befe669a5c0231b7e503debe6f1f25ed26faa5f99f6b95c5fb0a767a37f923849aeadeeeea4496d22993380ae3d7ff00ad4e1a769aa126b4b658f821a31d33eb5f38a6ecd1f44d3e85e8ee60b584c6a8809e4e0735526bd12ceb12b724e09fd2a6ede83495ae4d777b1a98ad2221e4072597f87dabd77e195ddb099ece65f344a98e475047208f4c57b7829a75acbb1e463e0feaed9e53e23d224d03c743407b2496dde4678a72bb3e4249c7e1d3f0a93f6a5b0117c34f09496d6e16086754628a70a0c4d8f6ea7f9576e0682a539f7b9e7e6759d5a34dad9a6ff03e4365cae0006a22491b71c1e82bd867cc830009c0c7a1cd309e36e78a96310f4e734a707ad2001f8d3d769c0c1c7f2a6804c1f7a307de988ba857cc048e09e697a12074ed5a993dc01c7e3da9ca46053068903803031cfe749bbb0e7d39aab99d83e5248eb4e071cf249fd69a063ce00c2914c62a38ce69b251de7c31f1427877c4ed6f7057ec5aa05b695dba46d9f91ff02707d89afa8bc5cb6b6d696da2c1220fb0c0b1bf38fde632dfa935e166914a2e5dd58fadc92a39c543b5dfe5fe679ede43a55be95331b98fcf650c5f3f738ed55f40b86bed160ba61cb0c73c670719fd2be65c538f32e87d5d9a5764f78d32464260b8e003fcc573ae48b849647c4ca7208f5e338a88ee5476d0bc9384da44858b31c127a1af4ef03ddc70ebb64c8c3ef853ce31fe78af47036554f3f1916e935ea75bf166ced85de8578aaa25324b1e475e76b7f9fad49f16b428bc4bf08a6d27623c93dae6291b90aeabb81fcd56bdc83b549fcbf23e6a49ce8525fe23f3b5d4862a4608e08f434c38c9391f5f4af44f12dd061518f94f418e698c142900739ef52d0c690081ce68071c03df8a4300576e0f34e5c052476eb400ff00dd51fbaaad092c29c9e3d69ec0fbd68b6218c3e8314e0a49e28063b1c74fce9704e029c55123d40c019fc2a4c0e57773dbdaa919c870247721bd2a36181ce48e878a6c9438c60aedc9c1eb5f6259e9da4f8dfe105af8b2f9ae0ea72d82abbc32328f39014248ee72b9ae3c5d284e1efad11ec6575e74eabf67bbb7e6797da780754beb98a39b54314322ef752c73d7b835e812d9e97a6c3069f6f10510a2a7073d075af94ad38ca16b1f7f29ca72467dc18551db3bb3d31d6b94bf9141ca30525b18cf503ad704526ec5c75667428ed32f981f0c32a39e0fafe95dcf87a79238a3f9b2e0f040aeb83b545626babc6c747e25d725bef1169ba64970647813cd64ddc8dc0027db85af5ad2b59b7d6b446d3a38cbcb6f092aaa7259571c7e2057b54aaf3559a7d7fc8f9ec4e1f96941ae9afe27c39f1a7c230784fe214f1d942d1d95f2fdae127d1ce48f620f18af33201e475af5a9cb9a299f335a1cb51c442323dbd6a36018e0741eb54cc86638cad0149e82a460401ec69eaa33839ebe94240c9f03d28c0f4abb1171f1f2fc93c54b8ea3bd5ad8896e308e483f4a7631cf53da98314f0bc632281c8c824e29923c2e792714bd0601ce3afbd3258f504f4e07ae69ee836707915695d19b7a8872b8e06338af52f00ea1ac6b5e15b8f09e9179225fdabbdddb401c813291f3281ea3fad71e329f3d2e53d7ca2b4696254a5b1c95d6a3e2f9f5a974d96565bb424912c87391c7527ad6ee907c76f7f0db22b3a2be19cc8db1707939e95e3d6a7868c6ccfb0a589c6ce6d4a31e54ed63d15af2484792df3b14fbd9e86b9d9dc7da81f333d8646707a9af029455dd8f5e9e85a3385922896327701c01f7457456faad9681a67da2edd4b6094847576cff008d6b4a369ab19558b6925d4c5d3f577bfd525d46f096ba989720f047a2e3d00c63f1aee7c3be22bbb1d4e3b9b69195f6ed2031e7dbf2acea55953abccbb84e8271e47b5ac745e26d0746f8a9a32e81ac49f6391242f6578a3735bb91cfd54f008af957c7df0b3c57f0f2ff00c9d72cb75ab9c437b0fcd0ca3d8f63ec6be9705895523a9f1d9a617d9d45cbd8e148238cd46dcae081ea7f3af4d9e211923763ae3d6940c9cae73fad48c524050063919fc69c01c7071d87b534263bf13f99a3f13f99a622c28032719e7a54a4e00ee6b55b18b23eac7fc69dd38070681b109c8e6939c83da802d43109616e70473ed4ce178fe95a3564998295e4e3d855c85cf5edcd4ca4ecce69c424ae308cfbe3a0ad7f0a6b373e1df17697ac59b1125b5c29201fbca4e197f104d4cd5e2cd293b4d347d1de27d2f428f5abbbad6fc2cd2ba96633471905cf6248e3918ae2e5f125ddfcc2dec2c8c16e3e48e18e3da1401c0af8dad1949b8cb44bfad0fd570ee1520a57e869c3a6dc471efb97cb7738c1e71593a8bdbdbb97914165391d3f9d79f0d6768970f79e873926b971092b62a91760e7e63fad67a3cd75705e691e573c6e739c57b30a5182bf535b2e6d0ec348b27389d540cafcdebbba56fd80781432ab73c0febfd2bc1c4cd49b4393bb3b7d1de5b98a38e0702e074233b8fb57a446f7d2f8796d352d2ad757b175c4b05c2075dbfed29ce0d76e0dd44b9e1a9e5e3614aa250a9a799e47e2af805f0f3c46d34fe159ee3c317e464432b196d998f619e547d0d7cede38f855e31f01ccc75ad2de4b363fbbbeb7f9e190763b874fa1afa3c362a35558f92c5e0e545dd9c198c7b8c7634801231d97a106bb4f3055077e36e0138c53d7381819f7cd34262e5fd0d197f434f5158981c310c73cf00f5a787c8e0568990d0d041c8a76e07049fad00d084e475e94a003d7f2a622612e23d8831dcf3d68c670178e6aef731e5b0b839c02453c30518f4a681ea0724707f3ad2d1f40d6b5ebb16ba1e9b717d3f610465b07d49ed532692bb34a507292513ec3d4fc53aeb78634bb7f1068de44ed0299508126d7c608257e95c7dc6a9a342cce6d84321fba110939fa57c5e2eacaa547168fd1f094630a4944c09a6d5b5069161b5302aa96c4a704faf18ff39ae0afa4b9b899a194b6149e08c1fad4e1a9c62f5dcf4a9b8bba8b2879055b078dbc1f7ae9342d3879ab26d258007691c673dff4ae9c4d4b53d0d1ab2676f6b6d1c7110c5598f38031ce6b52dacd668c64904f4f6af012539181afa03ad85f67cb0e41eff88cfb577ba5dfcf000c24201ce47639aefc2d471492e873e229a96e69cb6b05fc5ba2db1ca072bebef59ecb73696f2d9c9247736b28dad6d3a6f471f43d2bb269c5aab0671a51a9174aa2b9e5fe27f835f0f3c571192cede6f0a6aec76acb6a9e65b3707ef21231f515e2be28f803e3cf0ec32dddadac5add845926e74f62e07d54e187e55eae17191a8acf7febf03c1c6e5f2a4eeb6febf13cae6b59607d92c6cac87904608351b29030067d3b57a89a6ae8f11c6cecc6f963d4fe747963d4fe74ec4123e4b31c77a01c1ef541d0703939ce78a5c02390723da992380cf14e03b734c96281d94e4d4833819e73d6a91121d8cf23f9d6ff00867c23e20f196b11693e1fd39aeee1f24b676c7180396763c2814e52496a3853737647bef84ff67ed0ace359bc517afab5e29c986d8ecb75fab756fd2bd7e1b4b1d074e5b0d26cedf4d83fe78db26c007be393f8d78189c54aa27cbb1f5f83c142959496a4c62c41b8206931c29e6a1b4b185b52b79eea089db76029033f5ae38c7549ec7a3297baedb9c078da196d7c4b3dcc4abb83138c7cbcf6af3bbfb08a5bb0ea1439feeaee1bbb571d66e15a5eaceac34ad04d7631134f9a59d50c6092dbf0c31d79aeaf4e83ecb1468540278cf53f5ae7c4d44e2a28f426d35635a280f99824ef3c67a5752b6b14162b2eecc9d02fa572d25a36fa193dd2196d048181cf00e735d54676d9293c13ce33c56d4aeae3abd075bdecfe62b86d89eb53deea30344496dd2b74daa78ad955f7353074bde4d11d9586a37e8d2dada931818324b9c0aea3448750d32f9208a58127653ba3909f2e65f407b1adb0f4ea26aa2d3b1cb8b9d2946549ebdec79d7c60fd9f6cbc5f05cf88fc2b6c9a7eb78324b69d23b923a818e037bf7af8af50d26f34ebb92d2eede4b79e2255e2914ab291d8835f4f4a76f759f1d560a4b99742af90dfdd34790dfdd35b5ce7e46576eb851476c66b4664282700678a7e70013f4e69a25a1e091c0e075a7003b1c5523364e909e2bbdf097c23f1df8d1619f46d0e41693e7cbbbb83e5c4d83ce09ebf80ab95a11bb26117525647bc783ff66bd23c3d11d5be206a115f4ebfea6c2dcfeec9c71b8f56e7f0af453a547069ed6f67a75ae956a581096a9b00fc075af131b5653f723f33ea72ca3182f6925e9e64c961a7c0634d3b5999aeb66e6464f94fb67f3aa17d1ea90ac77ad1f98840e4f209f438af2270695a9bba3dea73e67fbd566c741ad2ccca2e36c5b738507af35245a95845aa437170f9890e5b1dfdaaa3593b3984e84926a1d8cbf19588d6b54bd9f4a757b6102caf861c638e87bf35e257775e5cb71112c1e3c85273cf1d6a3150e6a9ce9e8ffccac127c8a12dd2573a2f0e68126a56975aa4d21b716db40623a93ce00fa55d874994dca39e63f45e4d7057a768c5df73ae12e7934ba1d4da5ad9230905ac8d2a8c8079a91ede7b9932ea703e6c819a1abc14608a4acef2669db692c150927e87a8adc8ec2d1a2d9e534930e84b70077aeaa5412f88e6ab59fd932b54b9586e4450a6d5523391f9d3ed2457914b30c1f4158392751a46ca3ee27d4eaf4e5403ed46fe389338656079ad1d5b4c7d434f8ee34bb98a4dac37386fb9d39fe79fad7b11829d2714f53c4a953d9d6529474d999b6f3788743ff4896e3ed2b2f55dd903d7151f883c1fe03f1c43149af68b15dcf73f28b985764cac3b123ad2a139d3fddd5d6c638aa30a9fbda1a5ff004392ff00866df871ff003d6f7fefaa3fe19b7e1c7fcf5bdffbeabbf4eecf2f9a7fca8f82187cc41f5a41c1cd7a4791d0001c0c53b91807a75c5340c72805b2073d2ac42a4919c569146537a1f4f7ecff00f06f4df14e9ede2cf12dab4b631ca12da13c2ccca7927d57b57d2b777f1d8ca6df4d4469215f2e311aed86dd7d154704fbd72636ab5a23d1cb6829bd7e7fd7e064470192ebcc9d9aeae1b9504e464ff2a4d514ba6fb9ba863451c460617dfa5793cbee3bbf53e92eb9d597a239fb680ff69497310558046d9e78c1f4f5e6b62ce1ba93469a0dbbfcd90b056e769ce463deb0a516dd9799d35a51b26fa58e6b53d2c6f669632581c138e8715832e817b24fb23628bdcefe2b8aae1db9591dd0ad171bb31ef95ec2292386526e8e518827005739369d04ac1e75cbef0720e39ff0ae4937176ec6abba3d6748d1547826181d3cb671e76e18c0f4079f4aa52430a10b1c4a9b23fe107923bd7a789a69423e88e3c2cdb9495fab1ea83e54542bc0dc73dcd580d0c0e046727f9fb5732492b9d526de88b76f2bf2769dc78383d3d2b4ece68d0e67dc5803d3d7b56b196aae73548e8edb98ada6dc6a5aa3226d0c72c493f9d68c161e4c6b11752cbc92bce6b0a741d9d47d4da7557c0ba1a766823915136c8c70429e437d6addac8b67772a59b7d93cde1a1909287a77ed5db08a8a4d6ebaff005d0e1a9ef5d3d9f4feba97e5bab0d3d5a7b8bf82503910ab64ae47635e7fa9eba65d4649e0cc41f901781f5c0ac31f5e3082845dd9781a329c9ce4acb6d477fc2477ff00f3f8ff00ad1ff091dfff00cfe3feb5e6fd6eaf73d0faad3ec7c0b27df60314d0a73cf35fa03dcfccd6c281e9fca948278a2c039471d3daaf58c135d5dc56d0217965711a0f5627007eb569db523979df29fa35e0eb36f0ff00c38d134682e3ecd69042b0a123e76007ccdf8b66a1b88ee2d95e2320f2d8e58af35e3621b97bc8fa9c24230bc6dff0e8ca5d462449552e4a85c1217824f3fe3598eb2ead3a4525cb8b74e5998e4a8f6af2a52e65c899ed461c8dcda3565bb88c815610b0c6bb514f1bb030338ad386f6cedd5dd65334e47cdced19c73f80ae9a7523ccdb392ad2938a8a1ac893c4d33c8b9dbf31c71ec2b1264509b95b7a67a1f5aba895931d26ef6391d5f4995099a353206e4f1c83e954df4b4122308f7c8dc2a01debc79d3f79a67ad19271b9e88eab6ba55b5ac97593e50dfb477c74ac207ce3ba3251c74653823dabd4c42da373cfc36ce4d02dbb79d86c963c7ff5e9cd6eeac011924f5038ae170763b79d5cbb1dbc8142af2473eb5663898801b39ce3273f9d3e5664e48bb6f122dd46e18a9c95271eb5a17496b6df2c8c3206063e82bb6928aa6ee71547273491cb6afabc16d2036c7e71cf07d2b325f14dd1c341398f68185272148e6bcaad8ae4938c0f4e9e1d4a29ccc6bcd4a6b86c8c057f9b03a567fdb1832870093c9af1ab4e5295cee49256459fb6b7afe947db5bd7f4a9f6807c5ce06f24faf7a72918c8ed5fa91f93f41d91939cd1b89efcd3b8583208ce4035e97f067484d63e27e9cb2711db07b8271dc0c0fd4d4cdda2cda8479aac51f626b7aa30f22146c2409b147b0ae7e7d6eef63c62638705483d2be57175daa8d459f7785c3c7d9ab99f6f70ef7022da5d8e4818f6eb5bd35c4903adbdbc6448002d918dbc74fa572539be5763aaa453924c64719392c59989c9efc55a483cb8be7c191978c93c63b5744118cd9a314c7cb579202b128ced7e72c4551bd596e300958d55b385eb5db2778db63920929df722468d370c076038cf634eb0b1845db5e4918f946d4cf3cfad6708a9495fa1a4e4e317e636e32eb8196fe1271496f02a0f2c20f9ce5b233fad36bded413f76c8d25b688463e41c71c8e4d23a464838e29d48a222db2686252d9539c7415a296f247c97230390dfca9d38e97467524b66457d1aa389518072707238cfad721aaf886f52ea4826b48b7a9fbe0101863ae2b9b1555d25a2bdcdf0d4d54b36f5472d7578f7133bb80a71d17b7ad63cf300df2b0c28c135f3d525ccee7aeb456234bd923e03a95e38229cd7a929cc4b923b91c566969a812fdadbfb9fad1f6b6fee7eb51ccbb0b94f91a45058819241ed518200e78c0e7f3afd4dee7e58b61d9ce416e9c7a51cf4c9a005dc738c735ee1f0161786f756d59707684806ef7c935cb8b9f2d16d1e865d052c4c533dc2e6e0bbef0ef202072dc1154659b9504e78fa57c65595e4d9fa0415924753a1e95e5f861f57b842d25cc9b21556fe019ce7b8e7bfb53c79c4b493c85e73c962724e3b7e55d8a1cb08af2bfde7229a9ca4fcedf76e58b68649731aa927b95ed568e9f72e15dd8228e41fe75bd3a7292b994ea462ecc64c57c936df6c6989e48c74aa5333c5c3b16e39ed5727e77082e96b1504cc65ca9209c75ade8bfe3c63e79c127f3aac3bbb64e216888190893720ce49e3b0ab7046a013c71c9e2b78abb3093d091d486c0f5e4d051718271df38e9594d6a5c5e85ab0842cdbcce57a152477abd71a831237c48083f7ff00bdf5ad60f92073548f3cee655e397dccf206cf2467a5707ade45c96694367a0cf415e5e37e1bdcf5308ada1cfbbb331da060f0726b3250e098f0073c679af0ed73b5bd4a9245b180ceec0c9f41f8546660b1ae0e1802303bfbd5a5cc34ee3bed5ed27e947dabda4fd2a7d99563e5d98309188ea0d46bce58f6efeb5fa6bdcfca96c3828ea73903ad2ec0dd09cf4a2c03f6824015f407c13b754f0bdd4bbb996efa138e8a2b871f6f60cf532aff00795f33d5ae5d118ed3c01ce7d68d0f4e935df105b697036df35be673d157b9fcabe4793da54505d5d8fb89d454e9b9be8ae7a3ead6d1e9a4595ac3e5c10a08e307aedee7ea4f358a57054942df4af4f10ad3e5ec7061df35352beacd1d39fecd1b4e203276f948c8fc2ab5eddbdd3b0476451c138c5372b535040a29d4736578a2445c7980b7663d07bf14346b26559c71529696346f5b8d8ade24bb572b9db823a1cf35b76f6cd25aa12bee01edcd7561e376d1cf889689b036a3856c67b53d6264040033ee6b7e5ec73f35c616249ddc60feb504ccc488d3393d48ae3a8d9d5048bf015f2c23ff00ace30c0f5ab76cd6d2391738213a86fad6f06b44ce6a8a566e261eaca90bcad61119222c40039c735c26a252e0b86043a12013fcfdabc5c6ff002adba1eb61758ddbd4e6e49599f1b880090c075a8caabf0a4e3dcd795ba3a190b2859586e19c75ec6a9ca230f8c90d8e78e00a714ef61c7c84dd1ff7851ba3fef0a76651f32cfb0b648e9ef501d98e1b041c57e992b5cfcaa3b080956c1e6a4dca4e33d292298a78c743ed5efdf05ee55bc2f71112a4c770c401d4640ae0cc3f80cf5729ff0078f933d02feed561621b03af26b63e1c6a622d7bcf45dccc7cb50be98e6be5b0edac445f99f635e3cd464bc8f73d774fb492cede693891dc12ded8e95cf788aca2b66816058d55464853d07a9afa0c54159b5b9f3f82ad27c917b6a61bc88ac44393f2e4951cfe0453595986e327d727ad797bec7b5b6e28895874e981d3a546f1c60900fcc4e07afbd5d90aec9edd156e22ca9601ba679c77ae8618a58ece033905f686e063afff00aebbb0c9eace1c4b5a22bb070e0ab1902f3c8cd126446aea07032d915a3d13442b5d1518e7923a9e4d5704bca1971c703d4d79f33ba2b42cbdc3855429b97d979cf6ac8b8bb91963db95738f3001c0c567526ed62e9c15ccfbbbc11b6629b0c73919ebc5733a9c81dcb83866efeb5e56265ccac8efa71b2b9c56abaaa58819da093b486edef5952eb64baac12ee53e871ce3ff00d54a8e1dca2a4cd546fa93a5eb2c61e16dc541c820904d3e5bf86545d832e064a11f4e99a1d2d6e84a2ef743bed47fba68fb51fee9acfd91563e71946096c7e7513a8cee15fa3b3f298bd08d0e5be638f435282060823d6a514c5c166c01cfd2bd87e0c5e11fda96448ce1641f4e95c58f57c3c8f4f2c69622277babcb702ddda2049009acff0087dad3af8992c724094928738c15edf957cbe1e1cc9c96e8fbbe54e9b3ebd6bd8ee741b1964f95814c0ebf3638ac8d7637b8f30a10a5d31dbdbfa815f4759734743e4b0cb926afd1b392c911907e520f71cd384442e4905bb66bc54ae7d03d0722028725461b20d06163c025949cf15a244364641b7b852ecd860541271c9e057737d0471c2123380063f218aefc2ad248f3b192f7a1f332461492a47b531c6fb553b0efc1e9f91fe5572dac115adca172ae480586d201c8a8448919eb9e6bce9e8f53be3ac6c8ab25f984b32286dca576b13b47180462b9bbfd51537a823818ebd6b86bd5b2b1d9469eb739db9d4d8e57771b4f20f5ae7aff005711068da41cf1c9e7fcf35e5c62ea3b1d4f5d0f3cd67537b899db79c1186c92735cdc5adc3fda26cd646de148cf6c57d4d0a16a7caba1956c4428ca29f5763721bf9000a1fe5030076abc2f5a55fb858819c01c71ea2b09d257b9d6accb3f6cbcfee0fca8fb65e7f707e55cdece1dc76478bb9578f7647039a8188f2f039f4afb367e4715d062282060f4e6a5552c38ea2a117d4794da7e639c719aee7e16ddcf0fc40b3b588332de8681941ebc6471f8561888f3d392f23bf08d42b45f99f556b5e1ed320b36313b3155e55979ae034bd12cb4ef11477b0a796e241df8e783c57c855fdcd5e583d0fb8a7394a9ddf53de2db552fa52db96e0e0003bd59b5d412ee158589dea30188af7dd44da5e478ce8d936bb99977686390b0f9496e31df3d3a554f2e42a5b7e79e3239af3e71b33ba124d0e40b925cf4a90cac1319c738183fad24edb0dab90b6c7955a4650bbd14b37625c63f91aef75054f35b182a0600f5f7af4309b4bfaee7998dbf3c17afe8633ab37111ea3bf735138008576c84392546307d2aa638765b98d77770c71b96954b7dd0a4d73977a99672a3800715e2e22aa5a23dac3d36d5d98d797eed9db21c139ac4bbb92f9dedd462bc99be6dcec7a2b2399bfd515372ee002f079eb5c96ab7cd29187f908c03edd2bbf09475bb2e11eace5ae27f31c8424af4e6b35eda15b85b811fef17b8fd6be8a1a2b1e5e2146abbbe9b1d6f87ace3bebc8a371fbb38cfad7aadbe85a5408acb6a84819c900f35f3f8fab253e54f43d16df2a48b1f61b2ff009e09ff007c8a3ec365ff003c13fef915e473b2353e48cb06c8247b0a370ee471c1afd34fcc2c218f63741cfb54f0807a64d27a22e0b999338017a727d3b5765f0aa133fc54f0fc68dcfda777bf0a4d653d62ceda517ed23f23eb5f135c829008c05f3012df81c5713aadcc16f6ae540f3072a7debe3b1724eab3ee2847f7491d8e89a9c7a9e916d344e72ebc8070437422b474ebc16d72c8ee14f519ec6bb9cace323150bc65135cea01c2ef39239e4d40d3ab93b4e79ede95729f318c69d8a725c2206c13f4ce4d674ba9caab98cf232715cd39db63ae14efb8d8f558df02561b8488f923818aed756d6e13702289c018241f5247ff005ebaf0b5d284bbe9fa9c789c3b954876d7f4311f5f6552d18566270a31c1fad67dc6b534a4bb390fdf0703f2ae7ab8a6d58e8a78549dd9897574d3ccccdcb6383e9f4aca9ee18b37209ce0e6bc89bbbbb3d1494558cfb8b9d9f3310463b76f4ae5752d591b8de319e84f5e28841ce561257671b7da84934a58ca5863191deb12e27925f9431c0afa2a34d4522ab3e58f2a2a9423a8a912dcc8a7a74aea6ec70c69ddd8e87c273adbdf08d9f69ced06bd7a0b849e0ca632bd335f3b982fdefa9d56f75127967fd9fca8f2cffb3f9579d626ccf90181ce052631c57e947e64b51eaace028e48e2bd37c19f05bc6fe2f8e3b9b4d396c6c5f18bbbf6f2626c9fe1cf2df80a89cac8e8a30bc8ed6efe0d784bc3f3bd96b9e2cbcd5efca7cb0e89681951fd19ddb9fc053bc23a3f87bc2baed9789ecb44d7dbec11b25d34e5248d1d86032955057e873f5af1aa637de7086bf3fcbfa47d961b27e7a6aacdf2f6beff00f0353d1ee35eb0d75d2e34e9fcc8635030782a7bf15caeb771b376d39c039c8f6af9faaf9ea37e67a9eca54fdc96e50f0478b21b1bfbdd2f5195cc3266688c5f78b01ca2fa123a7bd75da06b89abe8d15ea8705d9970e7e65c1eff008577d78da0976fd4cdc1c6ab7d0de4d49c60061d3a9a946a654e2391949e0915c7ed99a7b3442d78c9827e63df27b567dc5fac7b98ae79071eb59ca76d0ab2280d41e5db0617cb00e0f424923afe55d6c37897ba4812be258c05273e9fe456d869ddca2faa31a8b66ba33365b9f2de4895f70270707f95553708ebb4b631ebfd6b09bbe8742d15cc8d7751fb268f752c2ec6444c8c76fa57998f115d588b5ba8354fb634fbcc96ec083160e0679efd6ba30f463553baff008052b5b535351f1097b7ca648201207041ae62eaf0be1578001ce70724d6f87a1cbab348c3955d99b23798e7240fa0a8c28c6057a6b456319d9b1924648ea3d79a9add0300a7d29b7a1318da63e23f67ba1229c10704fa57a2687ac09a140496949c124e3e9d2bcbc7d3e68a9ae869cb74d763a4fb7fbafe747dbfdd7f3af0b9999f29f273329391cf18ad1d1341d57c47abc1a4e8f6335edecedb638625c963fd07bd7e9923f3082e87d1fa07803c0df0b922b9f14a47e24f1422877b653bad6c9bb293fc6c3d2b6b53f8b76f2dbb5d4914775789f2dba491111c438380bc003e515e16231529cdd3a6ae96febff00fbdcaf2771a4b1155d9bdbba5fe6cf35bef1b6bba83c6cf3c5098c92bf678c21e4f722b7f43f88525ae9f2d96a33cd1074111685032cab9ced719e47eb5c95287da86e7d3ca8c1d3e4dce7eeb55b78fc4b757de1984da59a8dcb14920e800ce338ce4f2075e6b5355d452f7468eeb704332679ec73cf3f506b9ab52f7e33ea638857516f56b73cfe6b8962b859e372b2236e520f208af54f0ef8bac353d29226115bdd46312460639fef0f635d98987eef991e55577a9a1a8dadc6a4a894373ef4b1eae0824499238e3f9d780f98dba1236b11e30f228cf1e95977bafc30e143a96ce406e01aa84652d2c249c9d8c1b3bfd46e6f0dc5ba33aa65954938dd8ebeff4ae974ff1138c290d0b85f995d48adaa4791fb8f546928ad916a5d5a2dde6acc37039c03d2a8cbaddb984c8b711b01fed818ed5cca129ec84ae615e78812697ca2ea22705492781c673f4ae5266b34b8f35214c82381d0fd3f4af5b0d4a50f99d118a48827bd32c8cc49e7802a9b12c38ebd057a308f2ab1139f4469697a67db65dd29c429f7b1d4fd2aead9e9d6f7133bb968c8611295ebd719fd2b9aa55939384484ba231a58c86c12323d8d4b6e83272dd78e86b76fdd2d2f7ae86dec4158ed39c93daace8f7e6de640e4900e0f38e3d6a271f694ac25f1dbb9dcff6947ff3d63ffbe87f8d1fda51ff00cf58ff00efa1fe35f39f577d98f959f3744859803d392457d53f0974297c17f0c2f3c5d188d35ed554241238e6de0ee47a16ebf4c57dce2eaba749c96e7c06558555eaa52daebf32bbc577a85abccb686e2076cb1624027d77521f03ea1a8e8e6d62bc8d6c2393cd0a91670e73c16ea4e335f278794e2ff13f4fa9529c15a5ad8822f873a64173b6fe7b908630ca06d523aee2727a74ae23c4561a6584b143a45dcb74eaa7ce1201856f4522bd0a55e539f2c918a6e69b8226d37c2777736e977a8b7d92160182f57607f97e34ed7a68e28e0b5855762280beab8ffeb62b3f6cab56518ec8e5526dea72771cf247e955e12c927988e5587420e0d7acb6b1e754f8f43adb5d3b5cbab486e6c564b92ffc29f7b3fd6aeda587896e1da3b4d16f5e42395589be519ae070854ba48ed75e9a5efb48e82c7c19e25be27edbbed32065194ee19e7a7e35d3e9ff000bec3996fa59ae981e84e07e42b9399a6e30562255925ee9d3a785ac6cad0c76d66b1018da48c554bef0958dfd9952191f1c3a7041ac254bdebf532553a9e7dacf81756864716b7c6441fc32706b8bbcd2359b37613dbb0c13f30e95d746bd3f864accea8d4bab198f1dca820ab0c7078e942db4cfc751cfe1815dfcd1b5d0f966fa8e36ac064ab63b7cbd6af59e87a8de38582d9fd4120e3159ceb462aed8b95477348d94b61132cd11676c91b4d66491de5ecc22b689e400ed538f6ae6a738c9ba8de855f4ba269f42bbb3856e2e8afcc0300a738fad42700ed4c900e4363915a46aaaaaf1d870b5ae55b825941ce4e7923d6ac693a6bdfde882304c8dc0c03c7b9f6ad9cb961709257e6ec68ff613ff00d046c7fefed1fd84ff00f411b1ff00bfb58fb5f261f5c8799c67c36f09cbe2df1ce9ba2aa1649a6064e33850726bee2f1adb68fa36876fa1c30c588200878ea6bd6c4c972c9be8ac7c765d19274a31eadbf92d17ea7ce5af5c2da4ecd14bfba51c463a13eb5891f886e22b73144a06061304f1f857cd52c3aab0bb3f4d8c538ab993717d77712b3c93c84b6782c7a1ed54c1046735ea421182b44c272d6c8e934ed6c8d20d9cee4490aed8987f77d3f0ae7f509bcf97702c7d3772715cf468f254933cc9a51b99139e0a934e8a218cd7a4de879a95e67bf785ed4470da4cd0a4b1adbc6ec02f006d193f957ae691afc6da7bdba59a2311b55946081c81ef5cd83abca9aeed9e5e32873d9df62196269e4cb8257a9f4a7a4217382467a7b567523ef5d9ac65eea4864b626e8314750aa36a86ace920788ec57438ef584e9d9731bc2a27eef630750d3b50725914b2907a76ae62e746bb7621edced27f881af26ad19dee8ee538b5a19537847cd9371b72adc74e3a530783e28434c0b21eb827154aa554accd3da6832df4586ddb8c4cfbb76f6e4d693a25a40eec761c0e49e4fd2b99cdcdb6c996a71daace0c2fb4b02bc038e0551d25e75b93289884049273e831eb5e942295177364972ea45ab6aa2ea52ef3197600a09ce475e9e9582a0b92c7239ea79af42841c2166525656439954a16e4b03f9569ddde2786bc2373aac527fa6dc830c1fec31e09fc00cd5b5cce30eecc31953d95094bc8f2afb7dd7fcf56fce8fb7dd7fcf56fcebdcf6513e13eb553b9f577c01f00ea9e0df88178fe23b1fb35dc36c658d49072a7201fd2b7bc73ab4da86ab7728381bb033ce79af1f1d53f7327dd9f5396d18fb78db6515f8b6cf10d6a6df72c3032c73cf27a7ffaeb19b20f0b8c71d6b9a82b5348fb79691217fcfeb4c24631eb5d68f3e6c158e783c918150b382a59b19f435491c55e5a22bed0f20e09156a34cb01cf26aa472d28a72b9f47783505dd8594720f2ff700305519da057b2786348d267d2e2ba8211b49208e7b1acb0093577bea7cfe6939c23eeec53d5563b6b874842aa8e831d38ae7daf118ed570c7a1c718e2a7152b4ac6b858b941364b1dc6e818c6cbf29c641e95558fcfb9f078c75ae79cae91d318d9b2c295118c3038ec7b55b51088f33018c7048e2ae16ea653bf4302fa08bce1f6760c9d48f4eff00d7f4ae6af1c34ae884100fcdefc579d89b4763be95dad4c7b89ade04dc0648e718ae6756be371905c8001c103257e95e6c3de96875456a6425849a9cec88728d91939e053750d32d6cad3c986466981cbe1461bd702bbe356d254d1a5f5b2332df4db661b4abbbb64293d8e3ae7f3fd2965b261084b740cb9da30339391f8f6f5aeaf6adcacca4f5bb23b5d2e49ee92ddd086077371dbd2b92f897a820d62df42b67fdc58479751d3cc6e4fe98aeec2fef2baec93678d9cd5b61f9575b1c273ed473ed5ee9f15ef1fa35aa5f249f13355789c168ac23888cf03a9feb5e35e23b8db149248497dc4656be6f1f2bd34bcdfe67e8594c2cd2feec7f23cab50657b97d8e19474e2b39892dd78ad292f755cfa8a92d0898f3c0ef511c9e3ad74a3ce9b04243838ef550282e50bb075cfca473548f3abebca5a8ade728d2181c463f8f69c7e75ada458bea1a8dbd9c48cef2c8a802fb902b2a92b2761d37eeb91ed5e169751d36d248efec5eceee30f1b4528f98658e0fb718af5cf0e788edec74398162c8a7e40319e9c93e958612ac69ce507d2e7858ca2ebd256eb630b54f10473b9db92dd5b078ac96ba40c017031dc0ae3af5d4e6d9e851a0e1048d61796cb611a0652f839ed8ac5bfd6f4fb34df7574908c13cb73f953ad522ac874694a4da4623fc40d1225dc1a79549c6e8e3241a81be2269174a233792dbb631895594564e7524ac97f5f99ddf509eed1b167aa453d81920b84910938dac39e2b1ee2658819361932738cf4ae1ab52f1467c9cada302fee04c4845da08e2b25238d94824f3d07ad630d15d16b6260c6252d18c1ee4751fe3595a82cb70990c3e43cfbd6d46dcdccc15ae46196d6d559a4dcec3f8b8c7b53cdcc042a3aac654658336727b1ae9e56f541257d51ab6115bca6395a45392599c1fb88bc927d3806be75d5f519359d6ef3549461aee669300f404f03f01815ece591f7a4fd0f98ce25eec60fcca5e437a1a3c86f435eddd1f3dec99f514ff0011edbfe1615eead6d7827b4ba81232cb92a182e08fd2b9ed6fc4f05f4261899c0ea083c1af99ab4ea4da4d697b9face0a8c542335d92fb8e3de4dc49e86a227b66bb523a6abb911233c9fca9a4f35a23826eec9ad97f7e1f3f73e6a2f552e2413058d77755518c1a8fb7739dc54a366771a66bd757fe087f0e6ab6513c006eb4bb20ab8c75518e1871deb7be14e931c9f13b4889a3574888b8979fbbb4123f5c57339f35550e9a1c138fb2a15127dd9e85e38be1378ff54f24a8f28229ff00be45620bf31b3047f95d6bccc44daab36bbb230cbf7304fb21f1de8370aabb6565238c1c1c7b548d3972cf9e49fbbe95c12937b1dc8964d474985669eeee96d5557115b0906f95b1ea7a2e7924d79cdc788b42975298ea302deaa9e1b070ddc818aec853954b4a9af3ff0081f71d98684ecff336344d56c6f25c5805b40a09863940e49eb81deba9165a4788606b2d42c2082ec2fc92a00377d69c2f09fb39f5fc1955d4e0f9e2f55f89e61abe8daa786a779ed6e648e21210aca71f98ad2d23c5315ea8b7bf93cab8cf071f2bff0081a75e97b7a7ed22bde5b9b5582ab0e78ee685d80587503f9d5648d821c11b47b7f2af3a2fdd3cc2290b222aa49b8f4e6a9de4b1436fb5e45dfd7a67f5ae9a6aed590d2396bcbd371364b91b400063be3ad46af24d1be49dd9e4fafb0af71414628d958b3757ed67e18d76e2394026cfecb1a93d5e5214fe3b771acff00fc27baf113c77dac6fb5b15e561c61e503f90aafac2c3519497c4dd97ad8f031985face2d465f0c55d9ed7ff0ac7c3bff0040483f2a3fe158f877fe80907e55e1fb4c67f3b3d1e4a1d91f34e897a90bbdb4cc064ee5cd6f8933c920d7d5558fbd734cab131961942faad071742323af7a6139c1ce6b2b1e9caa2b084e69a00c7ae2a8e593d6c89a32421c37deea3d6bb4f0af876cf5cf08f88e6b88ff007f6b109219b0731b004fe46aa9454a767e7f91e7e3aa4a9d07386e9afc5a39db89b57b282decee5cf976ea446072a3710c6baef873e25d27c35aadd5dea7a9c56f732a08d3cc3db3c9cf4ae3766b9a0ae69552f60d77175cf104f7be2ab9d6adae83452c9f794e5645c601ae86d27765513a860475ef8af1316d26a5d59a2a694229762c2bb25c192162bdd483c8ab4f709146b25c4a2352700bf19eff00d2bce579685c637924b7390d5f474d5c5c5cc3724ddcff00bd08ea768451c0ce38ebf8d707716b736d2342ea85d7a8dc383e9f5afa0c156528f23dd1eb72b71f77746869ab74609aeb7329b5c19223956087a107d338e2bd27c31ab3ce212e5bce818f5523a12319e95962d2ba9c7a3264fda537ccb51de3fd6ec22d162d2c324978e373ed39c66bc8cb1072b9183c575d0574e5dc30f171a766747a7f884b2a5bea1ba40a36ab8ebf435ba65ba6c23db491918246dfbbfe7e95e757c3724f4dba1c75e9aa72f26417b34d0dbe0a942a7a91d39ebf4ae56e1a79dbef9e46ec1e83fc6b6c2c525762a74dc95e28d7f0c68569777f9d66c753b8b7f976c3651659b24e4927a0007eb5ed1aefc0df0eb6856be20f0d5edd1b4d8ad244e7e6c1ea7db1dc57a0db9c27c9ba5a7ea7998baf530d5a9a6d72c9d9f919165e0ed02c956da4b6563b8484cc3765867071f8d763a5e95632cd196078efd00ed9af0e9c3db544eabbbfc8daacdc62dc4e8bc9f0ff00fd06e3fce8f27c3fff0041b8ff003af5ff00d97f9cf2b9f11ff3ecfcfa783a1039a7adecd6a06d91b8af7aca5a1e4c672a0f9a3a12af88668d9566855c1ee0e0d6e585ec3a8aa9b761bcff00031c106b0ab4b955d1ece0332fac4bd94f47d3ccbd25b4f130122609f420ff002a58a2064024fbb5cae49aba3dc516b52c488a91a94fa7239a92df54d46c2dae2decef24b74ba52932a9c6f5f435317d499d3528f2c95d0e93598e4d1ae06a2449229410b918da1739fd315e6f7f7cd7f7af70c081d107a0ae8c2d2e5727d3a1f3f9b56e5a51a4baebf71e9ba4dc11a3c1b8aec48d38ee7a64577ba4dfacaa23c8deb8e3fcf6af9dc7d3ba6d7467bd157827e46d940e3728c0071d6b9bf14ea12e9f73a5ba61955dd994f39c051fc89af3b09053a8a2fadff236a0af512feb6248f53b2bb68604bbcd9b9df2a83893031c7e278ab31db68773760886068f23cc5638c1c80bfa1635d16952d3547a4d496c691b3f0fdba247e4c38009f5cfd7d6b2affc4da669f0347a6a461cae708b819a21195595a3a90a3397c479d5ddd4b797524f2b6e791b24d4406ef4e2be8231518a48d899222dca83c57d11f033c62da85ecbe16d7c4574e881ad6496356618ea334e134aa267959ce1fdae124d6eb53d93c49e09f0df88dade7bfd3d0c90fcb941b72be871d6bc7e6f14784341561a5fc387bf9239da16802192604120b150a70323d7a574d4a3494f9f96ed9f1587c5e26749518cec91d5f867c7d3cfab47697de1f874a49e33f67804411c11c9ce4ee3c03fc35da68cea353d6fc38ec7c9957ed5013d364990ca3e8c0f1ef5719735afe9f818ce0d465adfafdcd7fc13c2afbed767ab5cd95f8cb5abb45b87a03c1feb56a2d7a5588dbc721e47dfef8af849ce742a492df63ece1cb569a657f24fa49f91a3c93e927e46a3ea389fe497dcff00c8d3dac3ba3fffd9, 'pleven, Bulgaria', '1990-11-01'),
(9, 'Kunai', 'f10e2821bbbea527ea02200352313bc059445190', 'kunaiwithchain@gmail.com', '1', 0xffd8ffe000104a46494600010100000100010000ffdb00840009060714121214141214151415151515151514141616141518181515161617151617181c2820181c251c141621322126292b2e2e2e181f3338332c37282d2e2b010a0a0a0e0d0e1a10101a2c1c1f202c2c2c2c2c2c2c2c2c2c2c2c2c2d2c2c2c2c2c2c2c2c2c2c2c2c2c2c2c2c2c2c2c2c2c2c2c2c2b2c2c2c2c2c2c2c2c2b372cffc000110800f300d003012200021101031101ffc4001c0000000701010000000000000000000000000103040506070208ffc4004110000201020305050505060504030000000102000311041221050631415113226171815291a1b1c107233262d11442728292f03353a2b2e14383c3f1152473ffc400190100020301000000000000000000000000000201030405ffc4002411000202020202020301010000000000000001021103211231044122321351613371ffda000c03010002110311003f00dc60820800208208002085392600750e31ff00e4e9768696751505ae84d8ea2e2d7e3a1e51d668500a4113cd066800a41380d0ef003a8215e0bc00382082f000410af392d003b82719a183003a821438002082080020820800208208002143846001189b19db441cc64051b7ff000a055a753db52a7cd0e9f0690fb37786bd2d29d5240d32377c7958ea3d2d2d1bfa97a08decd41fea044cbb6b12b6a8872b0395add38827a89346ec55286d1a5e037e01d2bd32bf9e9f787aa9d47a5e59307b469d55cd4dd5c75537f43d0f84c3b0bb739541eabf5125f058b17cf45cab7b4872b7af51e0749342cb0465f536215676b5667d80deda8ba565ed17da4d1bd5781f4b4b2ecfdac95573536cc39f220f420ea214999a78e51ed1600f3b0d22d313165c448e2c41f66845a33ede34da1b6295017a8e17a2f163e4a3591c4949be8946788d6c4051762140e6c401ef3293b437c9db4a29907b4fab7a0e03e32abb476a6637ad50bb1e009cc7f957809345f0f1e4fbd1a363b7aa8af7691ed5d88550bf86e4d85db85bca58299e1ce659bb94b3e2688e8d98f9282df4134f43205cd0507487221ce14cec456521c10af0e000820820008208200080c28098009b98dea18b398daa18f102037d45f0750fb251bdd513fe6649b6c90411c194a9f1b1b89b16f1d3cf85aebd69b5bcc0b8f94c7f6d0bd307a30f8ffec4b1235607f16886bcee9b906e0907a888de7578d43d93584db64585417fcc343ee93581c66a1e93598731c7c98731e06536f16c3e20a1b8363d7e87a8f088e23f2b54cd5b666df0d65a9656e17e0a7f43fdde4c55c72a29666ca0733fdea7c266981c68a82c6d9adc3911d475f28f2ad736efb92178663a010e4cadf8f17b44eed2de6a8fdda3f76bed9b673e57d17e7e52b18bc6aa1249bb1e37373e6cc645e3f6c13a53d07b5ccf9749145a4536589461d1278bdaec745361d79fa74f9c436452cd545f5b5d8fa4652677769eaede43ea64b54864db65fb71a85eb3bfb14ec3cdd87d29fc65ee9caaee2d1b5177e6f51bdc8028f886f7cb5528862cd2b9b1c242af572db8dcf003899d243282f7f48a54332ef9975d49b9516202f3249d798e168f84469d2b12799fa701e5054c52ae84ebd06a7dc359002f044e9550c2e39ebef8a400108984670cd003a26725a705a2352b80352079903e71920a14731bd53196236e61d78d7a5fd6a7e464756de6c37f9ca7cae7e423a44f17fa1fe2750475047bc5a63b8ba77a6c39e5f97fea68b577930ffe67fa5bf4943aac0b35b8167b791636f84b1234e04d5d95310ef0aa0b123a1227378d430a5e741a3dd97b1ea6229d67a7de34423151c4ab12095f116bda71b0f062bd7a54892a2a365b8d48b832b738eff8167386c46523a5efa7107a8f1f9c5f68ed03534e43a7027ac5f78777ab60ded505d4fe1a83f09fd0f8487cd08b535c96c952d0a5e09c668778d40752c9b1d72d104f3bb1f8fd04ad4b7e168dc227b4513fa8807e7164590fd9a56ef52ecf0f494f1c8a4f9b0cc7e24c9aa4d22e8b5a3da6f15a39ed9208d3bbc66b52762a44a2072e2e3fb1f28c992fdd4161fbc47c40f1f18e03de7692001452c385bc2290a1c8039691db5b066aa155a8f49ada3a1b7bc73f9f4925689b8920643b7766e270edf7af51949b0a81dca1f8f74f8195cc6d775d7267f126e7e579bb62690652ac0329d0822e08f1133bde8dd434af56802d4f8b27164f15eabe1c478cb62d1aa1953d333d3b65b9281ea67076bbf45f77fcc778fa28752a7f8d79798e624556a16d410cbd47d47296a48b1d8e0ed5a9d47ba17ff2b53a8f74617824d0bc99dd47b924f337923b0f670c41a8b7b109753d0e61c7c359152cfb8ebdeaa7c147c4ca7c8938e36d0ad92fb8f46a61ff0069cc0ab834add0805cdc751a495c26c4a5fb5a62a99ecca9667a40685b237794f21d447087b8dfcbf58541ec5bf84fc485f9319c596594a4e5d58963e4c6ad556a58919e9bf5e5ebcbce665bcbb18e16b64073230cf4dfaa9e5e60e865ea406dc5ede8d400dcd166a8838900002a28f0d335a5de1e4709ff00094ca7830c19c031f54d9b51688ace32a33654cda3371370bc6c2dc6761b48b2c4b0e2eca3ab0f9cb852aa5191d6d746cc01e1a69cbdf2a7b330cf51c0a7c46b73c078997dd8bb329520f56bb356ecd0bb6636a62dc820e249ebee99b3678c35ec653496c734f7aab7b348dbf8bf58b26f8571ff004a91fe671facce3255ac6ad555240cd52a11a2adcdfc871b01e51af687a9f7cb16c5e38dfa35aa5becff00bd8753fc3548f814fac7b4b7d691fc54aaaff4b0f9fd264384a4ac45d989e4a82edef3a096ad8db3f3ba524eeb37b6d7b01a93c75f21c6144bc50abe8d3364edea38836a65b30172ac8cb6f522df19354da456ccc0250408834e249fc4c7ab1ebfd88fe9b4568c72abd0ec19d44d0cec442039c913a8460037a8b1ad511f308dab08e9819c6f76eee5cd5a80d38d4a63975751f123d44cf71f82fde4d3a81cc787e9376c52ccdb7af63762dda531f76c751ecb13cba29f9f9897c59a31cef4ccf2f0d75361c4f011f6d0c192c0a024b1b65035cc785878cbf6eb6e9ae193b5ae035522f6e210741d5ba995f919e3855bec6968a252d855c8bf6654756d3e1c65977570269175b966394d829d38da59eddad544e019ac48d3baa0bb7c148f5965c37654d72d3517f65002c7c4fea672b379929c69a15bb2bab84601b3291a29d7f9fa708853a6496b6bc07c4ffc4b5360cd4ff1387b00e9fcc7f7bc869e7146c12eba7f6384c5cc8a2a2e96954c157c8c09e17b30eaada1f9cbded84550574b9d3dfa48d6dd2571701c5f9e61f2335e0aa763c60d94fddfd8a1ab6a2e331c80ea2c0e84f5921be286ad75a434a744599cf02ed62d6eb6ee896ddd9d8a69355b9ccca32adec0dc8bf2f0235f032b3b4b0d56e5b2e809cd72030624f2e3fbda4b5656f26fd114ee8ef60d0554baae51c07536e2c4f527e52571d473d034af97b523311c72272f5260a185c8aaa3900a3d045fb22cf61c2e141f2e27df7f74cb29dcac52b5bd3596861a9e1a9f77b43da381ec2dd53375bb663fca25528d22ec1545c9921bcd8bed713508e00e451d153ba07f7d63cd9d861450bbe848b9f01c809d8c11e38d7ed97410ad1a29874b9d4f33cc9e83c2479c567376e3fa7002238bc49a8d7e5c874ff99ca28e67dd37618d6d99bc8c9cbe2ba2d3b1b7af1140801fb54f62a1d6df95f88f94d17606f251c568872d4b5cd27d1c797261e22f319a75470127775a897c661c2e843e6bf455059bde05bd659970c5c5cba32a934e8da6998b88d6918e56731971d4230e1190026e636aa638a919636ba5352d51951471672140f531e2033c5090fb430eae8c8e2eac083e5f4ebe922f6cefe5142568ab553ed68a9e77e27dd13dd67af8c635ab3014412169a0b2b11d6f7240f38d9327e387263a83ec3dd5dd7ec98d6a8731d7b2d2d61afde11c988f77c86f0ed84a609660a834f127a01ce1efcef7d3c2a9a4873d5235507f08fcdd2fd38cc8b1f8f7acd9ea1b9e5d07801ca73f1e09f932e73d22ddb341ddddba31152a6542a29a120920939c85e16d34bf3e72dfb1719969804004ddafd6e4ea7dc6547767642d0a6e4125da9d1ed3506c5998d874e126c3fdcd33d0d453e8e48f8199bc98c54da8f40f45b2962018cf68ed0600ad101df8137eeaf99e67c07c256ebe35b21009d6cbef204b361a901612b8635db1f1c6f656e9d0aa2a2f6a40676b2bb532e331fdd1dfee922fca5b30583aab60cca473216c7cad3ac651bb51f0ab73e94aa7d6d1ee21eca6dc780f39a9f44b97a455b78711f79f767295162c3c0f3ebd3dfd243ed6c676dd8863de3517ef00b682ed6bf06d540b1ebe7269701db0773f8731e37b1b1b2836d4ad866f12c3c61e1377cd4a37a8496719adf854026ea02f2d2deb138dbb0a4ce570b700fa88a6cbc2065ef685432b8e6091a9f5e23ce21b171656a7615b8ebd9bf26b7153f9808ff1b8954a80a6b5068ca3832fb24fb5d0fa7026669269d32b6a8cff006bee73e1aa1aa49a94756cf6ef29bded500e9ed7095cda38d350d87e11c3c7c66ad8adbb98fddfe1f9f507a74b4cf77bb6264aa2a525fbbac0b0551a2b0b0750072b906de33abe1f93c9f1984a4f8d10004ec0890a4471b8f3d0c515675e3b33b542f446b2fdf66d86bd777f612deae6df20651f0c9352fb38c114c3b5422ddabe65f1451653ea731f231b33ac7ff4a96e45ca908e5621484702731968708c382401c30903b7f76a862ac6aab5c70656208fa4b01885692985d199ed6fb3da57554aafde36cac158586ac411622c35e7ca3ade1c555a18714b034c8555cbda8b1ca00b7757893f9ad2c74d0d666a87443a2f52a390f02753d741cb53af4a270796773e91673679e71742a0625ee49372c75b9e649ebe713a56cc2fc2e2fe57d66d5b6b61d2ac3be2cdc9c5837af23eb339dbfbaed46e4152bed2f0fe65e2a7de26d55545919265f68d3b255238376454f55cd57291e9689d23dc75f66a661e4e83eaa640ee3557fd9aba393dda94d541e42ce6c3c2f2570b8806bbd2bea6887b7f0b1fa319c2cd06b24904b6ce31b5d50296bdb3d3bd8126c1c13a0f29383788e869e1b10fe6997e72328d30d52983cdc0f9fe92d542885b71b748636a8bf1a5c7b196cfdea5a9556956a552854bf743a9b1d08e23cfe32cd5781f0bdbced114706dc34e1e10aa6200e12c6d1538bb1a54a62961029397b80124dac5b89bf8127dd1ee17174d92e8cac00e47a784658ac151c60cb50165a4faa9242e6ca0ea068da3090db6f76e9280f8756c3d45e0f4b407a865e047a4344a57a2adf693b58a56a6948d98115891c41b9c83e662bb2f6b76c2e6eb506ac0e875e63c272bb18d7acf5aa1cb9cdc1b77f2feef1d174b4aa57c61a75d9e99365720026f7506c413cef69ae5e2a9c35da232495d164daf88387aa2a0b9a75b565e42a8ff00132f424156b789e924580c4e1ca536058f7e89d0f7d6fdd37eb7b79da30c515c5615b2ea74a8839874bdd7d54b0f512b5b276a35060575536257ea3a194e3c3ce3ca3f68953950dabd5673df2491c8f2874d6f2577869ab30af4f54adc6dcaa716f2bf1b75cd1ae068162028cccc42a81cc9e13b5e3c94a37d14646c9ddd4d8271554023ee92c6a9ea2f7083c5be579aed0a600000b000000682c380123777f652e1a8ad35b5f8bb0fde63f88f97e824cd2599f364737fc2631a42b4d62b390275331208208200118d71b433a953c0f1b731cd7c8f08e8ce1a4a01a3a585870118e26886041bfa120fbc6b242a46cf2c4055768eead0a9a90e0f5151fea4cade3b70178d2aee87f32ab8f8588f8cd16a88c6b2cb10ca4d148d8bb22a618554a8e1f3766ea45c68338b11eb2bd81da16da88ed708d53b1bf2cac0d2f99065ef6dd414eee780a550ff0049523eb32315194dc5ee0dc79837f9ccbf8794e63a91abd24cb5e98e62a0fa8962a4adae620f25005b4b93af53afc25437a3137a14f1084815451a808d08ccca0d88e04132cf8bbe1d2992cf5b3358dc266032937b802f6b09871e36e2cbf1cd2d31cd7a99559ba027dc38487a9b71a981da53cf7207dd1d493a0195bc7c648d0c652aa085606e2c54e8c2fc8a9d44029e1f0c55ead4b11aa2358b5c702146ac64c57a2e94a295b27707442ad80b5ee48f13a9f8c8fdbdb629d15c85d454704004816b8e2c4f9dedce41e337b1aa304a4a692136ccda5461f94705bf5d4f91955dfed8e542d7153321b2046be7b9bb5c1e0d7b124f1f39a7178f6fe5a31398d778779030ec681394775aa0d335b4b29e9e32acfc2274ceb14a93ab1548ad923b13699a0f7fdd3f887d478ce369d00b54e5b146efa11c32b6ba791b8f48cc09d063a0be82f61d2fa9b4458b8cf92f7d837a1de1aa90ac9c55f5b7461c1c78f2f1065f3ece762dcfed4e341a5107dccff41eb2afbadb18e26b04d428ef5461c901d75ea780f5e9362d9d845a6b9105941365e4b7d6c3c24e46a0a97b112b1dd258ee9ace2924584c6d8c1c10411401041018004624e676c637a8d25009d431b398ab98daa34b50095568caab45aabc85da5b6a8d1fc75141f64105bfa46b2c4046efbdff0066623f84f93693356406583793788e20e54bad3035078b1b8209f2b48096e38d3b0b2db42af6bb21d79e1aa2ff004354561f5f7494db58dc61a748a6422cd96e00cd6ca3aea75e3c256b76b18146229370ad41c7f32a965f91960a9b41aa52a408e19d03af03729c3c84c50c6a391a7d58d6f44062b6ed4cb6af4eee091616a7978106f958fbad16d8358b3312492c336ba9e279f1e71ed1ddf6a8ecef4d5d4b92b7a8c9a0eed880a4f2828ec6ec8ab970096229d3173704eba9d48001d7c25b196352d0cd4ded8e89b9cbe1afa9b0fac67bdfb473d2c3a370c8cedd437e10475e0def8e69d650cf98dbbd6b906ddd0071b5b8de567796a0355ec410a00520822c7bd6d39dd8cb6545642a9d6fe3177e51b08ae6b911d0cc7348713d21d0526c00b92740389278013acb64f332f1f67fb02f6c4d41ff00e40fc6a7e9ef8f27c4afb2d3b9db17f66a2037f88fdea87c6da2f90fd65a68a46b875923496629cad8c28a2750412a00410410004230e118009bc6b50c735234a863a0127328dbe5bcf528d4ec68d8305059d85c8cdc028e1eb2ed50ccbfed3f0a056a7501ef3a1523c10e87fd465f8eaf6432031bb5713534a95aa11d33587b96c246158a52c4b2fe2d4474995f84d8a117d08e4d7630851f9c28874f0c049fc4c3f221a5346e2a351c25bb07583a510382e63e442e5b19073bc35528d994d8df51c8f811f5913f1ef6bb2164dec8b7db788a15ab2a54655ed1f426ebf88f006f26f708362714ceeece552e4b1278b016d7fbd229b4b748e391b1385055c9b3d27232b3002e6937d0f38dbecf71270c6bb30f652d6d6ea58b2dbaf09cfa6a545fc9b45c711b13ef42062a1b3321e3af1643d7af9794ac6f1ee86254b3aa8a8b7bda9fe217fca78fa5e4eb6f50ad5169aae404822a13760402410a341c2dc799970a6d7008872698a60756995395815238860411e861d117612c1bf9b5ff0069c490baa51bd353d483df6bf98f878c83c18ef09a22efb19f44deccd9c7115d290e1a66f0506ec7e9eb361c2520a0002c00b003901c25437036785a4d58fe2a8cc01e88ac4003cc8bcbbe1d246595b110f70c91f208de808e56649324382082280208208002118708c0046ac6754c795632aa63c406d54ccbfed0aae7c52af24a607ab124fc32cd3ea4c936ce23b5c4557e45cdbc97ba3e0a3df35f8f0e521272a20eb51b7946c54aeab252badc48f9a671a6441da1f60ebe75b9f58bc8fd9af62cbe379212ec6ed154d5313ac6c2fe30d5b49c621c58888e19ef65f6885f7903eb1653a64a8da34adccc68340511dd7009d7ab6b7f7994addca3f7059b466cf9afc412486f5d2de865812ea415d19781fa7948ea82d4eb585ae5dadd0b0b9f89981c7e56685a20f0ef95d4f465f5d6d71e92d98ddbad87c3d4ea572a7f13680fa71f4954187cd940bdd988f0e56b78c577a2a66a74475bb1f701f53298ab6495da7ce58771b62a626abf684e5a614951a66cc4d813c877640d35979fb2b4d713ff0067ff002cd12d20340c2510a00500002c001600740249e1d235a0b2428894499039a422c2268228252c0382082400208208002118708c0042b463523dad19d49644061b48b0a550a0bbe46ca3ab58d87be63b6b686e08b820f1046841f1bcda9e633be38da6f8ca8689eee8188e05c5c330f0d07a8335f8f3e2c49c790deab48e73ac36a9381732e94ac231a02359af1d3628f946ad61385378aa4d12e298b66bc356b107a11f39c4ea0eda0a340d8f506229defde5d1bc7c7fbf189e3b0f93b4245c766588eb9737d0483ddfdac28f7825c9b06d6dc398f196ec628aa1581bad4464fea536f88226552d6c62a9b387754d86951d80b9e4878758cb78975a6bd15bfde639d8e7ef32b5bba0f9dd86523df39deac3957a6c7f7a98f7adaff02218bec057c2da5ebeca975c57fd9ffcb290c25e3eca8f7f123aad223d0d407fdc25f934884cd1e8ac7f484674447f484c92245944ee10872a0041041000410410004e5a753868008558d1e3aa863579644084deba6ed84ae29df364245b424037651e62e3d66327085b59bc56235bf0e7314c4555058afe12cd907e5cc72fc2d3678f4eec49b6ba1a361c2ea4c6eed054aa58ce72cb255e8657ec45c13e9c62e9a093dba9b37b7189047fd308a7f312587fb4482cb6d0f11c7d2569ed92c1042862390486c9c4042f9943022daf2b9e3f3977d82a4d0d0df2b0207e65376b781b7c4ca3ec7ab96a8b8b860ca41d78a9b7c449bd8aaf4eed98595954f5d7f0b795ec3d4ccb91548917dba5bf6a029a0b9419328b1627bc09f1b83ee8b6d73fb56159ceaf48e706c01cad6cd7f737f4c75b63066adaa53fc4833a906dc6e40d7a32b7be16eee460c0bdc545b007890d98924f5b9616f0889d480a1912d1f67189cb8c0bfe6232fa8b30f9195dc5d1c8ecbecb32fb89117d898bec71146a7b15149f226cdf0266c9ab88a8dda9c7b463358e68b4c321876209c833a95802082080020820800513733b68854692804aa18daa18ab9885432c4040ef8637b2c2d523891916dd5fbb7f4049f49911a0c4f0b0e52fff006898ad68d21f9aa37a7757e6d29f37f8f8ee365539d323592d38b456af18939b027c24cb434597adc6c3e5c396ff0031d8fa0ee8f94ad6f560fb2c43db83d9c7f35eff001065ff006260fb3c3d24e6116fe6753f1320f7ef0774a752dc18a1f26171f151ef99a2fe43b2893a581d6c61897902f827b5443d1d0ffa84ba6f26c914f2be9933652350466bdbcec7874129983a77751f997e626bdbddb1f3a1b0b81736ea2c411e76bda519fb44264461911d02533c691522f720f8f5d59a55f6532ab02090f9c929cb2dd596de37cc3df2430558517a7d967be4fbc0daa5ef6043746f869cef1bbba9c53b285508c2dcc1b365627de4fba676d0c33de9c1db10f6fdeb38f5163f106403a7596ede939bb1a96b12ac87cd5b87bf34812274f1c54a0994397166b5ba1b486230949af765011fae64001bf9e87d64e234c7f7776f3e0dc9033536b768838ff12fe61f19a96cbda54f114c54a4c194fbc1e608e4662cb8dc596c65c896478a868cd5a2c8d33b430e018713533b0628070410400e1e36a9041190083c6f520825880cc77d9bff00b6de094c0f899070413a983fcd19b27d86388e31241aaff12ffb84104a727b2e89b4b2caf6fd0ffea37f1d2ff7882099a3da1df4677891118209a9f62ae87fb2bfc44fe34ff709bfe2941537e904133793e855d99f6f5615168332a80c5d4123a336a3c0784aee0e98b29b71720f969a438273f2765cba14db3fe08f0aed6f0ba9264188704ed789fe48cb93ec0125775f14f4b17445362a2a305a80706163f8870274e3c441046f23ea18fb35f11558504e5b340ba4516082201d41041200ffd9, 'Pataklama, India', '');

-- --------------------------------------------------------

--
-- Table structure for table `user_activations`
--

CREATE TABLE IF NOT EXISTS `user_activations` (
  `user_id` int(11) NOT NULL AUTO_INCREMENT,
  `activation_code` varchar(10) COLLATE latin1_general_ci NOT NULL,
  PRIMARY KEY (`user_id`)
) ENGINE=MyISAM  DEFAULT CHARSET=latin1 COLLATE=latin1_general_ci AUTO_INCREMENT=10 ;

--
-- Dumping data for table `user_activations`
--

INSERT INTO `user_activations` (`user_id`, `activation_code`) VALUES
(4, 'bipwHIKO13'),
(5, 'fxBDFKOY78'),
(6, 'acdjrxMQ19'),
(7, 'jBHNQZ0235'),
(8, 'txACDGMPUV'),
(9, 'cefnoqQU19');

/*!40101 SET CHARACTER_SET_CLIENT=@OLD_CHARACTER_SET_CLIENT */;
/*!40101 SET CHARACTER_SET_RESULTS=@OLD_CHARACTER_SET_RESULTS */;
/*!40101 SET COLLATION_CONNECTION=@OLD_COLLATION_CONNECTION */;
