-- phpMyAdmin SQL Dump
-- version 4.1.12
-- http://www.phpmyadmin.net
--
-- Host: 127.0.0.1
-- Generation Time: Aug 25, 2014 at 05:49 PM
-- Server version: 5.6.16
-- PHP Version: 5.5.11

SET SQL_MODE = "NO_AUTO_VALUE_ON_ZERO";
SET time_zone = "+00:00";


/*!40101 SET @OLD_CHARACTER_SET_CLIENT=@@CHARACTER_SET_CLIENT */;
/*!40101 SET @OLD_CHARACTER_SET_RESULTS=@@CHARACTER_SET_RESULTS */;
/*!40101 SET @OLD_COLLATION_CONNECTION=@@COLLATION_CONNECTION */;
/*!40101 SET NAMES utf8 */;

--
-- Database: `softunioverflow`
--

-- --------------------------------------------------------

--
-- Table structure for table `categories`
--

CREATE TABLE IF NOT EXISTS `categories` (
  `id` tinyint(4) NOT NULL AUTO_INCREMENT,
  `category_title` varchar(150) NOT NULL,
  `category_description` varchar(255) NOT NULL,
  `last_post_date` datetime DEFAULT NULL,
  `last_user_posted` int(11) DEFAULT NULL,
  PRIMARY KEY (`id`)
) ENGINE=MyISAM  DEFAULT CHARSET=latin1 AUTO_INCREMENT=3 ;

--
-- Dumping data for table `categories`
--

INSERT INTO `categories` (`id`, `category_title`, `category_description`, `last_post_date`, `last_user_posted`) VALUES
(1, 'Test Category', 'this is a test category', '2014-08-20 15:30:34', 1),
(2, 'random category', 'this is a random forum category', '2014-08-25 15:12:24', 0);

-- --------------------------------------------------------

--
-- Table structure for table `posts`
--

CREATE TABLE IF NOT EXISTS `posts` (
  `id` int(11) NOT NULL AUTO_INCREMENT,
  `category_id` tinyint(4) NOT NULL,
  `topic_id` int(11) NOT NULL,
  `post_creator` varchar(30) NOT NULL,
  `post_content` text NOT NULL,
  `post_date` datetime NOT NULL,
  `votes` int(11) NOT NULL DEFAULT '0',
  PRIMARY KEY (`id`)
) ENGINE=MyISAM  DEFAULT CHARSET=latin1 AUTO_INCREMENT=22 ;

--
-- Dumping data for table `posts`
--

INSERT INTO `posts` (`id`, `category_id`, `topic_id`, `post_creator`, `post_content`, `post_date`, `votes`) VALUES
(7, 2, 5, 'valeri', 'a', '2014-08-24 21:18:17', 0),
(8, 2, 5, 'valeri', 'em nz dage', '2014-08-24 21:18:28', 0),
(9, 2, 5, 'Marinero', 'ko ma interesuva', '2014-08-24 21:19:13', 0),
(10, 2, 6, 'Marinero', 'da?', '2014-08-24 21:19:35', 28),
(11, 2, 5, 'valeri', 'dai go na bednite', '2014-08-25 10:25:48', 0),
(12, 2, 7, 'valeri', 'az sum moderatora', '2014-08-25 10:31:51', 1),
(13, 2, 7, 'valeri', 'zdravei , post2', '2014-08-25 13:48:42', 0),
(14, 2, 7, 'valeri', 'privet', '2014-08-25 13:48:50', 1),
(15, 2, 7, 'valeri', 'mara', '2014-08-25 13:48:57', 1),
(16, 2, 8, 'valeri', 'Test 1', '2014-08-25 14:27:11', 0),
(17, 2, 9, 'valeri', 'Test 2', '2014-08-25 14:27:30', 0),
(18, 2, 10, 'valeri', 'xaxax', '2014-08-25 14:30:27', 0),
(19, 2, 6, 'valeri', 'aaaaaaaaaaaaaaaaa', '2014-08-25 14:47:45', 0),
(20, 2, 11, 'valeri', 'aaaaaaaa', '2014-08-25 14:59:32', 0),
(21, 2, 7, 'valeri', 'axa', '2014-08-25 15:12:24', 0);

-- --------------------------------------------------------

--
-- Table structure for table `topics`
--

CREATE TABLE IF NOT EXISTS `topics` (
  `id` int(11) NOT NULL AUTO_INCREMENT,
  `category_id` tinyint(4) NOT NULL,
  `topic_title` varchar(150) DEFAULT NULL,
  `topic_creator` varchar(30) NOT NULL,
  `topic_last_user` int(11) NOT NULL,
  `topic_date` datetime NOT NULL,
  `topic_reply_date` datetime NOT NULL,
  `topic_views` int(11) NOT NULL DEFAULT '0',
  PRIMARY KEY (`id`)
) ENGINE=MyISAM  DEFAULT CHARSET=latin1 AUTO_INCREMENT=12 ;

--
-- Dumping data for table `topics`
--

INSERT INTO `topics` (`id`, `category_id`, `topic_title`, `topic_creator`, `topic_last_user`, `topic_date`, `topic_reply_date`, `topic_views`) VALUES
(5, 2, 'kvo da pravq s toq forum', 'valeri', 0, '2014-08-24 21:18:17', '2014-08-25 10:25:48', 13),
(6, 2, 'ae zatvarqm foruma zavinagi', 'Marinero', 0, '2014-08-24 21:19:35', '2014-08-25 14:47:45', 82),
(7, 2, 'zdraveite v foruma', 'valeri', 0, '2014-08-25 10:31:51', '2014-08-25 15:12:24', 49),
(8, 2, 'New Topic', 'valeri', 0, '2014-08-25 14:27:11', '2014-08-25 14:27:11', 2),
(9, 2, 'New Topic 2', 'valeri', 0, '2014-08-25 14:27:30', '2014-08-25 14:27:30', 2),
(10, 2, 'xaxaxaxax', 'valeri', 0, '2014-08-25 14:30:27', '2014-08-25 14:30:27', 2),
(11, 2, 'new', 'valeri', 0, '2014-08-25 14:59:32', '2014-08-25 14:59:32', 2);

-- --------------------------------------------------------

--
-- Table structure for table `users`
--

CREATE TABLE IF NOT EXISTS `users` (
  `id` int(8) NOT NULL AUTO_INCREMENT,
  `username` varchar(255) COLLATE latin1_general_ci NOT NULL,
  `password` varchar(255) COLLATE latin1_general_ci NOT NULL,
  `email` varchar(255) COLLATE latin1_general_ci NOT NULL,
  `forum_notification` enum('0','1') COLLATE latin1_general_ci NOT NULL DEFAULT '1',
  `image` blob NOT NULL,
  `location` text COLLATE latin1_general_ci NOT NULL,
  `birth_date` text COLLATE latin1_general_ci NOT NULL,
  PRIMARY KEY (`id`)
) ENGINE=MyISAM  DEFAULT CHARSET=latin1 COLLATE=latin1_general_ci AUTO_INCREMENT=9 ;

--
-- Dumping data for table `users`
--

INSERT INTO `users` (`id`, `username`, `password`, `email`, `forum_notification`, `image`, `location`, `birth_date`) VALUES
(1, 'Morky', 'asd', 'test2@softunioverflow.webuda.com', '0', 0xffd8ffe000104a46494600010101006000600000ffe100224578696600004d4d002a00000008000101120003000000010001000000000000ffdb0043000201010201010202020202020202030503030303030604040305070607070706070708090b0908080a0807070a0d0a0a0b0c0c0c0c07090e0f0d0c0e0b0c0c0cffdb004301020202030303060303060c0807080c0c0c0c0c0c0c0c0c0c0c0c0c0c0c0c0c0c0c0c0c0c0c0c0c0c0c0c0c0c0c0c0c0c0c0c0c0c0c0c0c0c0c0c0c0c0c0c0c0cffc00011080014016903012200021101031101ffc4001f0000010501010101010100000000000000000102030405060708090a0bffc400b5100002010303020403050504040000017d01020300041105122131410613516107227114328191a1082342b1c11552d1f02433627282090a161718191a25262728292a3435363738393a434445464748494a535455565758595a636465666768696a737475767778797a838485868788898a92939495969798999aa2a3a4a5a6a7a8a9aab2b3b4b5b6b7b8b9bac2c3c4c5c6c7c8c9cad2d3d4d5d6d7d8d9dae1e2e3e4e5e6e7e8e9eaf1f2f3f4f5f6f7f8f9faffc4001f0100030101010101010101010000000000000102030405060708090a0bffc400b51100020102040403040705040400010277000102031104052131061241510761711322328108144291a1b1c109233352f0156272d10a162434e125f11718191a262728292a35363738393a434445464748494a535455565758595a636465666768696a737475767778797a82838485868788898a92939495969798999aa2a3a4a5a6a7a8a9aab2b3b4b5b6b7b8b9bac2c3c4c5c6c7c8c9cad2d3d4d5d6d7d8d9dae2e3e4e5e6e7e8e9eaf2f3f4f5f6f7f8f9faffda000c03010002110311003f00fc88f09787bfe12cf13d8699f6ed3f4cfb7ce907daefe6f26d6df71c6f91f076a0ee71c0aa77b6df62bc961f3239bca729be36dc8f838ca9ee0f6aeeff00664f162f817e3268faacbe28ff008452d2c6e239aeee4b5d0fb4c0b2a1920c5bc6ecdbd41f9580438e48ae9748f8ba9f08ac7c530f877c5c86f755f1069f7b15ee971dcc25ed556ecca03c9146e84192256181b8310372eeaf528e0e8d4a7094e6a376efb36be1b6975a6af53cdad8aab0a928c63cd64adba4eeecf5b74563caecbc2b7fa8f86eff0057860dfa7e992c30dccbbd4796f2eff2c6d2771cf96fd01c639c64575fa37c026bff00d9feebe215e78abc33a45926a7369165a65dadebea1aadc451432bac3e55b490a8093a7334b183ce3a57a1d97ed05e66a1f12f49d17e205ef83f4ed5f5d3a9e857425bf82d121f3e72e8a96f1b4911916446c6c00f9786c102b13c48c5bf603f0d92fe693f10b5625f9f9ffe25fa773cf3cfbd73e328d2a7494a94aeda57db47cc93eafbf536c0d7ab56af2558f2abbb6faae5bf54bae872fa87c036b7fd9f23f88767e2af0ceab689a9c1a4dfe936cb7a9a8e953cf1dc49179be6db240c196da43986693195ce09e2afc06d2ec753f175e1beb2b6d423b5d36e27486e01319755f949008ce335d7785bfe4c0fc6ff00f63de85ffa41ab55aff827b78b741f01fed39a46b3e28b11a9787f4c8dee350b6302ce24854a96fddb7cb263aec6e1b183c1a30515f5e8d36aeb9a3a7aa4dafbdb2b19271c1ca69d9d9ebe8dab8dfb5697ff0042cf86bff015bff8aa3ed5a5ff00d0b3e1affc056ffe2abeba3fb496832eade1ed3bc67f16c7c46d50c9e2085bc58f63a8cd168d677fa4cb650c0cd73025d3209dfcd68a2899235276166665acd6fda23c29f07adb41b6f09f8ed750d4fc37f0bafbc3f0eaf63a7dddb05d565d4e7b95580cb12c8b85941498aa1042b7eedc607ea1f57c3f4c3abdbb7937d57925f33f3ff6b5eebf7efefdb54ba36b66d9f3f7c24f84d7ff001d3c5c342f0b781fc37a9ea86179c4255201b1719f9e5915724955519cb332aa82cc01e64dc6988c41f0bf870107041b46e3ff001eafa17e1afed71a45af8535ef14fc41bdf1578d3e22eaf79a669f6f358eaaba6ea36d636256e16796ee4b4b8498b4d15aae181908b7c96000ddabf107f6bdb5f84fe1fd78fc1df19ea5e1fbad6fc6c7c4b147a72cf6d2db5acd6713b5abc8d1a078e3b82d1347f724f2558ab2ed354f074635397eaf17b7456bdd75b6d67dba326389a928a7ede57d7abd92ed7deeacb5d6e7cc9f6ad2ff00e859f0d7fe02b7ff001547dab4bffa167c35ff0080adff00c557b76a3fb64f893c25f01fc17a1784fc597ba65c797abaf8934fb487c9b5bb17570f88e78b608678cc4edb508648f7b602926bd535cfda77c11a6fec537fe0fb0f1bb6a5763c33a58d1ac2ea7d7ee351d3f578aeeda6b93b6673a65b22059842d6a9bf60c1704b090a985a1049bc345de4968aeed769bdb6d2e10c45694f955792d2f76ecba596fbebf81f1edfd8691acf847c420f87b44b792d74d927866821649227564c10777b9fcebc4ebf42bf6c5f1fdbdb7c10d5a5b45fb06bdf1a7494f1bf89ecc46636b7db1a470273fc135c35edd01c82935b1ed93f0efc1cf1d587c37f88365abea7a57f6d59db0903da6cb36f3772151c5ddadd41c120fcd0b74e369c30f83e228d35894a11515cbb2ee9d9f4ee9ea7d864729bc3de52726ddf5ecd26bbee8e5ebb1f819f05f50f8f5e3cfec2b0bed334a1158ddea779a86a2d2ada69f6b6b03dc4f349e5249210b1c6dc223b1380149357ff00682f8bda3fc5ed76c2eb46f0effc23b15ac062922f2b4b4f358b6777fa05859274e3e7476ff680e2bb8fd85258f51d53e2368e90476da95ff8135d9ed75689dfed966b069d712cb046858c2d1dc461a3937c6ce1798de26058fcec758ca4d6c9bfb95d7c8f724ed24975697ded27f3ec7886b3611697abdd5b43796da8c36f33c51dddbac8b0dd2ab10244122a385603237aab608ca83c5763e1afd9bbc63e2ff87b75e28d3f4eb49f4bb4b59af9a33aa5a25f4b6d0b6d96e23b36945ccb0a10c1a58e3641b1f27e46c70b5f40fc1a3e09f879fb3f6a9ab69bf123c33a77c4af13595e697756ba959eac3fb1f4f914a3c50182ca58a5b9b94dc85de4548a372002efbe2caa4a51a778eafa75d7e5f8933935349757afa75f4d363e7eab5a268979e25d66d34ed3ad6e6ff50bf992dedad6da26966b895c854444504b3312000064935e95e36fd999bc05fb2a784fe236a3abcd65a978b758b9b1b3f0fde69af6d35c5945146e35182566c4d6ecee63dc1000ea40662182f9ae896116abacda5acf7b6da6c171324525e5cac8d0daab100c8e234790aa8393b119b00e149e2b5fb5caf75bfdc9fea37f07347aff00c37e86e7c56f841e20f825e278f47f125a41677f35a437d1ac37b05e472432aee8dc490bba10473c36477c57335f41fed15e14d23e33fc40f875a6f813c5563e3ed45b42d2fc35258787f48d565be135b5bac723a453dac3e6a92095084b9c72ab5e71fb4ffc1db0fd9f7f680f15f82b4df12d9f8c2cbc357ed631eb16b0f931de150371d9b9f6956cab00cc0329c1239ace1276f7bab69696ba4d6bf75871d629f5b26fc9b5fe6994fe137c05f167c7197515f0c690da8ae93035c5d48f7115b451008f26df32565532148a5658c12ec2290aa908d8e3ebd9ff0061bd53c33e11f8ca3c41e28f19687e14b2d36caf2dd52fad6fe792f1ae6cae6dd7cb16b6d300119d0b6f29c37cbb882033e18fec9f0fc41f04fc53f1149e2ab7b6f0ff00c39d2cdddaeb7169574da56bf78658923b049a6585a29a5590b22bc7bdb637c8141607335369ec95ff003bebf97526326e5cbe692f9ff5b9e375dd6a3fb3778c74af860de30974db43a2c51413ce23d52d25bdb38a7388269ed1653730c52657649246aac1d08243ae785afa0752ff008427e1e7eca971a5f847e247866f3c47e2db3827f15dbdc59ead15eb88e512c7a65a8fb17d9822baa4924cf3fef1e350bb150f9a549351bc7baf3f5ff8706da9a8f7feb73e7ead0f09f862e7c67e22b5d2ece4d3e1b9bc7d91bdfdfc1616ea704fcf3cee914638eaec076ef5e89fb42fecccdfb3ef80fe1cea17dabccdaf78e3489756bfd02f34d7b1bed0156e1e287cc5762592645f3637c26e5390b8dacdc4fc31b78ae7c7ba5f9dace85a0243309c5feb56525ed842c997513431c13b48ac542edf25d4eec30db935a7e8da7ea9d9fe28257e5baed75f35a163e297c21d7fe0cebb6fa7f882d6da096f6d63beb596d6fa0bfb5bc81f216586e20778a54cab0ca3900ab03c822b99afa7354f0559fedc1fb4d7c35f05e8fab2df5c8d3e0d27c45e24d0341986936918b8959aeedec0ac1f67b5b78248c4988ede3dd1cb2155c977f9dfc6ba15bf85fc67ab69767a8db6b16ba75ecd6b05fdb8221be4476559901e76b80187b1159d394acb9f777b7a276bfe3a5f72a3ac6fd92bfab5ff000e745f0abf67bf147c6cb79dbc35168b7d7103322d8cbaf585aea174c10b9582d669927b838070224724f03278ae29815383c11c107b57b9fec61e3dd1fe11eb9ff0916b3e2df07e9da7c576bfda3a35ce897175afdfdaa29deba7dda5a30b3964591d1644bbb760c01660154d61e93fb34a6adfb2af8abe2add6a771a05ae9bad5a695a269d7ba7bf97e23f38cbe70b6bac85792dd635322aa1c07049525431cd2526dfc2adf8b4bf3260db6e2fe5f75dfdc793d775f117f66ef187c2af095beb9ad69d67169b3dd7d8647b6d52d2f5ec6e766ffb3dd470caef6b36d04f953aa3fc8e31956c70f120925552c10120166ce17dce326be83f8e567e11d03e0c691e05f867e3fd07c5d633ea16d7fa8db5bd86ad1eafaf6a6d118959639ace3823821f3248e38d65691bcd7762c595222a392b286edae97ebafa69b13cd69a4f6d6ff769afad8f9eab7fe1d7c33d63e2a6b925868f1d9192085ae679af750b7d3ed2d62042ef96e2e1e38635dcc8a0bb8cb3aa8cb3007b0fdac7f6758bf660f88fa7f8686bbfdb57d368761aa6a30cb60d6375a2dd5c422592c2e2166629342480c09079195539514bf669f08f813c5df1176fc44f14c7e17f0ed9db49724b4374eda94cb8f2ed43dbc13b421c9f9a531b6c50c42b3614ddd59f95ff000fcfe4554bc63cc976fc7faea731f11be1ceb1f09bc677be1ff10591b0d5b4f6559a1f31255c3287565742c8e8cacacae8c55958104820d6257d27a3fc159bf6dafda87c4b2df78db448b40d3f459b53bdf1368da3ea13685a0dbdad91fb2db49f6a48258620218edd649012495c1958fcdf3652a726e2b9f7693fc6df995d2ff2f9d93fd4eebc35fb3778c7c5ff000f6ebc51a7e9d693e97696b35f346754b44be96da16db2dc4766d28b9961421834b1c6c8363e4fc8d8e16be81f8347c13f0f3f67ed5356d37e2478674ef895e26b2bcd2eead752b3d587f63e9f229478a030594b14b73729b90bbc8a9146e4005df7c5c978dbf6666f017eca9e13f88da8eaf3596a5e2dd62e6c6cfc3f79a6bdb4d71651451b8d460959b135bb3b98f704003a90198860b3ccf9a4dfc2adf7b76f99349b92b3ddb76f44bfe1cf35d1344bcf12eb369a769d6b737fa85fcc96f6d6b6d134b35c4ae42a2222825998900003249adcf8adf083c41f04bc4f1e8fe24b482cefe6b486fa3586f60bc8e48655dd1b8921774208e786c8ef8ac3d12c22d5759b4b59ef6db4d82e2648a4bcb9591a1b55620191c468f215507276233601c293c57b17ed9579e17d7ef3c1d79e1bf1cf87bc57fd99e1ad3742ba86c2d351824865b5b758de4ff4ab5854c6cc0edda4b7aaad1524e3cb6eaecfd2dbf96b6fbc22df3f2bdad7f9dd7e97380f81df098fc72f89da5f8562d7f41f0ede6b532dad9dceb06e16d65b876091425a18a5285d9828665083396651cd737abe9371a0ead7563771341776533c13c6dd637525594fd0835d87ecc7a4dd6bdfb49fc3eb2b39aeedaeef3c4ba7430cd6a88f3c2ed7518568d5d594b0272032b0c81904715f40fecfb61acfc50fdbafc79aa784b55b6f851a65858eb71eade23b4d1df57d3ac2dcc13c72497667768e0fb560a1903222bcdfba441b50693d126bb49ffe0293fd4a8eada7de3f8bb7e973e45a28a2800a28a2800ae9fc3ff1a7c65e14f036a9e12d2fc5be26d37c2bad4bbb51d1ed7549e1d3f506c28dd340ac2390e1579653f747a0a28a7f6641d44d63e34f8cbc4ff0eb4ff08ea5e2df135ff84f459bccb0d16e7549e6d3ac9fe6f9a2b76631a1f9df9551f7dbd4d51f03f8def3e1f6b3f6eb15b692492192ddd2e2212c6e8e3e6054d1456b424d54e65bdcceaa4e8dba58e93fe1a0f54ffa05786fff0005ebfe347fc341ea9ff40af0dffe0bd7fc68a2bd7fafe27fe7e4bef7fe6795f53a1fc8bee41ff0d07aa7fd02bc37ff0082f5ff001a3fe1a0f54ffa05786fff0005ebfe34514bebf89ff9f92fbdff0098fea787fe45f720ff008683d53fe815e1bffc17aff8d58d27f691d734bd560b9b4b3d0ad6ead668e486686c82490b824ab2b0390ca541047208a28a3ebf89ff009f92fbdff999fd4e87f22fb91278fbf6a6f16fc517d62ef5cb8b5d4352d793cabfd42788cd79720852774ae5989c2819273818af37a28af3b1952729c799b7a1e860e29295bb8568f847c63abf803c456dad683aa6a3a26b1a5cc24b3bfb0b97b6b9b571d192442195bdc1068a2b9a9fc476cf62b6abadde789757bcd4350bab8bebfbc99ee6e6e6e256966b995dc97777624b33312c493924926abd145453f8472dc28a28a6485145140051451400514514005145140051451400514514005145140051451400514514005145140051451401b5e04f895e22f851ad7f6bf85f5ed6bc37aa790f07daf4bbe96ce7f2dc61d37c6cadb58704670475ac5a28a0029fb7fda6fce8a2803fffd9, '', ''),
(4, 'hellorer', 'f10e2821bbbea527ea02200352313bc059445190', 'test1@softunioverflow.webuda.com', '1', 0xffd8ffe000104a46494600010101006000600000ffe100224578696600004d4d002a00000008000101120003000000010001000000000000ffdb0043000201010201010202020202020202030503030303030604040305070607070706070708090b0908080a0807070a0d0a0a0b0c0c0c0c07090e0f0d0c0e0b0c0c0cffdb004301020202030303060303060c0807080c0c0c0c0c0c0c0c0c0c0c0c0c0c0c0c0c0c0c0c0c0c0c0c0c0c0c0c0c0c0c0c0c0c0c0c0c0c0c0c0c0c0c0c0c0c0c0c0c0cffc00011080014016903012200021101031101ffc4001f0000010501010101010100000000000000000102030405060708090a0bffc400b5100002010303020403050504040000017d01020300041105122131410613516107227114328191a1082342b1c11552d1f02433627282090a161718191a25262728292a3435363738393a434445464748494a535455565758595a636465666768696a737475767778797a838485868788898a92939495969798999aa2a3a4a5a6a7a8a9aab2b3b4b5b6b7b8b9bac2c3c4c5c6c7c8c9cad2d3d4d5d6d7d8d9dae1e2e3e4e5e6e7e8e9eaf1f2f3f4f5f6f7f8f9faffc4001f0100030101010101010101010000000000000102030405060708090a0bffc400b51100020102040403040705040400010277000102031104052131061241510761711322328108144291a1b1c109233352f0156272d10a162434e125f11718191a262728292a35363738393a434445464748494a535455565758595a636465666768696a737475767778797a82838485868788898a92939495969798999aa2a3a4a5a6a7a8a9aab2b3b4b5b6b7b8b9bac2c3c4c5c6c7c8c9cad2d3d4d5d6d7d8d9dae2e3e4e5e6e7e8e9eaf2f3f4f5f6f7f8f9faffda000c03010002110311003f00fc88f09787bfe12cf13d8699f6ed3f4cfb7ce907daefe6f26d6df71c6f91f076a0ee71c0aa77b6df62bc961f3239bca729be36dc8f838ca9ee0f6aeeff00664f162f817e3268faacbe28ff008452d2c6e239aeee4b5d0fb4c0b2a1920c5bc6ecdbd41f9580438e48ae9748f8ba9f08ac7c530f877c5c86f755f1069f7b15ee971dcc25ed556ecca03c9146e84192256181b8310372eeaf528e0e8d4a7094e6a376efb36be1b6975a6af53cdad8aab0a928c63cd64adba4eeecf5b74563caecbc2b7fa8f86eff0057860dfa7e992c30dccbbd4796f2eff2c6d2771cf96fd01c639c64575fa37c026bff00d9feebe215e78abc33a45926a7369165a65dadebea1aadc451432bac3e55b490a8093a7334b183ce3a57a1d97ed05e66a1f12f49d17e205ef83f4ed5f5d3a9e857425bf82d121f3e72e8a96f1b4911916446c6c00f9786c102b13c48c5bf603f0d92fe693f10b5625f9f9ffe25fa773cf3cfbd73e328d2a7494a94aeda57db47cc93eafbf536c0d7ab56af2558f2abbb6faae5bf54bae872fa87c036b7fd9f23f88767e2af0ceab689a9c1a4dfe936cb7a9a8e953cf1dc49179be6db240c196da43986693195ce09e2afc06d2ec753f175e1beb2b6d423b5d36e27486e01319755f949008ce335d7785bfe4c0fc6ff00f63de85ffa41ab55aff827b78b741f01fed39a46b3e28b11a9787f4c8dee350b6302ce24854a96fddb7cb263aec6e1b183c1a30515f5e8d36aeb9a3a7aa4dafbdb2b19271c1ca69d9d9ebe8dab8dfb5697ff0042cf86bff015bff8aa3ed5a5ff00d0b3e1affc056ffe2abeba3fb496832eade1ed3bc67f16c7c46d50c9e2085bc58f63a8cd168d677fa4cb650c0cd73025d3209dfcd68a2899235276166665acd6fda23c29f07adb41b6f09f8ed750d4fc37f0bafbc3f0eaf63a7dddb05d565d4e7b95580cb12c8b85941498aa1042b7eedc607ea1f57c3f4c3abdbb7937d57925f33f3ff6b5eebf7efefdb54ba36b66d9f3f7c24f84d7ff001d3c5c342f0b781fc37a9ea86179c4255201b1719f9e5915724955519cb332aa82cc01e64dc6988c41f0bf870107041b46e3ff001eafa17e1afed71a45af8535ef14fc41bdf1578d3e22eaf79a669f6f358eaaba6ea36d636256e16796ee4b4b8498b4d15aae181908b7c96000ddabf107f6bdb5f84fe1fd78fc1df19ea5e1fbad6fc6c7c4b147a72cf6d2db5acd6713b5abc8d1a078e3b82d1347f724f2558ab2ed354f074635397eaf17b7456bdd75b6d67dba326389a928a7ede57d7abd92ed7deeacb5d6e7cc9f6ad2ff00e859f0d7fe02b7ff001547dab4bffa167c35ff0080adff00c557b76a3fb64f893c25f01fc17a1784fc597ba65c797abaf8934fb487c9b5bb17570f88e78b608678cc4edb508648f7b602926bd535cfda77c11a6fec537fe0fb0f1bb6a5763c33a58d1ac2ea7d7ee351d3f578aeeda6b93b6673a65b22059842d6a9bf60c1704b090a985a1049bc345de4968aeed769bdb6d2e10c45694f955792d2f76ecba596fbebf81f1edfd8691acf847c420f87b44b792d74d927866821649227564c10777b9fcebc4ebf42bf6c5f1fdbdb7c10d5a5b45fb06bdf1a7494f1bf89ecc46636b7db1a470273fc135c35edd01c82935b1ed93f0efc1cf1d587c37f88365abea7a57f6d59db0903da6cb36f3772151c5ddadd41c120fcd0b74e369c30f83e228d35894a11515cbb2ee9d9f4ee9ea7d864729bc3de52726ddf5ecd26bbee8e5ebb1f819f05f50f8f5e3cfec2b0bed334a1158ddea779a86a2d2ada69f6b6b03dc4f349e5249210b1c6dc223b1380149357ff00682f8bda3fc5ed76c2eb46f0effc23b15ac062922f2b4b4f358b6777fa05859274e3e7476ff680e2bb8fd85258f51d53e2368e90476da95ff8135d9ed75689dfed966b069d712cb046858c2d1dc461a3937c6ce1798de26058fcec758ca4d6c9bfb95d7c8f724ed24975697ded27f3ec7886b3611697abdd5b43796da8c36f33c51dddbac8b0dd2ab10244122a385603237aab608ca83c5763e1afd9bbc63e2ff87b75e28d3f4eb49f4bb4b59af9a33aa5a25f4b6d0b6d96e23b36945ccb0a10c1a58e3641b1f27e46c70b5f40fc1a3e09f879fb3f6a9ab69bf123c33a77c4af13595e697756ba959eac3fb1f4f914a3c50182ca58a5b9b94dc85de4548a372002efbe2caa4a51a778eafa75d7e5f8933935349757afa75f4d363e7eab5a268979e25d66d34ed3ad6e6ff50bf992dedad6da26966b895c854444504b3312000064935e95e36fd999bc05fb2a784fe236a3abcd65a978b758b9b1b3f0fde69af6d35c5945146e35182566c4d6ecee63dc1000ea40662182f9ae896116abacda5acf7b6da6c171324525e5cac8d0daab100c8e234790aa8393b119b00e149e2b5fb5caf75bfdc9fea37f07347aff00c37e86e7c56f841e20f825e278f47f125a41677f35a437d1ac37b05e472432aee8dc490bba10473c36477c57335f41fed15e14d23e33fc40f875a6f813c5563e3ed45b42d2fc35258787f48d565be135b5bac723a453dac3e6a92095084b9c72ab5e71fb4ffc1db0fd9f7f680f15f82b4df12d9f8c2cbc357ed631eb16b0f931de150371d9b9f6956cab00cc0329c1239ace1276f7bab69696ba4d6bf75871d629f5b26fc9b5fe6994fe137c05f167c7197515f0c690da8ae93035c5d48f7115b451008f26df32565532148a5658c12ec2290aa908d8e3ebd9ff0061bd53c33e11f8ca3c41e28f19687e14b2d36caf2dd52fad6fe792f1ae6cae6dd7cb16b6d300119d0b6f29c37cbb882033e18fec9f0fc41f04fc53f1149e2ab7b6f0ff00c39d2cdddaeb7169574da56bf78658923b049a6585a29a5590b22bc7bdb637c8141607335369ec95ff003bebf97526326e5cbe692f9ff5b9e375dd6a3fb3778c74af860de30974db43a2c51413ce23d52d25bdb38a7388269ed1653730c52657649246aac1d08243ae785afa0752ff008427e1e7eca971a5f847e247866f3c47e2db3827f15dbdc59ead15eb88e512c7a65a8fb17d9822baa4924cf3fef1e350bb150f9a549351bc7baf3f5ff8706da9a8f7feb73e7ead0f09f862e7c67e22b5d2ece4d3e1b9bc7d91bdfdfc1616ea704fcf3cee914638eaec076ef5e89fb42fecccdfb3ef80fe1cea17dabccdaf78e3489756bfd02f34d7b1bed0156e1e287cc5762592645f3637c26e5390b8dacdc4fc31b78ae7c7ba5f9dace85a0243309c5feb56525ed842c997513431c13b48ac542edf25d4eec30db935a7e8da7ea9d9fe28257e5baed75f35a163e297c21d7fe0cebb6fa7f882d6da096f6d63beb596d6fa0bfb5bc81f216586e20778a54cab0ca3900ab03c822b99afa7354f0559fedc1fb4d7c35f05e8fab2df5c8d3e0d27c45e24d0341986936918b8959aeedec0ac1f67b5b78248c4988ede3dd1cb2155c977f9dfc6ba15bf85fc67ab69767a8db6b16ba75ecd6b05fdb8221be4476559901e76b80187b1159d394acb9f777b7a276bfe3a5f72a3ac6fd92bfab5ff000e745f0abf67bf147c6cb79dbc35168b7d7103322d8cbaf585aea174c10b9582d669927b838070224724f03278ae29815383c11c107b57b9fec61e3dd1fe11eb9ff0916b3e2df07e9da7c576bfda3a35ce897175afdfdaa29deba7dda5a30b3964591d1644bbb760c01660154d61e93fb34a6adfb2af8abe2add6a771a05ae9bad5a695a269d7ba7bf97e23f38cbe70b6bac85792dd635322aa1c07049525431cd2526dfc2adf8b4bf3260db6e2fe5f75dfdc793d775f117f66ef187c2af095beb9ad69d67169b3dd7d8647b6d52d2f5ec6e766ffb3dd470caef6b36d04f953aa3fc8e31956c70f120925552c10120166ce17dce326be83f8e567e11d03e0c691e05f867e3fd07c5d633ea16d7fa8db5bd86ad1eafaf6a6d118959639ace3823821f3248e38d65691bcd7762c595222a392b286edae97ebafa69b13cd69a4f6d6ff769afad8f9eab7fe1d7c33d63e2a6b925868f1d9192085ae679af750b7d3ed2d62042ef96e2e1e38635dcc8a0bb8cb3aa8cb3007b0fdac7f6758bf660f88fa7f8686bbfdb57d368761aa6a30cb60d6375a2dd5c422592c2e2166629342480c09079195539514bf669f08f813c5df1176fc44f14c7e17f0ed9db49724b4374eda94cb8f2ed43dbc13b421c9f9a531b6c50c42b3614ddd59f95ff000fcfe4554bc63cc976fc7faea731f11be1ceb1f09bc677be1ff10591b0d5b4f6559a1f31255c3287565742c8e8cacacae8c55958104820d6257d27a3fc159bf6dafda87c4b2df78db448b40d3f459b53bdf1368da3ea13685a0dbdad91fb2db49f6a48258620218edd649012495c1958fcdf3652a726e2b9f7693fc6df995d2ff2f9d93fd4eebc35fb3778c7c5ff000f6ebc51a7e9d693e97696b35f346754b44be96da16db2dc4766d28b9961421834b1c6c8363e4fc8d8e16be81f8347c13f0f3f67ed5356d37e2478674ef895e26b2bcd2eead752b3d587f63e9f229478a030594b14b73729b90bbc8a9146e4005df7c5c978dbf6666f017eca9e13f88da8eaf3596a5e2dd62e6c6cfc3f79a6bdb4d71651451b8d460959b135bb3b98f704003a90198860b3ccf9a4dfc2adf7b76f99349b92b3ddb76f44bfe1cf35d1344bcf12eb369a769d6b737fa85fcc96f6d6b6d134b35c4ae42a2222825998900003249adcf8adf083c41f04bc4f1e8fe24b482cefe6b486fa3586f60bc8e48655dd1b8921774208e786c8ef8ac3d12c22d5759b4b59ef6db4d82e2648a4bcb9591a1b55620191c468f215507276233601c293c57b17ed9579e17d7ef3c1d79e1bf1cf87bc57fd99e1ad3742ba86c2d351824865b5b758de4ff4ab5854c6cc0edda4b7aaad1524e3cb6eaecfd2dbf96b6fbc22df3f2bdad7f9dd7e97380f81df098fc72f89da5f8562d7f41f0ede6b532dad9dceb06e16d65b876091425a18a5285d9828665083396651cd737abe9371a0ead7563771341776533c13c6dd637525594fd0835d87ecc7a4dd6bdfb49fc3eb2b39aeedaeef3c4ba7430cd6a88f3c2ed7518568d5d594b0272032b0c81904715f40fecfb61acfc50fdbafc79aa784b55b6f851a65858eb71eade23b4d1df57d3ac2dcc13c72497667768e0fb560a1903222bcdfba441b50693d126bb49ffe0293fd4a8eada7de3f8bb7e973e45a28a2800a28a2800ae9fc3ff1a7c65e14f036a9e12d2fc5be26d37c2bad4bbb51d1ed7549e1d3f506c28dd340ac2390e1579653f747a0a28a7f6641d44d63e34f8cbc4ff0eb4ff08ea5e2df135ff84f459bccb0d16e7549e6d3ac9fe6f9a2b76631a1f9df9551f7dbd4d51f03f8def3e1f6b3f6eb15b692492192ddd2e2212c6e8e3e6054d1456b424d54e65bdcceaa4e8dba58e93fe1a0f54ffa05786fff0005ebfe347fc341ea9ff40af0dffe0bd7fc68a2bd7fafe27fe7e4bef7fe6795f53a1fc8bee41ff0d07aa7fd02bc37ff0082f5ff001a3fe1a0f54ffa05786fff0005ebfe34514bebf89ff9f92fbdff0098fea787fe45f720ff008683d53fe815e1bffc17aff8d58d27f691d734bd560b9b4b3d0ad6ead668e486686c82490b824ab2b0390ca541047208a28a3ebf89ff009f92fbdff999fd4e87f22fb91278fbf6a6f16fc517d62ef5cb8b5d4352d793cabfd42788cd79720852774ae5989c2819273818af37a28af3b1952729c799b7a1e860e29295bb8568f847c63abf803c456dad683aa6a3a26b1a5cc24b3bfb0b97b6b9b571d192442195bdc1068a2b9a9fc476cf62b6abadde789757bcd4350bab8bebfbc99ee6e6e6e256966b995dc97777624b33312c493924926abd145453f8472dc28a28a6485145140051451400514514005145140051451400514514005145140051451400514514005145140051451401b5e04f895e22f851ad7f6bf85f5ed6bc37aa790f07daf4bbe96ce7f2dc61d37c6cadb58704670475ac5a28a0029fb7fda6fce8a2803fffd9, '', ''),
(5, 'asdq', 'f10e2821bbbea527ea02200352313bc059445190', 'user1@softunioverflow.webuda.com', '1', 0xffd8ffe000104a46494600010101006000600000ffe100224578696600004d4d002a00000008000101120003000000010001000000000000ffdb0043000201010201010202020202020202030503030303030604040305070607070706070708090b0908080a0807070a0d0a0a0b0c0c0c0c07090e0f0d0c0e0b0c0c0cffdb004301020202030303060303060c0807080c0c0c0c0c0c0c0c0c0c0c0c0c0c0c0c0c0c0c0c0c0c0c0c0c0c0c0c0c0c0c0c0c0c0c0c0c0c0c0c0c0c0c0c0c0c0c0c0c0cffc00011080014016903012200021101031101ffc4001f0000010501010101010100000000000000000102030405060708090a0bffc400b5100002010303020403050504040000017d01020300041105122131410613516107227114328191a1082342b1c11552d1f02433627282090a161718191a25262728292a3435363738393a434445464748494a535455565758595a636465666768696a737475767778797a838485868788898a92939495969798999aa2a3a4a5a6a7a8a9aab2b3b4b5b6b7b8b9bac2c3c4c5c6c7c8c9cad2d3d4d5d6d7d8d9dae1e2e3e4e5e6e7e8e9eaf1f2f3f4f5f6f7f8f9faffc4001f0100030101010101010101010000000000000102030405060708090a0bffc400b51100020102040403040705040400010277000102031104052131061241510761711322328108144291a1b1c109233352f0156272d10a162434e125f11718191a262728292a35363738393a434445464748494a535455565758595a636465666768696a737475767778797a82838485868788898a92939495969798999aa2a3a4a5a6a7a8a9aab2b3b4b5b6b7b8b9bac2c3c4c5c6c7c8c9cad2d3d4d5d6d7d8d9dae2e3e4e5e6e7e8e9eaf2f3f4f5f6f7f8f9faffda000c03010002110311003f00fc88f09787bfe12cf13d8699f6ed3f4cfb7ce907daefe6f26d6df71c6f91f076a0ee71c0aa77b6df62bc961f3239bca729be36dc8f838ca9ee0f6aeeff00664f162f817e3268faacbe28ff008452d2c6e239aeee4b5d0fb4c0b2a1920c5bc6ecdbd41f9580438e48ae9748f8ba9f08ac7c530f877c5c86f755f1069f7b15ee971dcc25ed556ecca03c9146e84192256181b8310372eeaf528e0e8d4a7094e6a376efb36be1b6975a6af53cdad8aab0a928c63cd64adba4eeecf5b74563caecbc2b7fa8f86eff0057860dfa7e992c30dccbbd4796f2eff2c6d2771cf96fd01c639c64575fa37c026bff00d9feebe215e78abc33a45926a7369165a65dadebea1aadc451432bac3e55b490a8093a7334b183ce3a57a1d97ed05e66a1f12f49d17e205ef83f4ed5f5d3a9e857425bf82d121f3e72e8a96f1b4911916446c6c00f9786c102b13c48c5bf603f0d92fe693f10b5625f9f9ffe25fa773cf3cfbd73e328d2a7494a94aeda57db47cc93eafbf536c0d7ab56af2558f2abbb6faae5bf54bae872fa87c036b7fd9f23f88767e2af0ceab689a9c1a4dfe936cb7a9a8e953cf1dc49179be6db240c196da43986693195ce09e2afc06d2ec753f175e1beb2b6d423b5d36e27486e01319755f949008ce335d7785bfe4c0fc6ff00f63de85ffa41ab55aff827b78b741f01fed39a46b3e28b11a9787f4c8dee350b6302ce24854a96fddb7cb263aec6e1b183c1a30515f5e8d36aeb9a3a7aa4dafbdb2b19271c1ca69d9d9ebe8dab8dfb5697ff0042cf86bff015bff8aa3ed5a5ff00d0b3e1affc056ffe2abeba3fb496832eade1ed3bc67f16c7c46d50c9e2085bc58f63a8cd168d677fa4cb650c0cd73025d3209dfcd68a2899235276166665acd6fda23c29f07adb41b6f09f8ed750d4fc37f0bafbc3f0eaf63a7dddb05d565d4e7b95580cb12c8b85941498aa1042b7eedc607ea1f57c3f4c3abdbb7937d57925f33f3ff6b5eebf7efefdb54ba36b66d9f3f7c24f84d7ff001d3c5c342f0b781fc37a9ea86179c4255201b1719f9e5915724955519cb332aa82cc01e64dc6988c41f0bf870107041b46e3ff001eafa17e1afed71a45af8535ef14fc41bdf1578d3e22eaf79a669f6f358eaaba6ea36d636256e16796ee4b4b8498b4d15aae181908b7c96000ddabf107f6bdb5f84fe1fd78fc1df19ea5e1fbad6fc6c7c4b147a72cf6d2db5acd6713b5abc8d1a078e3b82d1347f724f2558ab2ed354f074635397eaf17b7456bdd75b6d67dba326389a928a7ede57d7abd92ed7deeacb5d6e7cc9f6ad2ff00e859f0d7fe02b7ff001547dab4bffa167c35ff0080adff00c557b76a3fb64f893c25f01fc17a1784fc597ba65c797abaf8934fb487c9b5bb17570f88e78b608678cc4edb508648f7b602926bd535cfda77c11a6fec537fe0fb0f1bb6a5763c33a58d1ac2ea7d7ee351d3f578aeeda6b93b6673a65b22059842d6a9bf60c1704b090a985a1049bc345de4968aeed769bdb6d2e10c45694f955792d2f76ecba596fbebf81f1edfd8691acf847c420f87b44b792d74d927866821649227564c10777b9fcebc4ebf42bf6c5f1fdbdb7c10d5a5b45fb06bdf1a7494f1bf89ecc46636b7db1a470273fc135c35edd01c82935b1ed93f0efc1cf1d587c37f88365abea7a57f6d59db0903da6cb36f3772151c5ddadd41c120fcd0b74e369c30f83e228d35894a11515cbb2ee9d9f4ee9ea7d864729bc3de52726ddf5ecd26bbee8e5ebb1f819f05f50f8f5e3cfec2b0bed334a1158ddea779a86a2d2ada69f6b6b03dc4f349e5249210b1c6dc223b1380149357ff00682f8bda3fc5ed76c2eb46f0effc23b15ac062922f2b4b4f358b6777fa05859274e3e7476ff680e2bb8fd85258f51d53e2368e90476da95ff8135d9ed75689dfed966b069d712cb046858c2d1dc461a3937c6ce1798de26058fcec758ca4d6c9bfb95d7c8f724ed24975697ded27f3ec7886b3611697abdd5b43796da8c36f33c51dddbac8b0dd2ab10244122a385603237aab608ca83c5763e1afd9bbc63e2ff87b75e28d3f4eb49f4bb4b59af9a33aa5a25f4b6d0b6d96e23b36945ccb0a10c1a58e3641b1f27e46c70b5f40fc1a3e09f879fb3f6a9ab69bf123c33a77c4af13595e697756ba959eac3fb1f4f914a3c50182ca58a5b9b94dc85de4548a372002efbe2caa4a51a778eafa75d7e5f8933935349757afa75f4d363e7eab5a268979e25d66d34ed3ad6e6ff50bf992dedad6da26966b895c854444504b3312000064935e95e36fd999bc05fb2a784fe236a3abcd65a978b758b9b1b3f0fde69af6d35c5945146e35182566c4d6ecee63dc1000ea40662182f9ae896116abacda5acf7b6da6c171324525e5cac8d0daab100c8e234790aa8393b119b00e149e2b5fb5caf75bfdc9fea37f07347aff00c37e86e7c56f841e20f825e278f47f125a41677f35a437d1ac37b05e472432aee8dc490bba10473c36477c57335f41fed15e14d23e33fc40f875a6f813c5563e3ed45b42d2fc35258787f48d565be135b5bac723a453dac3e6a92095084b9c72ab5e71fb4ffc1db0fd9f7f680f15f82b4df12d9f8c2cbc357ed631eb16b0f931de150371d9b9f6956cab00cc0329c1239ace1276f7bab69696ba4d6bf75871d629f5b26fc9b5fe6994fe137c05f167c7197515f0c690da8ae93035c5d48f7115b451008f26df32565532148a5658c12ec2290aa908d8e3ebd9ff0061bd53c33e11f8ca3c41e28f19687e14b2d36caf2dd52fad6fe792f1ae6cae6dd7cb16b6d300119d0b6f29c37cbb882033e18fec9f0fc41f04fc53f1149e2ab7b6f0ff00c39d2cdddaeb7169574da56bf78658923b049a6585a29a5590b22bc7bdb637c8141607335369ec95ff003bebf97526326e5cbe692f9ff5b9e375dd6a3fb3778c74af860de30974db43a2c51413ce23d52d25bdb38a7388269ed1653730c52657649246aac1d08243ae785afa0752ff008427e1e7eca971a5f847e247866f3c47e2db3827f15dbdc59ead15eb88e512c7a65a8fb17d9822baa4924cf3fef1e350bb150f9a549351bc7baf3f5ff8706da9a8f7feb73e7ead0f09f862e7c67e22b5d2ece4d3e1b9bc7d91bdfdfc1616ea704fcf3cee914638eaec076ef5e89fb42fecccdfb3ef80fe1cea17dabccdaf78e3489756bfd02f34d7b1bed0156e1e287cc5762592645f3637c26e5390b8dacdc4fc31b78ae7c7ba5f9dace85a0243309c5feb56525ed842c997513431c13b48ac542edf25d4eec30db935a7e8da7ea9d9fe28257e5baed75f35a163e297c21d7fe0cebb6fa7f882d6da096f6d63beb596d6fa0bfb5bc81f216586e20778a54cab0ca3900ab03c822b99afa7354f0559fedc1fb4d7c35f05e8fab2df5c8d3e0d27c45e24d0341986936918b8959aeedec0ac1f67b5b78248c4988ede3dd1cb2155c977f9dfc6ba15bf85fc67ab69767a8db6b16ba75ecd6b05fdb8221be4476559901e76b80187b1159d394acb9f777b7a276bfe3a5f72a3ac6fd92bfab5ff000e745f0abf67bf147c6cb79dbc35168b7d7103322d8cbaf585aea174c10b9582d669927b838070224724f03278ae29815383c11c107b57b9fec61e3dd1fe11eb9ff0916b3e2df07e9da7c576bfda3a35ce897175afdfdaa29deba7dda5a30b3964591d1644bbb760c01660154d61e93fb34a6adfb2af8abe2add6a771a05ae9bad5a695a269d7ba7bf97e23f38cbe70b6bac85792dd635322aa1c07049525431cd2526dfc2adf8b4bf3260db6e2fe5f75dfdc793d775f117f66ef187c2af095beb9ad69d67169b3dd7d8647b6d52d2f5ec6e766ffb3dd470caef6b36d04f953aa3fc8e31956c70f120925552c10120166ce17dce326be83f8e567e11d03e0c691e05f867e3fd07c5d633ea16d7fa8db5bd86ad1eafaf6a6d118959639ace3823821f3248e38d65691bcd7762c595222a392b286edae97ebafa69b13cd69a4f6d6ff769afad8f9eab7fe1d7c33d63e2a6b925868f1d9192085ae679af750b7d3ed2d62042ef96e2e1e38635dcc8a0bb8cb3aa8cb3007b0fdac7f6758bf660f88fa7f8686bbfdb57d368761aa6a30cb60d6375a2dd5c422592c2e2166629342480c09079195539514bf669f08f813c5df1176fc44f14c7e17f0ed9db49724b4374eda94cb8f2ed43dbc13b421c9f9a531b6c50c42b3614ddd59f95ff000fcfe4554bc63cc976fc7faea731f11be1ceb1f09bc677be1ff10591b0d5b4f6559a1f31255c3287565742c8e8cacacae8c55958104820d6257d27a3fc159bf6dafda87c4b2df78db448b40d3f459b53bdf1368da3ea13685a0dbdad91fb2db49f6a48258620218edd649012495c1958fcdf3652a726e2b9f7693fc6df995d2ff2f9d93fd4eebc35fb3778c7c5ff000f6ebc51a7e9d693e97696b35f346754b44be96da16db2dc4766d28b9961421834b1c6c8363e4fc8d8e16be81f8347c13f0f3f67ed5356d37e2478674ef895e26b2bcd2eead752b3d587f63e9f229478a030594b14b73729b90bbc8a9146e4005df7c5c978dbf6666f017eca9e13f88da8eaf3596a5e2dd62e6c6cfc3f79a6bdb4d71651451b8d460959b135bb3b98f704003a90198860b3ccf9a4dfc2adf7b76f99349b92b3ddb76f44bfe1cf35d1344bcf12eb369a769d6b737fa85fcc96f6d6b6d134b35c4ae42a2222825998900003249adcf8adf083c41f04bc4f1e8fe24b482cefe6b486fa3586f60bc8e48655dd1b8921774208e786c8ef8ac3d12c22d5759b4b59ef6db4d82e2648a4bcb9591a1b55620191c468f215507276233601c293c57b17ed9579e17d7ef3c1d79e1bf1cf87bc57fd99e1ad3742ba86c2d351824865b5b758de4ff4ab5854c6cc0edda4b7aaad1524e3cb6eaecfd2dbf96b6fbc22df3f2bdad7f9dd7e97380f81df098fc72f89da5f8562d7f41f0ede6b532dad9dceb06e16d65b876091425a18a5285d9828665083396651cd737abe9371a0ead7563771341776533c13c6dd637525594fd0835d87ecc7a4dd6bdfb49fc3eb2b39aeedaeef3c4ba7430cd6a88f3c2ed7518568d5d594b0272032b0c81904715f40fecfb61acfc50fdbafc79aa784b55b6f851a65858eb71eade23b4d1df57d3ac2dcc13c72497667768e0fb560a1903222bcdfba441b50693d126bb49ffe0293fd4a8eada7de3f8bb7e973e45a28a2800a28a2800ae9fc3ff1a7c65e14f036a9e12d2fc5be26d37c2bad4bbb51d1ed7549e1d3f506c28dd340ac2390e1579653f747a0a28a7f6641d44d63e34f8cbc4ff0eb4ff08ea5e2df135ff84f459bccb0d16e7549e6d3ac9fe6f9a2b76631a1f9df9551f7dbd4d51f03f8def3e1f6b3f6eb15b692492192ddd2e2212c6e8e3e6054d1456b424d54e65bdcceaa4e8dba58e93fe1a0f54ffa05786fff0005ebfe347fc341ea9ff40af0dffe0bd7fc68a2bd7fafe27fe7e4bef7fe6795f53a1fc8bee41ff0d07aa7fd02bc37ff0082f5ff001a3fe1a0f54ffa05786fff0005ebfe34514bebf89ff9f92fbdff0098fea787fe45f720ff008683d53fe815e1bffc17aff8d58d27f691d734bd560b9b4b3d0ad6ead668e486686c82490b824ab2b0390ca541047208a28a3ebf89ff009f92fbdff999fd4e87f22fb91278fbf6a6f16fc517d62ef5cb8b5d4352d793cabfd42788cd79720852774ae5989c2819273818af37a28af3b1952729c799b7a1e860e29295bb8568f847c63abf803c456dad683aa6a3a26b1a5cc24b3bfb0b97b6b9b571d192442195bdc1068a2b9a9fc476cf62b6abadde789757bcd4350bab8bebfbc99ee6e6e6e256966b995dc97777624b33312c493924926abd145453f8472dc28a28a6485145140051451400514514005145140051451400514514005145140051451400514514005145140051451401b5e04f895e22f851ad7f6bf85f5ed6bc37aa790f07daf4bbe96ce7f2dc61d37c6cadb58704670475ac5a28a0029fb7fda6fce8a2803fffd9, '', ''),
(6, 'valeri', 'f10e2821bbbea527ea02200352313bc059445190', 'valericfbg@gmail.com', '1', 0xffd8ffe000104a46494600010101006000600000ffdb0043000201010201010202020202020202030503030303030604040305070607070706070708090b0908080a0807070a0d0a0a0b0c0c0c0c07090e0f0d0c0e0b0c0c0cffdb004301020202030303060303060c0807080c0c0c0c0c0c0c0c0c0c0c0c0c0c0c0c0c0c0c0c0c0c0c0c0c0c0c0c0c0c0c0c0c0c0c0c0c0c0c0c0c0c0c0c0c0c0c0c0c0cffc0001108004d006903012200021101031101ffc4001f0000010501010101010100000000000000000102030405060708090a0bffc400b5100002010303020403050504040000017d01020300041105122131410613516107227114328191a1082342b1c11552d1f02433627282090a161718191a25262728292a3435363738393a434445464748494a535455565758595a636465666768696a737475767778797a838485868788898a92939495969798999aa2a3a4a5a6a7a8a9aab2b3b4b5b6b7b8b9bac2c3c4c5c6c7c8c9cad2d3d4d5d6d7d8d9dae1e2e3e4e5e6e7e8e9eaf1f2f3f4f5f6f7f8f9faffc4001f0100030101010101010101010000000000000102030405060708090a0bffc400b51100020102040403040705040400010277000102031104052131061241510761711322328108144291a1b1c109233352f0156272d10a162434e125f11718191a262728292a35363738393a434445464748494a535455565758595a636465666768696a737475767778797a82838485868788898a92939495969798999aa2a3a4a5a6a7a8a9aab2b3b4b5b6b7b8b9bac2c3c4c5c6c7c8c9cad2d3d4d5d6d7d8d9dae2e3e4e5e6e7e8e9eaf2f3f4f5f6f7f8f9faffda000c03010002110311003f00fba3f609fd8da4fdb5bf66f1f123c7df1a3e32dd78b3c41f10fc47a85f5cf803e326bf6de189adacf5ebeb34d3f4d8a2baf2d34a923b65652a16751210b2c602a25dfdac7f673fd9e7f61ef0bdaeadf153f69bfda37c1b06afe234d474cb6b8f8e1e269aff0053844b6f13e93696915cbdc5cda869a2f31a28deea3598bb5c228dcbeb1ff0459057fe09f1a37c9e06427c5fe3338f05beff000e31ff0084af5739d3ce4e2d0f58867842a303181e19ff0007197ec89e00f137ec65e27f8c579a05b37c45f0f5c785747b3d664fde4d0590f125a8fb3a07cac4a5af666668b63c876077654551a518f3548c5ecd91565cb094bb23dc8ffc1243c272ab95f8c5fb550dfaeaeb031f1b7c4784b51b7fe2563375ff001e8db4e58e6ebe738b81c63e67fd97ff0062f3f177fe0a35fb54fc3bd5fe317ed490f853e13ebde11bef0ec317c65f11230b6bdd31ef2eac5a4fb56e7b69242232c499d445f2ceac589fd39d014ae8b68082b885015c6ddbf2fa6171ff007c8fa0af917f619f15fda3fe0a95fb71683fd89a6da1b1d77c1da9ff006a0b6c5fea3f68f0cdac5e5bcbc6eb78bec998d31f24935c9dc7ccdab92668713fb5efecbdf013f60ff83b75e3df8b5fb47fed37e0af0ac7e27b7ba4bb9fe3478a679261211b7448208ae1e69e0609231f2d1eed6312bf9ea919645fd91ff65bf80bfb79fc1e4f1f7c25fda3ff0069bf18f852e7c4ef75f6bb6f8d1e29824b3584a893459619ae126860236b7ef516eca4eaeb71b1e36ae07fe0e5af149f06fc3ef811ac45f62f08cbe1af1f5b6bd2fc4f1a349ae5dfc2eb7b792156d416c2343f6981e696de391246f28b9814a3bb44d1dbff0083693c5565e32f83bf19f57b4b69bc4afe21f883a86b93fc51b9b51a5cbf159ae2e27ff899c7a634692585aa797e4a47978bcd4b908559658d1c754ffaedfe60ed6d3fadce93c6dff04dfb0d2bf6f9f871e0ab7f8ddfb55c5e19f117877c57e33beb31f19fc407cd6b1d47c310db58090dcef168b1dfde82437da1bed0499f29194f4ef17ffc12e7e1ff00813c2bab6b9ae7c72fda6b44d0f48d4dfc4d7fa85f7c75f10dbda69da74281e6b19257bc0a960a88ecf2b9fb42a963f695c0c77ff114ff00c6d33e0dff00d92af1e7fe9dfc195bff00f0505f86b63f18bf61bf8b7e19d4edbc5d7da6eafe13d461bab2f0b4ab1eb3a845f67766b6b52df2b4b2806308df2bf99b5be56349bb2bb16fa1f13fec4d69fb277fc14675cf10695f06bf6a9fda6fc5baaf87f568bc457d627e2e78c34dbab7d3d982fd8122bb922796c370c3ca8af70865506e54bc75da7ed8dff04efd2fe067c29d235dd0fe30fed422eef7e2bf842da54b8f8d1e24923feccd4fc47a669775a501f6c07ecde45dcacb267ed21c83e79036d7c75ff040ef11ea3fb50ffc14a3c3be2db0f8c3f133e2f784be13fc1f93c369abdf7822dbc1ba7e8f24b358791e1e9a185e41772c086e249642e434b6f032bbac6aeffa61ff00054df080f127c0df87d76751d5ac7fb07e31fc3bbe586d2e8c30df96f16e956fe55ca8ff005b10fb479810f496185faa0a7e7ebf986ab4679d7c7efd833e117ecbff00073c47f103c7ff00b40fed37e13f077867521e24d4b53bcf8dde25f2ecec94a28d25545d1792091f088aaaf7b23cc12398bb20af29fda3747fd953f64bf817e0ef88ff00117f6a5fda6fc2be15f88faadbf88bc3525c7c5cf183deea360f0c537f67476292b5d8b308e864778bed3119d55ee2366415ecdff05c7fd903e1efed0ffb02fc57f19f8afc3963ab78abe197c36f15ddf86351b88d667d1a492c04d334492068c3b9b2817ccd9e6c6a1bcb78d98b1f82ff00e0a21e31f177c14d0bf609f89175f10f4ef81fe02f0f7c30bad3d7e2427c3db8f1a3f83f55bbd3f4ddc925bed308fb5430a4101281c0fb6120e14a5c21ccaeff00ad1ff9194aa355143d7f45fafe07d2df1d3f649f87fe31ff008264fc43f8d7f097f68dfda6ae74f7f0c6a9f103c2fe208fe33788a582da1874f9268ac5a29ae47fa2ac917ef1265176ac2446990ae17f05bfe1e6ff00b547fd17ef8fdff855eadffc875fb9bfb1f7c58d6fe2affc1b7ff116e3c49e0ef09fc3bbf93e137896f57fb1b498fc3d0ea96d25b6a490eb0da6c2b10b41771c2b71be32b1cacf23c5b17017f9b2ff00846dbfe8149ff82b1ffcada89e8cda166b53fa6bff008260fed2df18be1ffecb51e87e14fd9aac3c73e15b5d4bc697361e24f00f8d343b3f0bea1aa9f156aed1dae9f6f7174268b49c702e4832265152d644cb8f7eb4fdb2ff006869ae21497f639f1bc48de1c3732b8f883e19658f5d0580b25ff4bcb587cbff001fa409be78ff00d0befec67fc116148ff827c68bf2781973e2ef1a37fc516fbfc38d9f15eae73a79dc7fd10f58867842a303181f317fc1c09a778ebc31e2887c6177fb43f8e7e1878074ff0005cda7f82fc11f0d7c4efa478d3c75e369ef9218a3581630d7b66b1cd69bd2376923c48ca88199996a095f43e9ed3bf6c6fda090dac07f637f195b45ff0008d79f2327c40f0c98e1d70642d8a8177936185ff8fdc0946e4ff42fbfb3e63fd8b3f6c9f8d36dff000501fdad6d22fd92f5697c4178de1cd675986dbc55a126a1a66aefe1ab182dac27bc7b948ee74c63693bc53c21e583cc766b72f712456df7bfec5f7df10f50fd94fe1eb7c5719f8923c3d61ff092cc2de2b759f5036d1b5c3797131452242cac142aef562a8a85457857ec31e2cfb4ff00c152bf6e2d08689a6dafd835ef076a7fda82db17da87da3c336b1794f2f1bade2fb26634c7c924d74771f336ad38f2b71ec4c64a49346dc1fb647ed0b7573024ff00b1cf8d2356f0e1ba95ff00e1607865d62d78138b25ff004bcb587cbff1fb8137cf1ffa17dfd8b63fb657ed0d25c4092fec71e36895fc366e66907c41f0cbac7ae8ce2c47fa665ac0edcfdb7026f9d3fd0b97d97ffe0ab3f072cbe22feca9adf8935af8aff1d3e16786fe17e9da878c75497e15ebb0e8bac6ad15a5a4b2342d3c91b16511897116f4477642e7e452b93ff0454f831e36f83ffb05f872e7e20f8cfe23f8cfc4de3a99fc592ffc26de22935dd4b4382ed2336da77da5f1b9618122dc55515a5799c471efd80b4b96ec5cdd3b9e4be2bfdabfe365e7fc1427e165fde7ecafe38b1f115bfc1af187d97491e33f0e4b1de6a526a5e1a6b941702f005b1864b7b44172c9e7c82fd585a0f2a403d86d7f6ccfda1a5b88125fd8e7c6d1237870dccac3e20f865963d7416c592e2ef2d61f2ffc7ee04df3c7fe85cbeceb3e238cff00c152be0dff00d92af1e7fe9dfc195f24ff00c1c89e2afda17e167ecf9ff0987c3df89d7fe01f861a4c9a4586ab67e1ab4306b9a95edd6ad1a3cb71a9096392c6ce38d6044fb3323cb25cbc72b18d86d2294a4a3dc272e58b933e88b1fdb27f68433dba49fb1c78d6056f0d9b895c7c40f0c958b5c19c58802f326c3e5ff8fde261be3ff42e5f67cd9ff0537fda4bf68ff1d7c31f854cdfb2978cf40b1d17c7fe05d7352b893e296850412eb49e23b38e2d29a282495af2c659da154b893c9292cb6f33dba085c0f10fdbdfe28fc5af881f1d7f6d0f8b9a3fc64fda17c0b2feca336849e08f01f86980d36ed20820b9babad534d8d82ddd85c492bcde7c8fb96cd9ddd658e116ebf7dffc1401a4f8c1fb287c27f12ce75ef0fcb65f16be1ceadf6186ebca8eecbf8b34ab7f2ae5413e6c18b8f3951b04491c0ec15936872a7cab5feae935f989544dd979ff00c1253fb607ed03ab04b6bcfd8d7c61f66b9f0c34b75bfc7fe189231ad9dc3ec1837797b0214ffa61025c489fe87cbec20fdb0bf682bd96de1b9fd8d7c64b11f0efdb2563e3ff000c3a45afab12b66a3ed7936394cfdbb0261be3ff0043cefd9cb7fc1748fc7ed2ff00628f19ebbf05bc7b63f0ef48f09784b5ed73c517d6967e6f886f12ded55a0b6b199d963b48cc66ee496e54fda63686dfc8f99988f98ffe0a27e2afda4be2efec91fb14f80fe0fe95f18bc51a878cfc3dff0009378c352f03f8f5fc2de20996cb48b48e34975cb859218e29a6d45a590dd46ed33dbc6170e49024e4bd0529454979dff0b7f99edffb74fed69f1bfc49fb107c62d37c4dfb2c78dbc21e1fbef841aeb6afaf8f1bf872f1742d51ac2e564458a3be8e49ac238c349f6a568ee0fc805a292c63fe5d7fe1165ffa03b7fe0aff00fbd55fd2e7eccff1d34afda03fe0dd2f8a1abe95e2ff00883acc16bf0cfc5765a949f10f59fed9f12e95a9241a97db12eb538cc42ee04721609163898431a64ab1f2e2fe683fe11593fe8103ff000523ff0095b52ee8bbbe87f573ff000480f8f3e06f01fec331691adf8c7e0d687ab687a8f8dfc55a9d8f8675bb78b45b0d213c5dad2bea76a8f26e8f490c8e2399b11aaaed24152a382fdb8ffe09adf023f6defdb0acbe35ebdfb52f8ffc09e2cf0a780a1d73463e0bf1de93a27fc23fe1b1f68f37568e6fb3bccb652f9b316bb67d872ebe66c0a89df7fc11f7e05f827c65fb10596bbabf833e0f6a7ad6a3a978e3c35757fe18d36deef47bbd2a6f176af24b6165338666d2a47f9d2dc9f2ca95ca023031bf6f4fdbcbf670ff008276fc55d2fc17ac7c0dd7fc6dafc3f0da68f518bc0ff0eedb538fc25e068e530b477aec6358748dd0cb9850bc4a2dc9744063dee2aeecb707a23debf66ef11fc2bfd95fe07e8be03b5f8cb6fe26b1f0a783d7c54353f14f8c6d750d51fc3e33ff001379e72ca4d912ae45c1020500aa1544545f9fff00622fdabbc051ff00c14aff006e3b5975df87da7e9960de14f1cff6fb6a16e93ea1a53f856c04976f725c2b69b6f1c50babf31c4d793397c4c02fd43f0c3e11fc1cf8a7f0f7c3de29f0cf827c077da0eb9e0987c3da45dc5e1eb78c4be199a34923d3155a30c962c9b0fd948118c005062be62fd85fe177816e7fe0a51fb68f82bfe158f802d749f0c7fc229a4d8dc0d02dc4efa45f785f4eb7974953b368d31574bb60b6aabe5ef12139caaa269a6ee1169a4e3b1ea9fb7bf81fe08fedff00fb347883e14f8cfe2d697a1786359d02d3c77ab3e8be23d321ba93c3f6f709731ea2cf3a4a134e32c0a4dd2aaa911902503767d6f4efda1be15f8574d4b1b6f1d7c3ed3acb4af0a278b96de2d6ad228acfc3aa0aa6a6143809a780840b8c08405237715e29fb7afc6efd9bbfe09adf06edbc63e3ef03f860f9ba10f87ba1e87a2f866ceeb58d674a6283fb0eca02103598f909b72cb6eb85c804a831ff00c13d3e3c7ece5ff0519f84b71e29f007c3dd0f48b8f0d6932fc35d5fc3daef85ad34fd6bc35a6291ff00124b880060964caa8cb02334040c637a3aa09b6b97b0df464ff11fe3df814ffc14a7e15eadff0009a784ff00b2b49f819e35f14df5eff6c5bfd9ecb489b55f09bc3a8cb26fda96922db5cb2cec446c2de5218846c5efdbc3c09f043f6faf80979f0e3c65f172cf40d07fb2ecbe245dc9a0f8b6cacae1f44b59c4f16a5297dea74c324418cec9e56620c1d59030a9e36f81be0ad2bfe0a45f08f42b6f07785adb44b9f81fe35f0ccda7c5a4c09692e9506a9e128e0d3da20bb0dac693cca9091e5a89a40146e6cf1dff00050ffdb73f650ff825e2786ad7c79e0ef0dddf88b5ef0e2f83348f0f681e1ab1b8d487869a5488d9b2c9e5c76fa509362f9524890b32e1558a10a46f756dfa0a56b3e6d8e37f6b4ff8262fec9ffb5a7ed37adfc4df13fc59d474a93c49e17d33c65e37f0d693f106decbc3be36d034f65367aaeab6a72d25820b78c2dc2491c23c80c1838663d37fc1577f693f83ba4fc12f85116a7f19bc19a05d587c45f877e32d3acc78bacac575dd24789ac41ba922dea27d3c40b7373bd47940d8897204071a3f1f7f6d4fd92bf66bfdac3c0bf03af3c37e13d5be2978aac6c7e1a41a1e87e18b5b86f0fe83788cf0e9f7929558adf4e2228cfd8b7962b244e2dda33bc56ff82acfec23f08bc6df073e13ead75f0fbc210dd7c3ff0088df0f745d27c8d12d1123d264f1469b60da430f28ff00c4bbc9bb90fd941116e58cedf9714fde71d762538f369bff005ff04f58fdb3e5f851fb60fecbfe3cf859ac7c62d23c2ba6f8c3c0cfe20d4750d17c4d676d7d6be1b73f3ea7b9cb2ff6748a8f1c9332f92f1b4aa5b9247897ed39fb037ecd3fb467837e165acbf1ab55f87be2df81be085d77c39e39f06f8eecb45f1358f850db1b67be92e554a1d3a4443bae7cb11822408e8b24aafe81fb79fed0dfb2d7fc1323e155b78a7e28681e07d27cdf0b5cf83342d22c3c376d73ab6b3a34110964d12cedd533f61c2c61a3729691978bcc68c329ad5f881f10bf67cf835fb105c7ed01aef80bc23a3f81f4af86096a91cfa1e9d6f7bff08dcb0472c3e1e8c3958bcb998c50c7642410bccf1a00491424ed7e8174a6afbebfa5ff0043cc3e217c2cf81dfb1f7fc11fbe2afc12f849e26f0bc567a7fc15d7fc49636e9ae4375a96a1a75c585d0fedb93cb712490cd3163f684db1163b632815557f959ff84524ff00a03aff00e0a87ff2b6bfaaff008b1ae7c2afda27fe08f7f113e30780fc03a67826db52f811ac693a05edde856ba7ea1a3e84da4c93c362925bb1f2ad1311b7930cbe5ab45c60a647f2a3ff0008acbff4081ff82aff00ef6d29735eccba76b7ba7f5cbff0458423fe09f3a37cbe078f3e2ff199c782df7f874ffc557abf3a79c9ff00443d6219e10a8c0c60780ffc1737e367c5bd3352d67e18d97c0af8b1f12fe18f8dfe1cdfb787359f873657f777765e30cdcdb25b6b11db5d47149a3f91716eef05dc3243312e0c770119628ffe0981f04ff68ef147ec796979e03f8eff0002bc15e169be22f89f54b2d2bc3bf0c9b5cd22dede3f11ea09358595daeab0ac9a5cf2c72cc84431cf1a5c08d25408a17e813fb39fed7a43ff00c650fc2d5ddaeaeb00ff00c29493e4b61b73a58ff89e7fc7a1c1cb9cdd7cc717038c545f2cb984d5d1eb5fb10f87fc6be15fd8f3e18699f1222d3adfc7961e18d3edf5f8b4fb582d6de0bc5b74596348e0fdca85605710811fcbf22aae147867ec31e29fb5ff00c1527f6e2d07fb134db5fb0ebbe0ed48ea82db17da87da3c336b1794f2ff0015bc5f64cc698f91e6b93b8f99b5767fe19cff006bd657c7ed41f0b403af2eb031f055fe4b61b73a50ceb9ff001e87072e7375f3362e0718f957f641f859fb4e6bbff052efdb0b42d27e397c33f0feb3a2f8abc1dae6b5ac37c1f170be238e6d12331d922ff6a2cd0d9c70c496e55ae269331bc91cb0492cc645297349c9f51538f2c547b1ea3ff0700fc14f895f10fe187c21f167c3cd23c7d7b07c38f1a7f6a7892f7e1a803e2258e9773693585c8d1491cb3c5752798832c4ac2d8db1bb2ecffc1016d3e3c59fecb5e265f8cb79f132f7411e25b81e0293e27d99b6f1d3e9781e636a686591d41b8f37c95959a5099c3180dbe3d05bf673fdaf7e7ff8ca1f85ab9d75758047c147f92d86dce963fe279ff1e87072e7375f31c5c0e308dfb39fed78dbc7fc350fc2d5ddaeaeae08f82921d96c36e74b1ff13cff008f43839639baf98e2e071849e8536f63aff88e71ff00054af837ff0064abc79ffa77f0657827fc1c35fb3add7c60fd82f5997c1de02f1478abe22dfeb1a0585bc9e15d2dae75196ce1d562b9786e8c5899ec536c92ec0db567f2642176975e7be207ecfbfb54ff00c3c8be164527ed27f0fbfb6a6f09f8cb5ab2ba8fe1015b5b5d35354f088b8d19e03ab9692091fece56612adc461261e6b9911a1f6d3fb3a7ed7a43ff00c650fc2c5cebabac03ff000a51fe4b61b73a58ff0089e7fc7a1c1cb9cdd7ccd8b81c61c5f2cd4d7464ce3cd171ee79b7fc1583f662d77c53fb457eca7e25f047c3dd1f52b6b4f8d7a7eb5e33d5b4cd0de6d6a0dba7bdbc57734d14640b310dba4734b330c1874f5070b81ebfff00054af090f10fc0df87b78da8ead66740f8c7f0eefd61b4bb30c37e5bc5ba55bf9572a3fd6c43cf32043c096185faa0ac893f672fdaf1838ff86a0f85a376babab8ff008b28ff0025b0db9d2c675cff008f43839639b9f98e2e0718f0ff00f82807ecddfb4e45f0a3c27a8f88ff0068af006b765a77c69f04eb3676567f0baeb4c4579bc49a6d9dad94a63d6c89ec209ee23ba314aad348f028fb4210ae8b9b4b2feb625534a7cfe497dd7ff33e80ff0082bc7ecd917ed13ff04f4f8cf069ba4ea777e3983e1f6bd6be1fb9d12d04badbbbdb099f4eb6611bca62bd7b58219a18c6674c21e7691f1cfed7bff04dcfdaa7f6bdf827fb3259f8064f831a37867e1bfc3bb269f43f1fdceb56f7767e2696c56ddaf5edede1689a5b284016cd32868a59ee4b213b36fd6e7f675fdaf5b7ff00c6507c2e5ddaf2eae31f04dfe4b51b73a50ff89e7fc7a1c1cb1cdd7cc717038c07f674fdaf097ff8ca1f85abbb5d5d6148f828ff0025b0db9d2c7fc4f3fe3d0e0e5ce6ebe738b81c61fd971ee3e5f7d4bb5ff1b7f91f38fec8be05f8a7f0dbfe0da9f885a07c5ed3ad3c29ae68ff000ab5cb5b0b36b7bdb39f4bd397426f245da5c6c923b95f9cca10aaab642edc607f353ff08c4bff004091ff0082affef6d7f50bff000509fd9eff006a6b6fd81fe3949af7ed37f0ea6d097c3bae6b5a8c765f08dac6e1b4c5d3a63369315c36b12086dd903813b46f7285cb79c70057f2c9ff000867883fe79e89ff0084acdffc8555cd7939771d34a11513fafbff00822caedff827c68b95f03267c5de343ff145beff000e9ff8aaf5739d3cee3fe887ac433c2151818c0fcd2ff839ebfe0ae16579e2af1efecc7a4f8bf5df87c3c1da2adf6bf2d81bb86fbc6f7b7d64a2df468a48418574e16d7867ba371feb8a2428170ce7f443fe0811e365f897ff0004b3f03f88d746d0bc3bfdb9e20f165f7f65e8b6c6db4ed3ccbe27d59cc36f1166f2e15dd844c90a0003815f4e7c76f821e1bfda4be0ff00883c07e2fb4bcbff000b78b2c9f4dd56d2d751b9d3deeed9f02484cd6d2472aa3ae55d55c0746656cab10737aad0b8bb3386ff00827f7c65f0e7ed07fb1b7c3ff15f847519f56d0352d2635b6bb920961f34c798df6ac91c6db15d195728bf2a8e06303c7ff618f157dabfe0a91fb70e83fd89a6dafd875df076a5fda62db17da8fda3c336b1794f2f1bade2fb26634c7c8f35d1dc7ccdabf5a7863c3567e0cf0fd9693a7446dec2c21582de2f319fc98d701541624e00e073c00057c8ff00b08f8ce2d4ff00e0a99fb737875347d2a06d2f5ef06ea326a6b00fb7de9b9f0bdac7e44b271ba0885a868d08f95ee2e1b27ccc2b94936e4b66cce945c6093ed6382ff8388bc09e2bfda07f66df86ff0007fc22ff000d24bbf89be3fd2aceef4ef1978d0f87ed756b782659bece628e686e2f6169444248ed5dae46633146ce449173dff06e3af87fe17783be397c1ab3f857e05f86de2ff84be356d3fc5771e0fd7750d5f45f10de488ca93dbb6a124b770aa4502218a4958060edb636778d7ed0fdaeff00622f84ff00b777c347f08fc5bf03e8de35d13709215bb0f15cd9b06472d6f731324f6ec4c6a18c522965054e549065fd92ff0062ef85bfb0afc2c8bc19f09bc19a4f833c3e8ed2bc56bbe59ee9cb336f9ee25679a76f9c80d2bb155c282140008e97f3ff00805c9ec91c9fc4938ff82a4fc1bffb255e3cff00d3bf836be3aff839efe0ef89354fd902efc76df107c7f6de13d0aef42d3e2f07686b15b68f717d2eb76e5f50d566de924f00882471444858ee3c9901cb12bf627c4618ff0082a67c1d1ff54afc77ff00a77f069fe95de7ed3dfb2df823f6c6f8553f81fe2269577adf85ee6eed6fa7b18355bcd385c4b04cb2c3bded658ddd52544708cc577221232a08aa724a7193e8c8a89ca0e2ba9f94ff00f0581fd82bc25f1bbfe0a15e224b5f15fc51f1ff00ed39f106cb40d4be15685e1f9ef34cb7f82ba6dab882e35d9efb7496cb65f6bb792564089334d288e20924df6a4fbcff00e0a39e01bbbbfd99be173ea7af6b52ea3e1af8b7f0e2f677b6b91047ab4a7c59a55bb477288aab2c399cc8a9b4012430bf54ae73f684ff00837fff0064bfdab7e346bff10be217c2fbcf13f8cbc51702eb53d4ee7c63aeabdc3845450152f551112354454455445455550aa05753ff000529f85b6365fb377c3282c2ef57d2ec7c23f177e1d5c5ada5a5eba43769ff000966956cb6f70092658144fbd632702486061feac0ab95452a6a097512a6f9efdec709ff0005e3fd9a3c47f1eff610f885ac59fc55f1bf813c2ff0fbc05e2ad7754f0ff86a55b3ff0084c2e63d2ddad21bcb91990d9204b8596d546cb8170bbc831257857ed2df043e047ed7ff00b217ecb1f0c3e2af8be06f1f7fc2aeb8f10782bc01a8f882ff004ef0c7886fe1d0e0db7bac3d922cc905aed72928921611c97bb44989157f493e38fc13f0e7ed1ff07bc47e04f185ade6a1e16f1558c9a6ead696da8dce9ef796d20c49099ade48e55475cab0570195994e55883e53fb4e7fc129fe007ed91f06bc1be00f893f0eb4ff0013785fe1e2245e1d85efaf2d6e74a8d21583cb8eea0992e3634691874321573146cc199148952567113a77aaa77d35fd3fc8f913f633f8c7a2fc60ff0083613c512699e29f11eb4da57c21f1369f75a8f8910dbdec6d0daea1016c2cce7eccad0c8913acbf7210328c8c89fcd5ff00c23c7fe8171ffe0ac7ff002b6bfaf8fdae3e01784ff676ff008245fc62f00f80744b0f0a785f41f85fe21b1d32c6cd5963b55feccb9f9b2183b3162599cbef66258b6e25abf8d7ff0085a361ff004083ff007cd8ff00f2255547194dca3b334c3c3921cacfffd9, '', '');
INSERT INTO `users` (`id`, `username`, `password`, `email`, `forum_notification`, `image`, `location`, `birth_date`) VALUES
(7, 'magare', 'f10e2821bbbea527ea02200352313bc059445190', 'test3@softunioverflow.webuda.com', '1', 0xffd8ffe000104a46494600010101004800480000ffdb004300030202020202030202020303030304060404040404080606050609080a0a090809090a0c0f0c0a0b0e0b09090d110d0e0f101011100a0c12131210130f101010ffdb00430103030304030408040408100b090b1010101010101010101010101010101010101010101010101010101010101010101010101010101010101010101010101010ffc000110801e0028003012200021101031101ffc4001d000100030101010101010000000000000000070809060504030102ffc4005f10000103030302020506070a0b03070d000001020304051106071208211331142237417509155161b3c2161719233271d3184252565781919495d42433677276a1a5a6b2b4e4345362253543449293c12736586364657385a2a3c4d1e1ffc4001c0101000203010101000000000000000000000506040708030201ffc400471100020103010307090604030705010000000102030411050621311213415161718107223234357291a1b1144252c1d1f01523628292a2e1172425335354f11643b2c2d2d3ffda000c03010002110311003f00bb00038e8bd80000000000000000000000000000000000000000000000000000000000000000000000000000000000000000000000000000000000000000000000000000000000000000000000000000000000000000000000000000000000000000000000000000000000000000000000000000000000000000000000000000000000000000000000000000000000000000000000000000000000000000000000000000000000000000000000000000000000000000000000000000000000000000000000000000000000000000000000000000000000000000000000000000000000000000000000000000000000000000000000000000000000000000000000000000000000000000000000000000000000000000000000000000000000000000000000000000000000000000000000000000000000000000000000000000000000000000000000000000000000000000000000000000000000000000000000000000000000000000000000000000000000000000000000000000000000000000000000000000000000000000000000000000000000000000000000000000000000000000000000000000000000000000000000000000000000000000000000000000000000000000000000000000000000000000000000000000000000000000000000000000000000000551ea73aafdc4d96dc88f47e96b2e9caaa27db60ac592e14f3be5e6f7c88a9964cc4c6189eecf9f7224fca15bd1fc58d15fd4aaff00bc972b1d83d6350b685d508c7933595997411f5352a14a6e12ce5761a120cf6fca15bd1fc58d15fd4aaffbc9216c6f5cf5faab5a3acdbc52e97d3d689e955b49574b4b52ccd62cb1358c91ee9246b23e0e9155ee46b538a2ab913cfeeebc9feb7694655e504d456709e5f825c44353b79c9453e25c70797a7b54e98d5d44fb9693d476bbd52472ac0fa8b75647531b644445562ba3554472239ab8f3c393e93d4299384a9c9c66b0d74333d34d650045fa9293a9ca5f47fc10bfed7dcf973f48f9cad170a1f0f18e3c3c3a99f9e7d6ce78e309e79ed54ef9d78efd69cbd5c34f5e747e8aa7b85aeaa5a2ab87d16a5fe1cd1bd58f6f26d52b570e6aa6515517dcaa5934bd95bcd693fb0ce13c715cac35e0d27f2312b5ed3b7ff989af02fe033dbf2856f47f163457f52abfef23f2856f47f163457f52abfef24b7fb37d77f0c7fc48f0fe2d6dd6fe068482a674d3d5a6e36f2ee633466a7b2e9ba5a27504f54b250534ec979b38e132f99e98eeb9ec5b32afac68f75a1dc7d96ed252c27b9e773ffc19942bc2e61cb87000022cf7000000000000000000000000000001fc739ac6abdee46b5a995555c2227d201fd0457acfaa0d8cd136ef9c2af70ad5747ab95aca5b3d4b2ba673b1e5c6272a37cbcdead4facadfaf7e50dbe553e7a4db5d154d450aa2b63adbb3d659bba7e92431aa31aa8be5973d3b77fa0b1e99b25ac6aaf3428b51eb979abe7c7c326256bea147d297c379790fe2aa3515ce54444eeaaa6536a3ea677eb544fe3d7ee85f29b0b96b2dd3fa0b53eac41c329faf271f7bd7daeb52b5cdd47ad6fd7547261c95b729a7454fa179b94b950f255792c73f7118f5e137f5e49812d6a9af462ff7f135a6edb8bb7d60ed7dd75a7adcbffdaee7043ff1390e66b3a8dd89a172b66dd6d38e54ff00b9ad6ca9fd2cc993c098a5e4aacd2fe6dc49f724beb93c25ad54fbb146a9bbaa6e9f5abc57742d59fa9b2afdc3e883a99d84a95448f752c499ff00bc9959ff0012219480f77e4b34dc6ead3ff2ff00f93e7f8cd5fc2be66bbdbb79768aecbc6ddba1a52a1dfc065e29f97f473c9d551d7515c216d4d05641530b932d921911ed5fd4a9d8c5e3e9b7dcae369a96d65aee1534750cfd1969e5746f4fd4e6aa29835fc94d26bf9172d77c53fa347a475a97de87ccd9f0645c1bd9bcb4c8c6c1bb3ac58d8f1c5a97daae298f7639e31f512768aeb877c74bbe18af372a2d4b471223562b85335b2ab71ff7b1a35cabf5bb97d79216ebc976a74a1caa156137d5bd3f0dcd7c5a3221ac5193c493469302b16def5f1b5da8daca6d716daed2b58e771f11516b29553dcbcd8d47a77cf656613b7acbee9f34cee2681d68e58f48eb5b1de6446248e8a86be29a46357c95cc6b95cdfe744291a8685a969526aee8ca38e9c657f89657cc90a5734ab2cc2499d08008a3dc000000000000000000000000000000000000000000000000000000000000000000000000000000000ce8ebebdb9c1f01a4fb498adc591ebebdb9c1f01a4fb498adc750ec9fb0ed7dc453af7d627de0fde8686b6e75b4f6db6d1cf5757572b20a7a7823592496472a2358c6a655ce55544444eeaaa7e0592e822f965b26f457fcf577a2a0f4fb0cb4349e9550c8bd22a5f574bc218f92a7391d85c3532ab85c2121abdf4b4cb1ab770872dc1671d7f267950a6ab54506f19390d05d2e75157fada3bbd8b44dd2c4ea7af8d8cafb8cc96d929246ab5c93a36456cfc59947738d8e5cb551b97260b81b43b35d4be92f4676b3ea23d229a2ba32aaa6dde87f3b7a5d32787ce3f4baa46cd0f346b9bc588a8dcf24eee54271d454fa9ea68991e93bc5aedb5692a2be5b8dba4ad8dd1e172d46473c2a8ecf15e5c95308a9c57394a7fb91b63d7dd77cddff00ca17cf7c3c6ffe6ddda3b5f839e1fe3bd4a6f1338f57f4f8f177e8f2f5b4ebda2badad6e95c55b7a11feb8e5f4f0734e3f071c746f27becb0b2f3a31949f63fd3796e7526b7d17a37d1ff0bf57d92c7e99cfd1fe72b8454de370c72e1e239396393738f2e49f49935ba77ab6ea3dced5fa86cd53e916fba5fae15b49370733c4864a87bd8ee2e447265ae45c2a22a7bd10f8752688d69a37d1ff000bf485eac7e99cfd1fe72b7cb4de370c72e1e235396393738f2e49f49e297ed92d93a1b3dcbaf4abf3ae6b194925b9be186febfe9197d7b2bac4651c60000ba91e589e83fdbd45f08acfb868f99c1d07fb7a8be1159f70d1f39fbca67b6d7b91fab2cfa47abf8b00035f128000000000000000000000000aa889955ec701bb7be3b7bb316b4aed6376c55cec73a8edd4edf12aaa953f82df26b73db9b951beece7b19edbcfd4f6e46eedde77b6eb5b61b13e25a6659e82b656c3244aaab99f0a8933d738555444c226113be6dbb3bb1d7fb42f9c8ae452fc6d6e7dcba7e9da60dd5fd2b5dcf7bea2d76eb75d9b79a2aadd68d0b6e76b0ad8deac9a78aa3d1e8e3ecbddb2f172cab9c766a7154ce1fee29e6ebf50fba1bbf5b33b51dfe5a6b5c8a9e1da285ee8a8e36a27bd99cc8befcbd5cb955c6130891a037768bb21a568789d1a7caa8bef4b7bf0e85e0915eb8bead71ba4f0ba900016730c000000000000000000000007d968bc5dac17282f162b9d55babe95dce0a9a599d14b1bb18cb5cd5454ecaa9dbe93e307e4a2a69c64b2984f1bd16a36cbafad71a5ad6969d7fa7dbab15af4f0eb92a9b4950c8fb22a391b1b9b22a6328abc5573dd57ccb9fb6dbbbb7fbb56af9d343ea182b7835167a577a9534eabee9225f59bdfb67f457dcaa6441e858750dfb4b5ce2bd69abd575aabe14548eaa8aa1f0cad454c2a239aa8b85455454f7a140d77c9e69ba945d4b35ccd4e3bbd17df1e8fedc77324edb54ab47754f397cfe3fa9b300a83d3ef5bf63aeb4269edefbba50dd2072329eecda472c354c5c2224a91a2f091172aaee28c54f3c2a77b7a8a8e4473551517ba2a1a4b58d12f743aee85e431d4feecbb62fa7eaba4b0d0b8a7711e5537fe87f400451ee00000000000000000000000000000000000000000000000000000000000000000000000067475f5edce0f80d27da4c56e2c8f5f5edce0f80d27da4c56e3a8764fd876bee229d7beb13ef00162fa16a1d3151bb777b96aca3b5cb4965d3951756545c638dd1d1490d4d32a54a3a4ed1b989c97c4ecad4cf7424755bf5a5d954bc71e5721670ba7b0f2a34b9ea8a9e719383da1fdd19fe0df899fc35f42f9d19ff9afc7f9bbd33f37fe3fff0057f2f0b9f8beaf0c72f54ba9b43fbb5bfc1bf191f815e85f3a33d37e74c7ce3e87f9bf13c0f41ff07f2e7c3c4f5b9e797abc4ea357f563b05a37c58aab70a8ae752da575547059daeaef1b1cb11b65891616c8aadc235ef6e32d55c22a290aeaff009456cb178b0681db9adaae74aef0aaaf154ca7f0aa5792272822f13c48d3d455c4ac5765c9eae11cba96fae35ada9cf31a64229fde947cef09cb93f244dd38dbd9fa559bec4f77c164b8e642ef0d0d15b376f5bdb6db4705252526a3b9414f4f04691c70c6da9911ac635308d6a222222276444256d49d75efedf3d1fe6cb8d974f781cf9fcdb6d6bfc7ce31cfd2566c71c2e38f1fd25ce7b6202aeaeadb9d6d45cae5593d5d5d5caf9ea2a27916492691caaae7bdcb9573955555557baaa964d86d94bfd9ea956b5e4a3e7a4924db7b9be3b92eec37c7a0c4d46f69dd28c69e771f8000d8c451627a0ff6f517c22b3ee1a3e670741fedea2f84567dc347ce7ef299edb5ee47eacb3e91eafe2c000d7c4a000000000000000000020fea2faa3b0ec43a96c70599f7ad455f07a4c749e2ac31410aab9ad9647f15ce5cd5446226578ae55bd955d50750f68d9cd255768b35de1fc35b853b56db4be12c9e0b1cfe2e9dff00bd6a35a8f56a3bf49c89d9511d8cd5bddfaf7a96e735eb515e2b6e95f518f16aab2774d2bf0984cb9caaab844444fa110d91b15b15fc5f17d7ebf92b8477a73edceef37b5717b889d4350e63f974bd2fa7fa9fbea8d55a875a5f2ab526aabbd45cae558fe73544eecb97e8444f26b513b235111113b22221e5006f884234a2a10584b724b822b6db6f2c000fa3f00000000000000000000000000000000000001673a67eafeebb70fa5d11b8b3cf72d2caad8a9ead555f3db13c931e6b2449fc0f36a7e8e71c56b1823755d26d359b676b791cc5fc53eb4fa1ff00e1ee3d68d79dbcf9707bcda8001c9e5d8000000000000000000000000000000000000000000000000000000000000000000000000ce8ebebdb9c1f01a4fb498adc591ebebdb9c1f01a4fb498adc750ec9fb0ed7dc453af7d627de0fde8686b6e75b4f6db6d1cf5757572b20a7a7823592496472a2358c6a655ce55544444eeaaa7e059fe8236dadbabb71eebacaf56fa2ada6d274b0be9a39d5caf8abe67aac333598e2ee0c866eee5f55ce8dcd4ca239b9dacea70d1ec2adf5459505c3adbdc978b68f3b7a2ebd454d749d0ed5fc9f978bb51535df76b514f6373a59525b35b9b14b5091a22a31cb53c9f1b1caef5b8a3244e184e48e72a3242aef93cb6924a2a88edbabf574156e89e94f2cf3d34b1c726178b9ec6c2c57b5170aad4735553b724f33c5ea53ad0d41a1b595c36ef6be92d6f96db13e9ae176a944a858ea9cd4ed4ed6bf823a1555477888efce239aac4462f383acdd6df5116bb9435d5dab28aef045cb95156daa99b0cb96aa27258191c9d9551c9c5e9dd13394ca2eb6a36db6bacd35a842bc69a92cc639c6ee2b09465fe679eb64b4a7a7d07cd38b78e2ff6fe87c5bebd2aebfd93f16f3ff9fb4b47e0b7e79a78923f0a49329c2687939d17ae9847e558bce34e48e7704854d3ed99dcdd27d556d357d0eadb0513a74c5baff695911d1abd5a8e64f1223bc4646e54e51b970e63e37235ce58f9ae6aea9d3d5ba4753ddf4a5ca5825abb2d7d45baa1f0395637490c8e8dcac57222ab555ab8ca22e3dc85a764b5dbcd41d6d3f548e2e28b49e37653e9ddbb3d78c2c35830af6da9d2e4d5a3e8c8f2c005ccc02c4f41fedea2f84567dc347cce0e83fdbd45f08acfb868f9cfde533db6bdc8fd5967d23d5fc58001af894000000000000001c66ef6e8d8b67f42d7eb5beaf34813c2a4a64761f5552e45f0e26febc2aaafb9a8e5f71d92aa3515ce54444eeaabee333babede7a1ddadc94874c5d6a2a74e5929d9494df9c7a413ce8e73a5a86c6b84455e48ce58cab636af92a169d91d9f7b43a82a53cf351df37d9d59e872e1f17d0615f5d7d969729717c08975c6b1bd6e0eadbaeb3d4332495f76a97d4ca8d572b23455f563672555463130d6a2aae1ad44c9e18074b52a70a3054e9ac452c25d491526dc9e58001f67e0000000000000000000000000000000000000000000001b500038f4bd80000000000000000000000000000000000000000000000000000000000000000000000019d1d7d7b7383e0349f69315b8b23d7d7b7383e0349f69315b8ea1d93f61dafb88a75efac4fbc171be4e4bd5b60bd6b9d3d2d4f1b856d2d056c10f072f38607ccc95dcb1c530ea88530ab95e5d9170b8a7275db53b977fda4d736dd6ba7ea2747524ad6d5d3472a46dada55722cb4ef556b938bd131956af17235c89c9ad54f5da5d327ace955aca9bf3a4963bd3524bc5ac1f3695950ad1a8f823b5eabf6d2ffb7bbcda82b2e54f3bedba96bea2f16dad5891b1ced99fe2491b551cef5a27c8ac545547611afe288f6e61c35636e77e367b7caca9436cbb512cf74f48a29b4f5e1d0b2b2562315646ad3ab9c92c6e8f2e556f26f1e48aa8ad7353a1a3dbada4d132bb55d0685d216096d914b3bae50db29a95d4b1a31c923d6546a706f057725ca27155cf6c9af6dbca1d7d26846c750b4973d04a3c71cac6e4f0d6ece3a32ba57512b3d2e35e4ea529ae4b208e8176d2ff00a47435ef5adfa9e7a36ead9695d414d3448d73a9606c8aca845e59e322cef46a2b53d58d1c8ae6bdaa525dd2bcdb751ee76afd4366a9f48b7dd2fd70ada49b8399e2432543dec7717223932d722e151153de885cdea77ac3d3169b05cf406d45fa7adbfd6450b1d7cb64f1ba968e37af29122991555f2f0446e58888cf1729223e3569428b06c75adf5d5d5ceb97f0e44ab61463fd296e6fc3093dd9c378de8c5bf9d384216f49e793c5f680017e230b13d07fb7a8be1159f70d1f3383a0ff006f517c22b3ee1a3e73f794cf6daf723f5659f48f57f160006be2500000000000000212eb0771976f764eeaca1af5a6badfd5b69a256fe96245ccca9ef4c4292272f739cdfa8cc4277eb37727f0fb7a6e16da495eeb769545b342d5454459a372fa43b0beff00139333ef48daa4107486c2e8dfc2349839fa753cf7d994b0bc17cdb2a7a8d7e7ebbc705b8000b9180000000000000000000003a8d37b5db93ac62654696d057fbac122e1b3d2dbe5921f3c7f8c46f14eff004a9e756b53a11e5d5928aeb6f0be67ec62e4f115939704a6de96fa80733c44daebbe3ebf0d17fa3964f22edb0dbd3648df35cb6b753b2289155f232db2cac6a279aab988a889f5e4c386afa7d47c9857837d928fea7a3a155718bf8338307e9514d514933e9aae09219635c3e391aad7357e8545ee87e648279de8f200000000000000000036a00071e97b00000000000000000000000000000000000000000000000000000000000000000000000033a3afaf6e707c0693ed262b71647afaf6e707c0693ed262b71d43b27ec3b5f7114ebdf589f783bcd9bd9bd4fbdfa9eab49e93afb5d255d2503ee2f7dc659238d636c91c6a88b1b1ebcb32b7b631845eff004f0649fd3d6f67e21b5a56eaff00c19f9f3d32d725b7d1fd37d1b8f3962939f2f0df9c7858c63f7d9cf6ef23aacaf236551d82cd5c79a9e38f8b4be2cf2a2a9ba8b9df47a4943f27aef47f19f457f5dabfeec3f27aef47f19f457f5dabfeec76bf9483fc8d7fbc5ff4a4d5b43bd7bb3bb1e8d73fc43fe0f69f9f849f3a5cefee678b12f86ee5043e8bce6cc727363b0d89dc553c4453575f6b5b69a6d275eee10847adba7f2f3f7bec5bc98a76fa7d697260db7e3fa1583f27aef47f19f457f5dabfeec574d53a7ab748ea7bbe93b94b0495765afa8b7543e072ba37490c8e8dcac5544556aab570aa88b8f721ad9afb73f406d7db5b76d7baa68acf0cb9f0592b95d34f8735aef0a1622c92715919cb83578a2e5709dcca0dc5d4345abb70753eacb6c53c7497abcd6dc69d93b51b23639a77c8d47a22aa23911c9944554cfbd49dd86d7f57d7655677d1fe5a4b92d4709bcef59e9edea31f51b6a16c92a7c7bce78006c4228b13d07fb7a8be1159f70d1f3383a0ff006f517c22b3ee1a3e73f794cf6daf723f5659f48f57f160006be2500000000001e6ea6bf51e96d3974d4d715c52da68a6ad9bbe3d4898af5ff521e915fbae3d5a9a6f622b2d71b9c93ea2aea7b6b15be68d472ccf5fd4ad855abfe7923a458bd4afe8da2fbf249f7677bf05967957a9ccd394fa919d3a92fd5daa7515d353dd387a65deb67afa8f0d30df165915eec27b932e53ce00eaf84234e2a115848a536dbcb0003e8fc00000000000000160ba7ae913536f153d2eadd415ab65d25248bc6767175556a35ead7a42d5ca3132d7379bd308be4d7773aae8bfa715d65748b7575bdaa9ea34dd1ac8db6d34ee5cd55631edc48ace3c5f0b7f389dd7bbda89854452fe791ab36cf6ee7a754969da6e39c5e94f8f27b12ebeb6f870c6784cd869aaaa556b70e85d644bb69d2d6cd6d7a78d6ad32dbad7e51c95f7946554edc671c32d4647e7e6c6b557deab842594446a235a8888898444f71fd069abcbeb9d42a3ab7551ce5d6de49ea74e1497260b08000c53d0e7b57edee86d7d4a947acf49daef11b51518b574cd7be3cf9f07e39317eb6aa15c370be4fdd0771b7dc2b76e2fb73b55d647acb494b5d50d9681899ef1f68fc544c76472b9ea9efc96c0131a66bfa9690d7d92b38aeace63f07b8c7ad6d4abfa71c98fdb81b6badb6baf8ed3fae2c3516daaeee89ce4e514ec45fd38e44f55edfd4bdbc970bd8e60d8ad6da1b4b6e2e9da9d2dac2d10dc6df549dd9227acc77b9ec727763d33d9c985334ba80e9cf566c6de167aa636b74dd7d4cacb6dc227abf0c472ab229fd56f19b8222aa22715efc5570b8dddb29b6f435eff0076b94a15bab3ba5eee77e7b37f7be8af5ee9d2b6f3e1be3f4ef2220017c234000000fde8686b6e7590dbedb473d5d5543d2386082357c923d7b235ad4eeaabf421727653a0bb853dde1beef4cf432d03216c91d9e86a9ee7ba6554f56a1e8d4446a267291b972aa9eb2222a2c3eb3af58e854b9dbc9e1bce17de963a97ed769ef42daa5ccb14d17600072a97400000000000000000000000000000000000000000000000000000000000000000000000033a3afaf6e707c0693ed262b71647afaf6e707c0693ed262b71d43b27ec3b5f7114ebdf589f783b5da3da3d59bd3ab1747e8f5a28ea63a592b679eb6658e182162b5aae72b51ce5cbdec6a235ae5cbd15511115538a277e8df733446d56e75cf50ebebdfcd76fa8b0cd451cde8d34fca675453bd1bc62639c9eac6f5caa63b79f743375ab8bab5d3ead6b28f2aaa5e6ac3797dcb7b3cede309d58c6a3c2e92d9ed07497b67b2314dab2f3e3eadbdd245e3a55d45bbc56d32c4f591afa4a4623de92e1b1e15164915ccf538f256af3dbbdd496f47f84d8f66761f5afefe2f9f2e7a72aff00fac6f3829f87ff0087231f2afd2d74276bfbb33a6cfe523fd8f5ff00b01fbb33a6cfe523fd8f5ffb0345421acd7bb77baa58d4b89f472a33515fdaa297870ec2c8ddbc61cdd1a8a2bb1acfd4a21abf437529afaf52ea1d67a0b70af170979278d5565ac7786c57b9fe1c6df0f8c71a39ee5463111adcae1108deba86b6d95b516db951cf4957492be0a8a79e358e48646aaa398f6ae15ae45454545ee8a869bfeecce9b3f948ff0063d7fec0ce9dd3bd5b751ee76afd4366a9f48b7dd2fd70ada49b8399e2432543dec7717223932d722e151153de886d6d96d6751d4673a17966e84229727cd945772ca4be0425e50a5492953a9ca6fb51cb800b9980589e83fdbd45f08acfb868f99c1d07fb7a8be1159f70d1f39fbca67b6d7b91fab2cfa47abf8b00035f1280000000000a67f28ed7544741a0adad7fe6279ae53bdbf4be36d3b5abfd123ffa4b98525f947aa58eabd014688bca28ee722afd4e5a644ff814b86c0c795b436f9feaff00e123035378b59787d514c400749153000000000000001efedf69b87596bcd37a46a6696186f776a4b7cb2c488af8d92ccd639c99ed94472af7fa0f00b05d0c69c8efbbf9475f235ae6d8adb5771c3be9546c09fce8b3a2ff00311bacdeff000ed3ebdd74c22daefc6ef99ed6f4f9dab1875b34534de9eb5693b05bf4cd8e95b4f6fb5d3474b4f1a7ef58c4c267e955c6557deaaaa7a401ca339caa49ce6f2def65d1249610001f27e800000000039adc7dbfd3fba3a32e3a1b53a547cdf726b1247d3bd192c6e63daf63d8e545445473517ba2a2f92a2a2aa1d283d28d6a96f5235693c4a2d34d7435bd33e651524e2f83324379f6a2f5b33afab745de1fe3318895143548984aaa572aa32444f72faae6aa7b9cd7277c657863503aa1d838b7c345b19684a7875359dcb35b679578b646ae3c481ee445c35c888a8bee735be48aa66cd8f45eaad4baa62d1364b155555f669df4cda16b312248ccf34722e38f146b95cab84446aaae110e90d93da6a5ae69fced6925529af3fa3fbbb9adfd8f2ba0aa5ed9cadaaf262b73e1fa1e29286c7f4fbad77baf91d35aa966a1b1c6f54aebccb0aac10222678b72a9e23d7b2235ab94ca2ae13b966763fa10a0b25437506f3cf4975a88ded7d35a28e573a99138a2e677ab5aaf723b29c1bea7abddcf45c25be6b5ac6a35ad446a2611113b22159da3f29146db956da4ae5cb1e9fdd4fb17def1c2ef332d34994fcfafb9757ef8116eccf4dfb6fb251cd3e9da59ee175a85f5ee971f0e4a96355a88b1c6ad6b52366515708995cf755c2625300d35797b71a85675eea6e537d2c9ea74e34a3c982c2000318fb00000000000000000000000000000000000000000000000000000000000000000000000033a3afaf6e707c0693ed262b71647afaf6e707c0693ed262b71d43b27ec3b5f7114ebdf589f78263e97f682c1bdbabb50e8cbf54cf48e4d393d5d0564395752d536a69dac915994491b87bdae62f9b5cb856bb8b9b0e124f4f9bbf36c96e6516b17d34f556d9229286e94d070f126a5930abc15e9fa4d7b63911115bc963e2ae6a3954cdd6a177534faaac5e2ae331ef5bfe7c37eeebdc79dbb82ab1e73d1e939edc8db7d59b51ab2af46eb2b7fa356d37af1c8c55743550aaaa32685ea89ce376170b84545456b91ae6b9a9cb9aa5b8bb75b67d52ed9d1d453dca0a982a6275558afb4ace525248bd9570b8556aab78cb0bb8ae5b85e0f635ccaa5b1bd14ea7d41ae6e2bbad433dbf4d69daf929646b52489d7a923763102b91af4a67261cb36115cd546b3d6573a3aae91b79675ec6a55d47f975696e9c7a5be1e6a7d2deec718be3bb799b5f4da91a8a34b7c65c1fea78bd2c74b15bbbd5b16b4d6904f49a2a925546b5156392ef23570b146a9856c48a8a8f913be5158c5e5c9d1c45bc343456cddbd6f6db6d1c1494949a8ee5053d3c11a471c31b6a6446b18d4c235a88888889d9110d10ea03a80d27d3b693a6b359a8a8a7d413d2a4565b2c4d46434f0b53836595acc7870338f16b530af56f16e111ef66675f2f372d477ab86a1bcd4fa45c2e9552d6d5cdc1acf12691eaf7bb8b511a9973957088889ee43ef64b50d4f5db9adaa5d479141ae4d38f73defb7b65d2f72dcb0bf2f6951b68468c1e65c5bfdfd0f88005ec8d2c4f41fedea2f84567dc347cce0e83fdbd45f08acfb868f9cfde533db6bdc8fd5967d23d5fc58001af8940000000000518f94615df84da2d17f47d06af1fafc4667ff008179ca47f28ed2f0b8682adca7e761b9458ff35d4ebf7cb9f93e696d0505d6a7ff00c2447ea9eab2f0fa94cc00747954000000000000001687e4f5998cde2bdc2ec23a4d373ab7f9aaa9bb7faffd455e265e90b5741a437f74d4b56e7369eed23ed0fe3e7ca76f1893ff007be1ff003103b516f2bad1ae69438f21bf86ff00c8c9b39285c41beb350c0072d972000000000000000000072da636bf40e8dbdde352e9bd314b4976bf554b5970adcba49a69647abdfebbd555ad572aaf06e1b9f71d483d215aad38ca10934a5c527b9f7f59f2e29b4dae0000799f400000000000000000000000000000000000000000000000000000000000000000000000000000000067475f5edce0f80d27da4c56e2c8f5f5edce0f80d27da4c56e3a8764fd876bee229d7beb13ef0779b37b37a9f7bf53d5693d275f6ba4aba4a07dc5efb8cb2471ac6d9238d5116363d796656f6c6308bdfe9e0c93fa7adecfc436b4add5ff00833f3e7a65ae4b6fa3fa6fa371e72c5273e5e1bf38f0b18c7efb39edde475595e46caa3b059ab8f353c71f1697c59e5455375173be8f496cfa71d82ea1f626feb0cda9748dc74a5c65475ced8dafaae4c76113d220cd3e1b2a22222a2aa3646a235ca8a8c7b2c96a77ea76582b974653dae6bdac4a942dba4d2454a922ae11d2ac6d73d5ad4cbb8b532ec71e4dcf24a7ff009483fc8d7fbc5ff4a3f2907f91aff78bfe94d27a9ecc6d46ad74af2e6d63cbdd9c4a9a52c75e27bfab3c705868de59d0873709bc78fe873da9fa1cea1f59dfebb54ea9d77a46e375b8cab354d4cd5d55c9eec61111129911ad44446b5a888d6b51111111110ac1aa74f56e91d4f77d277296092aecb5f516ea87c0e5746e92191d1b958aa88aad556ae1551171ee42e07e520ff235fef17fd295175bea4fc32d697fd5fe85e87f3e5d2aae5e8fe2789e0f8d2ba4e1cb09cb1cb19c26719c21b2b65e5b43cb953d6294614d25c9e4f27e1e6b7bb0445e2b5c2741b6fa78fe678a002e4601627a0ff6f517c22b3ee1a3e670741fedea2f84567dc347ce7ef299edb5ee47eacb3e91eafe2c000d7c4a00000000002967ca40d72b76f1dc5708b76455c76cff00827ffd2974cab3f283e9b92e3b5d65d490b5156cd774649f4a47346e6aaffedb234fe72d7b0f5a343682da52eb6bfc51925f36616a3172b59a5fbde67e800e972a2000000000000003d0d3d7cb8698bfdb752da246c75d69ac86ba95ee6a391b2c4f47b15517b2a726a7653cf07e4e319c5c64b299fa9e1e51af9b5db91a7f75b455bb5969eab8648eae26fa4c0c911cfa4a8e28af86444f273557dfe68a8a9d9514eb0cc1e9737f61d8bd6159537e8ae157a76ed4de0d5d3522b55cc99aa8b1ce8c72a2395a9c9aa994ecf55eea888695e99d4d62d6560a2d4fa66e50d7db2e3178b4f5112faaf6e55153e94545454545ee8a8a8b85439a76b7666aecf5db514dd197a32ffeadf5af9ade5b2caee3750dfe92e2bf33d300154338000000000000000000000000000000000000000000000000000000000000000000000000000000000000000000000000000000033a3afaf6e707c0693ed262b71647afaf6e707c0693ed262b71d43b27ec3b5f7114ebdf589f7800ea36f36cf5beeadea6d3da06c9f3a5c29e95d5b243e930c1c616bd8c577295ed6afad231308b9efe5d949dad5a95bd3756b49462b8b6f0977b663462e6f93159672e0f6b59e8cd4bb7da96b3486afb6fa05de83c3f48a7f1a3978738db237d68dce6ae58f6af655f3c799e29fb4ea42b4154a6d38b594d6f4d3e0d3e94c34e2f0f88001f67e00000589e83fdbd45f08acfb868f99c1d07fb7a8be1159f70d1f39fbca67b6d7b91fab2cfa47abf8b00035f12800000000008fba80d16baff0066f566998a95d51532dba4a8a48d88aae754c3f9d89adc77cabd8d4faf3824107bdadc4ecebc2e29fa5069aef4f27c4e0aa45c5f0662b83b2de6d3c9a537675869e8e9169a1a3bd56369e25f753acae745fccb1ab153f59c69d6d6f5a3734615a1c24935e2b25265170938be80003d4f90000000000000012cecc752bb93b3551476fb5dd9f5ba6a3aa49aaacf3b5ae8e462afe71237b915d0b95155515aa89cb0ae47774589818b79636fa8d176f7505383e86b3e3d8fa9ade8fba75274a5ca83c3359b6af7eb6cf77e8629b49ea1812e0f62ba5b5553db156c584f5b31e72e44fe133937eb24231768eb2aedf5515750554d4d5303d248a685eac7c6e4f2735c9dd153e942d3ed4f5f1aaf4b5ae92c1b8ba79da9a28646c6b748eabc2ac48797acaf6ab55b33d117b7766709c9d95571a6f5ef269716f9aba4be5c7f0bc292ee6f09fc9f793d6dabc65e6d7ddda5fb0717b67bc3b7bbbb6d92e3a1750455ab02356a695ed58ea2995d9c2491bbba792a22a65ab85c2a9da1ac6e2deb5ad4746bc5c64b8a6b0d783262328cd72a2f28000f13e8000000000000000000000000000000000000000000000000000000000000000000000000000000000000000000000033a3afaf6e707c0693ed262b71647afaf6e707c0693ed262b71d43b27ec3b5f7114ebdf589f782cffc9ebeda2f5fe8bd4ffcdd21580b3ff27afb68bd7fa2f53ff37487c6d87b0ae7ddfcd1fb61eb30ef3e2eacb6b373b51f503aaaf3a7b6e7545d2df51e83e0d5d15a2a27864e345035dc5ec62b570e6aa2e17b2a2a7b888bf123bd1fc90eb5fec0abfd99a49acfa99d91dbed4b59a4357eb6f40bbd0787e914ff0036d5cbc39c6d91beb47139ab963dabd957cf1e6789fbb33a6cfe523fd8f5ff00b0281a66d6ebf6d65468d1d3e52846114a5c99ef49249ee58deb7ee24eb595b4ea4a52aa936df4a33dbf123bd1fc90eb5fec0abfd99c8d750d6db2b6a2db72a39e92ae9257c1514f3c6b1c90c8d554731ed5c2b5c8a8a8a8bdd150d37fdd99d367f291fec7affd819d3ba77ab6ea3dced5fa86cd53e916fba5fae15b49370733c4864a87bd8ee2e447265ae45c2a22a7bd10b9ecd6bbaa6ad5670d42d1d15149a6d4965e7879c911f776d468453a53e57c0e5c005c0c12c4f41fedea2f84567dc347cce0e83fdbd45f08acfb868f9cfde533db6bdc8fd5967d23d5fc58001af89400000000000000a43f2816d5be1b85a776ecf6d5f0aa19f375e648a3ecd91b8f0259153f84d558f92ff0236fbd0a6a6baef1eddb37636d2f9b7efb82d0add618d23a8e1c9239639592b1553dede51b517ea55325ef766b9e9cbc56d82f348fa6afb754494b530bfce3918e56b93fa50dff00e4e35957fa67d8ea4bcfa4f1dbc87e8bf0795d892eb2b1aad0e6eb738b84bea7c40036191600000000000000000000001f6da2f579d3f5f1dd6c176adb6d6c3de3a9a39df0cacfd4f62a2a7f3293fed475bdba7a225a6b6eb19d35659d8e6b645ab5ff000e8e3cf7564fe6f7632bf9ce4abf4a15cc11da8e9163ab53e6ef2929aed5bd773e2bc19eb4abd4a0f34de0d52d01d506c9ee1d136a2835b505aaab9318ea1bc4cca3a847bbc9ad47bb8c8bdbff0046e72276cf9a12ab5cd7b51ec7239ae4ca2a2e5150c58262da2eaa775b69a4a5a182f125eac34e891fcd3707abe36c689846c522a2be244f723578fd2d53576b1e4bdc62ea697532ff000cbe8a4bf35dec99a1ac6fc565e2bf43518158b6cbaf4db9d5d5b25bb5cda25d1d239cd4a79a4a95aca7933e7ce46c6d58d7cbcdbc7e972165a82be86e94505cad959055d25546d9a09e0911f1cb1b932d735c9d9c8a8a8a8a86b2d4f46bfd1ea7377d49c1f6ef4fb9aca7e0c97a3714ebacd3793f7001187b0000000000000000000000000000000000000000000000000000000000000000000000000000000000000067475f5edce0f80d27da4c56e2c8f5f5edce0f80d27da4c56e3a8764fd876bee229d7beb13ef058be85b54e98d23bb777b96acd476bb2d249a72a206545c6b23a68dd22d4d32a311d22a22b951ae5c79e1abf415d093fa7ad09b63b83ad2b6cbbafacbf06ad10dae4aa86afe71a7a3e75292c4d6c7ce76b9ab963e45e2899f573e48a646d0d1a571a5d6a75db5071dfc9597e0ba4f9b594a35a2e3c7b4fbbab2be59751f503aaaf3a7aef4574b7d47a0f83574550c9e1938d140d7717b155ab87355170bd95153dc4445d4fdcc7d17ff00f484ff007b2d3fb229598bb35a8dadd5a46d6d54f146308e65171ceec27bfbb7f51f7774a709b9cf1e736f73c80016331000002c4f41fedea2f84567dc347cce0e83fdbd45f08acfb868f9cfde533db6bdc8fd5967d23d5fc58001af89400000000000000149baf1d91bbcf738378f4cda617d04746da6be253c6d6c8c91af54654bf1de4e4d7b58aec2ab5236e7b795d93f0afa1a2ba50d45b6e34b154d255c4f8278656a399246e454735c8be68a8aa8a84ce81ad55d02fa17949671b9aeb8be2bf35db831ee6de3734dd3662f025aea4362ee9b23ae66a28e27cba76e72495167aac2aa7859cf80e55ffd2479445fa530eedcb09129d3f637b4351b785d5bcb3092ca7fbe95c1ae8653ea539529384f8a000328f8000000000000000000000000000075ba2f76772b6f2585fa335bdded7143278c94b15539699cef7abe076637f9fef9aa7240f2ad4295cc1d3ad1528be86935f067d465283cc5e1979f67bafab256d3b2d3bcd44b6eab4761b75b7d339f4ef6e13bc91355cf6bbcfbb11c8bf434b45a2f5f68ddc4b432fba2b51d15de8de88aafa77fad1aaa651b23170f8ddff85c88bf518ec7b9a335beaadbdbfd3ea7d1d7a9ed971a6cf0963c2a391530ad735c8ad7b57e8722a1ae75af26b6379caaba7c9d29be8e30f8715e0da5d44adbead529e2355657ccd8c0532db2f941e9a6752dab75f4afa3aafa92ddad6e57333db0e753af744f35556bd7ea6fb8b8166bdd9f51db20bcd82e94b71a0aa6f386a69666cb1c89f539aaa8a6a1d5f67f50d0a6a37b4f929f07c53ee6be8f0fb09ca1754ae5669b3ed0010c640000000000000000000000000000000000000000000000000000000000000000000000000000067475f5edce0f80d27da4c56e2c8f5f5edce0f80d27da4c56e3a8764fd876bee229d7beb13ef07a9a7b4b6a7d5d5afb6e93d3974bd55c712cefa7b751c9532363454457ab6345546a2b9a99f2cb93e93cb277e8df733446d56e75cf50ebebdfcd76fa8b0cd451cde8d34fca675453bd1bc62639c9eac6f5caa63b79f7424755baaf656552e2da9f2e71595159797d5bb79e54611a951466f09f491efe2477a3f921d6bfd8157fb31f891de8fe4875aff6055feccd09fdd99d367f291fec7aff00d81ed690ea5f6635f5ea2d3da3353d6de2e12f15f0696c5707786c57b59e248ef038c71a39ed457bd51adca6550d6f536df6868c1d4a9a74925c5b8cd25e3825969d6b2785557c519b9f891de8fe4875aff6055fecce46ba86b6d95b516db951cf4957492be0a8a79e358e48646aaa398f6ae15ae45454545ee8a86d0990bbc35d4573ddbd6f72b6d641574957a8ee53d3d44122491cd1baa6456bd8e4ca39aa8a8a8a9d95149bd8fdafafb4b5aad3ab4945412794dbe2fb4c6beb18da4538bce4e44005f48d2c4f41fedea2f84567dc347cce0e83fdbd45f08acfb868f9cfde533db6bdc8fd5967d23d5fc58001af894000000000000000000393dd1db4d37bb5a32bb45ea78334f5488e8676b5165a599bdd92c6abe4e45fe9457357b3950cbaddeda0d5db2faadfa5f55d3b3f3ac59e8aae2723a2aba7e6e6a48dc2aab572d5cb1d87276ca6151575c4e3775369345ef1e9b7699d6742f9226bbc4a6aa81c8ca9a593f8713d51511553b2a2a2a2fbd17b175d90daeabb3b5799ade75093deba53fc4bf35d3de47df58aba8f2a3ba48c890489bd1b1bad364750ada7525378f4150e72dbee70b57c0ab627d1fc17a27e9317ba7d68a8ab1d9d0b6b7546f68c6e2de4a5096f4d7eff00f055a70953938c961a000320f9000000000000000000000000000000001d5683dd3dc1db2af657e88d5770b6719525929e399569a772263f3b0afa9276554f59171eec2e14e541e55a852b983a55a2a517c53594fc19f519383cc5e19a17b35d71e81d57698e8b74eae9f4c5f9b2b6147b6295f47528a898911e88ef07be728f5c2611792e5512ce22a3911cd54545ee8a9ef31609d7643abadc4da36d3d8ae0ff00c22d351b9adf41ab7af8b4d1fbd29e5f367f9ae4737b7646e726a8da3f26d09a771a3bc3e2e0deefed7d1dcde3b57026ad3566bcdaff001fd4d33001a649f00000000000000000000000000000000000000000000000000000000000000000000000033a3afaf6e707c0693ed262b71647afaf6e707c0693ed262b71d43b27ec3b5f7114ebdf589f783edb358ef5a8ee50d9b4f5a2b6e970a8e5e0d25153be79a4e2d573b8b188ae5c35aaab84ec88abee3e22cffc9ebeda2f5fe8bd4ffcdd219bad6a0f4ad3eadec63ca7059c703cede973d5634dbe274fb27d055ceaaa1b7cdf097d0a959c5f0d9282adae9a473655e49512b115ad8d58df289cae54933ce356e165dd5fd4074f5d345965d15a32868aaae149c99f33589ad5c54318e8f35751ddad93940d648ae57ce996b958ef327eaea1a2b9d1545b6e547055d255c4f82a29e78d248e58dc8a8e63daeca39aa8aa8a8bd9514e47f123b2ff00c90e8afec0a4fd99a06b6d37f19b8e775c739c170a707c98fcdb7f9ff51668d9fd9e3c9b7c27d6f7b33a77b3a9cdc6deca8751dc6abe66d3ede4c8ecd4133db0cacf151ec5a8555fcfc8de31f75446a2b39358c557662235cff123b2ff00c90e8afec0a4fd99975bc343456cddbd6f6db6d1c1494949a8ee5053d3c11a471c31b6a6446b18d4c235a88888889d9110db1b1bb4561aa295969f6fcd469ace3774bc7c7b590b7f6b568e2a559729b3910017a234b13d07fb7a8be1159f70d1f3383a0ff6f517c22b3ee1a3e73f794cf6daf723f5659f48f57f160006be25000000000000000000000003c8d57a474d6b8b1d469bd5b65a5ba5b6a93124150ce499f739abe6d7267b39151517ba2a19fdbf5d1aeb5dbfba55de76eed75da834ab21f4973dab1baa68fd65458dd1a2f3951130bcdadf255ca261557460162d9fda7bed9da8e56ef307c62f387dbd8fb7e39312eace9dd2c4b8f598ae0d0cde7e873436b6f4bbfeddccdd337c957c44a644ff00c9d33bbe731a272895571dd8bc531fa0b9c944f5de82d55b6da96ab49eb1b53e86e34aa8ae6aaa398f62a65af6393b39aa9ef4fd4b854544dfda0ed469fb431ff76962696f8bdd25faaed5e382b3736756d5f9eb7759cf800b118a0000000000000000000000000000000000006d4000e3d2f600000000000000000000000000000000000000000000000000000000000000000000000067475f5edce0f80d27da4c56e2c8f5f5edce0f80d27da4c56e3a8764fd876bee229d7beb13ef001387485b3d45bb5ba71adfa19df64d37132eb56df454960a991b2b122a5955c8ac6b645e4e56aa2abd9148d444eee6ca6a37f4b4cb5a9795fd182cbfd3c5ee3c69539569aa71e2cf176afa63ddeddea2a6bd699b1414b64a996585b76b8d4361a7e51a2e551a9995ede49c393237379e515538bb8c855df27eef6d251545553de748d6cb0c4f9194d0574e924ce445546316481ac47397b272735b95eea89dcb4dbd9d57edceca5c9da6ab60adbdea0f4574fe8341c3853bd5a8b132a247393c2e7945f55af7237d656e1cce51159be51bb2cf72862d43b535b456f772f1a7a2bb32aa667aabc78c4f8a26bb2ec22e5edc22aaf7c61759c36836c7548fdb2c2d54693de93c65afee9272ef8a59e844bbb5b0a2f9ba93f3bf7d453fd77b7facb6cefefd2fae6c33daae4c8993a45239af6be37a7aaf63d8aac7b728a996aaa239ae6af76aa273c6a5dea936e7abbd949a9ecd76c515cb8be0a95818faab4d7c787235f1bb3c246e78bd11c9ca391dc5fc6447ae5dd750d6db2b6a2db72a39e92ae9257c1514f3c6b1c90c8d554731ed5c2b5c8a8a8a8bdd150b7ecb6d1cb5da75295cd3e6ebd2789c77fc56786f4d632dac71de8c1bcb456cd383cc5f067e0002d4611627a0ff006f517c22b3ee1a3e670741fedea2f84567dc347ce7ef299edb5ee47eacb3e91eafe2c000d7c4a00000000000000000000000000003e1be586cba9ad73d9350daa92e54154de13535544d9237a7d6d5edfcfee3ee07ec6528494a2f0d1f8d27b9945f79fa0abcdb64f9e365a796ed04b2a23ecf593c51cd03573eb3267b9ad7b53b261d8727d2eee556d57a4b52687bed4e99d5b67a8b65ce915125a79d132994ca2a2a651cd54ee8a8aa8bee53644e5b70b6c343ee8d9a4b26b5d3f4d5f1398e6c53398893d32aa7e9c5263931defedd97de8a9d8d99a1f94abcb3e4d1d4a3ce43f12dd3fd25f04fb488b9d269cf32a4f0faba0c8005d2dd0f93e594b6c4aeda1d4957595717f8cb7dea58d1664efde3998c6b51de49c5cdc2e55792630b5175668ed4fa12f73e9cd5f64a9b5dc69f1ce09db85c2a6515153b39abee545545fa4db5a46d169dae473675136b8c5ee92f07bf1dbc084af6b56d9ff317e878e0026cc700000000000000000000000000036a00071e97b00000000000000000000000000000000000000000000000000000000000000000000000033a3afaf6e707c0693ed262b71647afaf6e707c0693ed262b71d43b27ec3b5f7114ebdf589f782ea7c9bfe7b87ffe53ff00f2ca564add336efc5b2fba747a8ebe9e092d5718be69ba49273e54f4b2cb1b9d3b3822aab98b1b5dc78bb9351cd4c2b91c9f9b59a7d5d5346af6b41666d26975f264a58f1c6059558d1b88ce5c3f5dc7c5d48d1dfe877e35cc3a95f3baadd799e68d669d2577a2c8bce9511c8ab86a40e891adcfaadc37098c246c6ac6bad9fd94ea1edb4ba86ed4b457bff059a9282f76aaef5d8c572a2f096272b25e122395ad7a3dad773f57d6722c7b66e813632d77286babaaf545de08b972a2adb846d865cb551392c11472261551c9c5e9dd13394ca2d474bf28da65bd9428ddc250a908a8b496ecc56376fddc383c6387699d5b4aad2a8e5069a6723f273d1dfd9a635a57d4be75b24d5f490d1b567458d2a991bd6a15b1e7d577092972ec272446a6578612a66f77b67d7dfe945d7fe6e4342777374f4074bfb5df31e9286cb4f74a2a58e1b169e59d51eff11ee4f19ec6e6458d15b2c8e91ca9e239ae6ac88f7a2998265ec6caaeaba8de6bae1c8a7539318a7d292e3f04b3d0db787b8f8bf51a34a9db672d71000362914589e83fdbd45f08acfb868f99c1d07fb7a8be1159f70d1f39fbca67b6d7b91fab2cfa47abf8b00035f1280000000000000000000000000000000000000f9ae56cb75e6df5169bbd0c15b45571ba1a8a79e34923958e4c2b5cd5eca8a9ee53e907ea6e2f2b89f9c4aa5bbbd05690d48ab74daab847a6abbd657d0d4ac92d1caab8c717655f0fbfc91e9e488d4c1573747a5fde0da764b5b7cd3c971b542ce6fba5a95d514cc4c6555feab5f1a2792abd8d4fa154d503fcc91b2563a2958d7b1e8ad735c994545f34542f3a47942d5f4de4d3acf9d82e8971c7bdc7e3923abe9742ae5c7cd7d9fa18b20d35dc6e8d365370ebdb756db2af4dd5faeb2bac6e8e08e755c615f1b98e665172b96a35572b955ed8a93bbbd196e96dc7a6de2c74ecd4d60a7e72fa451ffda218532b99615ef9444eeace49db3d8dada3edd691ab354f97cdcdf44b76fea4f83fabea216be9d5e86fc657610001e5d94172300000000000000000000da8001c7a5ec000000000000000000000000000000000000000000000000000000000000000000000000ce8ebebdb9c1f01a4fb498adc591ebebdb9c1f01a4fb498adc750ec9fb0ed7dc453af7d627de003b5d97dbcfc6aee8e9ed04faaf4782e954be93223f83db4d1b1d2cdc178b9124f0e37a332d54e5c7384ca93771714ed68cebd5788c536fb92cb31e1173928c78b3bbe9c6c1d4e5de65abd8eb9dd282d7495e91d5cf256323b6473cac4639f2432aac73b9b1f157718e47b51235c67866c5def6f3afb96cb5f17e38f4c5573a595be050b63a7a9972c5f52297d0e3f0e45f26bf9b38aaa2f26e3292bebadceda1e96f46d9acb59473d050a44f86d169b652ba59276c6e678aa8e72a33922cc8f73a5911cf5572e5ce55cc1d66f946ecb3dca18b50ed4d6d15bddcbc69e8aeccaa999eaaf1e313e289aecbb08b97b708aabdf185d3756ff0059da3ab2d474fd3e9ca927b9ce10726976c9a6de73e8f07bb7bde4f469dbda254aad569f6378f97e654cdd4d35b97a5b5954d0eed43746ea29a28a7966b8d57a5493c6ad46b1e93f2724ad446f0ca3951158adecad544e44d4bdd3dbdd01d50ed3475765aaa2b8493d2c959a6eeec7ab3c0a956e111cee2ae6c6af6a3268d5aaa9c572d4918d56e5a17fd92da25af5b4a33a7cdd5a588ce38c25c7185c52dcd61ef4d35da465edafd9a69a798be0c000b5984589e83fdbd45f08acfb868f99c1d07fb7a8be1159f70d1f39fbca67b6d7b91fab2cfa47abf8b00035f12800000000000000000000000000000000000000000000000001c36e8ecaedd6f0d04747ae2c2da9969dae6d35642f58aa69f3e7c1e9eeec9eab915bf514bf72fa0cdc9d30db9de343dc68751dae997c4a6a4473d9727c6aefd1e1c3c37b9a8bdd51e8aec2e1b95469a120b2e89b59a9e85e65bcf30fc32debc3ab3d98312e2ca8dcef9adfd68c5eaea1aeb6564d6fb951cf49554ef58e68278d639237279b5cd5c2a2fd4a7e06b3ee7ec26d66efac751adb4d36a2ba089f1415d4f33e0a88d1d8fdf31511f8c22a23d1c89df09dd739f9bf7d326b7d94afa8b92d33ee7a55f3ab692e917ade1b55d8632a11113c37f744ce38b97c973d93746ceedc586bd25425fcbabf85b586ff00a5f4f7349f567895fbad3aadb79cb7c7f7c486c005d48f00000000036a00071e97b00000000000000000000000000000000000000000000000000000000000000000000000033a3afaf6e707c0693ed262b71647afaf6e707c0693ed262b71d43b27ec3b5f7114ebdf589f782cc7c9fb434557bdb709eaa8e09a5a2d39553d33e48d1ce86459e9e357b157f45dc247b729df8bdc9e4aa5672cff00c9ebeda2f5fe8bd4ff00cdd21f1b5edad0aeb1f859fb63eb30ef397eb6ef372ba75117da1aea9f160b452d0d15137835be142ea664eadca222bbf393caecae57d6c6708889041b017adacdb1d47729af3a876e74bdd2e151c7c6abadb453cf349c5a8d6f27bd8ae5c35a88995ec8889ee3e2fc48ecbff243a2bfb0293f666bfd2bca459e9d6346d3ecf2cc2318bc3586d249bf17bc93ada4d4ab5253e52decadbf2725e6e53d975ce9e96a795be8aaa82b6087835384d3b2664aee58e4bc9b4f0a615709c7b226573533782868ad9bb7adadb6da38292929351dca0a7a782348e38a36d4c8d6b18d4c235a88888889d9110d60d37a2345e8df48fc10d2164b1fa670f48f9b6df15378dc33c79f86d4e58e4ec67cb92fd26536f77b68d7dfe945d7fe6e424762f54a7ac6bd7b7b463c88ce3178ed584deeeb797e2796a145d0b6a74e4f2d367140036990c589e83fdbd45f08acfb868f99c1d07fb7a8be1159f70d1f39fbca67b6d7b91fab2cfa47abf8b00035f1280000000000000000000000000000000000000000000000000000000fce7820aa824a5aa8639a1998b1c91c8d4735ed54c2a2a2f65454f71fa009e37a0509eaaba46aad273d7ee4ed7db22fc1b8e249ee16d89ee74b46fe4ef124899c71e02271554e4aadcbbb2313d5a9a6d33d8c958e8e4635ec7a2b5cd72651517cd150cc7eabf6426da1dc5a8aab4d0bd9a66faf755db5ed8f1140e72aabe9b3e48ac5fd14fe02b7cf0a6f1d81daea9a8ffc32fa599a5e6c9f1925c53eb6b8e7a567ab7d7753b154bf9d4f874f6108800da243000006d4000e3d2f60000000000000000000000000000000000000000000f9ae573b6d9a826ba5e2e14d43454cc57cd53532b628a26fd2e7b9511a9f5aa9fa9393c2e27e703e907cb6cba5b2f76f82ed66b8d357d0d5312482a69a56cb14ac5f2735cd55454fad0fa84a2e2dc64b0d0e20007e1fa00000000000000000067475f4a8bbe70a27bac5489ffee4c56e2c275d558da9dfeac85ae455a4b651c2a9f42ab15f8fff005a7f495ecea3d958b8e896a9fe08fd0a75ebcdc4fbd80013e6280000000000000589e8391577ea3faad159f70d1f33a3a068964df499e8d55f0ac556f5fabf39127ff1345ce7ef296f3adff647f32cfa47abf8b00035f12800000000000000000001f3dc2e36fb4514d73bad7d3d151d331649aa2a256c71c6d4f3739ce54444fad4ad5bebd6de93d06aeb06d9fa0ea9bbbe247ad74750925be9957384e4c5ccceed956b5511329eb672d24f4bd1ef759aca8d9d3727d7d0bbdf0478d6af4e8479551e0b38e7b1aad6b9c88af5c35157cd719c27f322ff0041fd326aedd41ef25f7565b35b5d75e57cf76b349e2d0bf8c6c8a077156aab616b522f59aaad77abeb22aa2e50d25d8cddab66f3eddd06b1a26b61abff00b2dca99bff00abd5b1115ed4ff00c2bc9ae6ff00e17267be49dda2d8cbcd9db7a771564a7196e7c9ce22fa16fe29ae0f0b7eec70ce35adfd3ba938c561fd49000053ccf0000000000000000000000000000419d6a69da6bef4f97eaa929167a9b3cd4970a554f38dc93b237bbf578524b9273394dd8b4c37ddafd5b679e347b2aec95b1e3ff12c2ee2bfad170bfcc4968d72ecf51a170beece2fc1359f8a3c6bc39ca528f5a6641000eb029400001b500038f4bd80000000000000000000000000000000000000739ae371b43edbdadd77d6fa9e82d307173a36cf2a24b363cd228d3d791ddfc9a8aa51dde7eb9b5cea4bc3e87696ae6d39628e3744b34b4f13eaea9cb9457aab91c912631c519eb22a2aabbba236c5a16cbea3b413c5b4710e994b2a3f1c3cbec59edc18973794ad579ef7f52e2599df5eaaf426cb312db0245a8b517888c7da69aa9235819855574d2235e91fbb0d54572e53b632a943b7a77fb5d6f6dee4acbed6c9476863d1d476682555a6a7444c22af9788ff003557b933955c714c3523691ef95ee9657b9ef7aab9ce72e55557cd554ff26f3d9fd8dd3b404aa4572eafe37f92e0bebda576eafeadcee7ba3d45d4e80f786be79ab365eeeac7d34104d74b54ef9b0e661ecf1299ad54f59179ba54c2f6c49d973daea18d7a63535f746dfe8754699b8c94374b6ca93d3543111558e4fa95151c8a8aa8a8a8a8a8aa8a8a8a6ac6c86e851ef06dada35b40904555511ac35f4d1c88ef47aa8d55b235511555a8b847b517bf07b17de6b7f28fb3cecaebf8a505fcba8f12c744faff00bb8f7e73c77cae9575ce43999715f4ff0043bc001ac8980000000000000000795aab51dbf4869aba6a8bacac8e92d5492d5caae723515ac6aae32bef5c613e95543ea109549284165bdc8fc6d2596660f54d7d66a2ea075ad7b17d586e0943e79ef4f1b205ff005c6a4547d777bad6df6ed5b7bb94be2d5dc2a24aaa87e31ca491cae72e3eb5553e43ad6c2dbec5694ad97dc8c63f049148ab3e726e7d6f2093fa7ad93fc7ceb4add21f84df31fa1dae4b97a47a17a4f2e12c51f0e3e23319f1739cfef718efda303bcd9bde4d4fb21a9eab56693a0b5d5d5d5d03edcf65c629248d237491c8aa891bd8bcb3137be71855edf4796ab1bc95954560f1571e6b78e3e29af8a3ea8ba6aa2e77d1e92cc7e4dfff002cbfeeeffd50fc9bff00e597fdddff00aa38afca15bd1fc58d15fd4aaffbc8fca15bd1fc58d15fd4aaff00bc9aebecbb7fff005a3f0a7ffe095e5e99f85fcff5390df8e9375d6c8d17e1225741a874d2cad85d70a685d1494ce72370b510aabbc36b9eae635c8f7b5551a8e56b9ed6ac1e69f74e9beb6dea3f45dde9effa7a8a9ae16fe14376b77ad3d354c33458f138bd9c52391cd9dbe12b9ead467acabc915736f5be9bfc0dd697fd21e9be99f31dd2aadbe91e1f87e37832ba3e7c72bc73c738cae338ca961d93d72fef6a56d37568e2e28e32d7de4fa776eeae1b9a6b0b898b7b6f4e9a8d5a0fcd91e2800ba11e5a9f93c68564dd4d4372c7ab4fa7df0fea592a2154fb352ff94b7e4e5b3b923d73a8248978b96868e27e3b653c67c89feb8cba47397942acaaebf552fbaa2bfca9fe65af4b8f26da3db9fa80014a2400000000000072faeb73f406da50fa7eb8d576fb4b5d1ba58a19a64f1e746e117c28932f9151553f45171943d28d1a971354a8c5ca4f824b2df823e652515993c23a8218df3ea9f40ec93d6cf511cb7bd44e8d2565ae95e8c48dab9c2cd2aa2a479c2f6c39de4bc70a8a556de4eb8370f585755da76e6a1da62c3c9f147344d45aea98f3847ba4545f055530a891e1cdce39b8ad53cf3d54f254d4cd24d34ae57c9248e5739ee55caaaaaf75555f79b5f67bc9ad49b8dc6b0f11fc09effee7d1dcb2fb510b75ab25e6d0f8fe84b1bd7d4cee36f54f3515cab3e6ad3ab27386cd48f5f0b08ecb3c67e11667261172b86e532d6b4890036ed958db69d455bdac1420ba17ef7bed7bd90752a4eacb953796096ba75ea02f1b0faa26ad4a592e362b9b5b1dca8125e0aec2fab346aa8a892372bd97b39155155328e48940beb2a1a8dbcad6e63ca84961afdf4f5314ea4a9494e0f0d1b474b554d5d4d0d6d154473d3d446d96296372399231c996b9aa9d95151515150fd4a07d1df53351a4aef16db6e3ea78a1d2d253ba3b5d456716b682a39f2463a55c7189c8af4f59551aa8cc714c97e619a1a9863a8a79592c52b51f1c8c7239af6aa6515153b2a2a7bce64da1d02e367aeddb56df17be32e86bf5eb5d0fb3796fb5b985d43971f147fb0010464800000000000000000000000e6773ae715976db55dde75f528ac95d3af7c678c0f5c7f3e0e9883facdd4f4ba77a7fd4348b738e96b6f0b4f43491ab939cfca78d6563517cff00329267e84fe624747b577ba850b75f7a715f16b3f0478d79f374a52ea4ccc7001d62528000036a00071e97b000000000000000000000000000001116edf547b4fb433555a2ef777dc6ff004f1248969a08dd249972aa223e4c7871af6caa39dc9115178ae53395656373a8d5542d29b9cba92cf8bea5daf71e752a429479537844b353534d474f255d654470410b16492591e8d631a899572aaf64444f7a954f787af2d3ba52e751a7b6c6cf4ba9658e1545bb4952e652453e5538b588ccced444cf247b5173d957ccaafbb9d45ee6eefdc6b92ef7faca2b1d4bd522b252cee652b2247a398d91adc24ce4546af37a2ae5329c7b2245e6e2d9ff0026b46862beaef972fc09bc2ef6b0dbec5bbbc82bad5a52f3686e5d67afaab576a6d6f799b50eadbe55dd6e350bebcf532725c7b9ad4f26b53dcd44444f721e4006d4a74e14a2a14d249704b7244336e4f2c000fa3f013274c5bf15fb29ae23f4b7f8ba6ef72c54d7685ef723616f2444a96e11579468ae5c227ac996f65545486c1897f634352b69da5cc73092c3fd7bd715da7dd2a92a335387146d151d5d2dc2921afa1a98aa29aa636cb0cd13d1cc918e4cb5cd54eca8a8a8a8a87ec673f4a3d4fcfb5b795d2db877eaf97475440ac83935f5096d991c8ad731a99736254e68e63117baa2a279e741f4eea2b1eadb251ea3d357482e36caf8fc5a7a981d9648dce17f52a2a2a2a2f745454544545439ab68f66aeb676e1d3aab954dfa33c3c3ecefeb5f916db4bb85d4731e3d28f4400574cb000000000056eebaf70ed9a6b67e4d10e557dcf564d1450b1927158a08258e592454c774cb591e3b67c455f72a1376bddc4d1bb63607ea5d717c86d940d7a46d739ae7be5917c98c63515cf779ae1117088aab8445532bf78b732efbb3b8377d5f72adab969ea2a646dba0a87e7d128d1ebe1428d45e2dc355338f372b97baaaa97fd81d9da9a9ea11bda89aa549a9677ef92de927d8f7bf874919a9dd2a349d35c65f438a001d0655c1d46de6d9eb7dd5bd4da7b40d93e74b853d2bab6487d261838c2d7b18aee52bdad5f5a46261173dfcbb29cb931f4b3bc9a63643706e1ab356505d2ae92aecd2db98cb7451c92248e9e091155247b138e22777ce72a9dbe88fd56b5d5bd954ab650e5d54bcd4fa5fc57d4f5a3184aa2551e1749fbfee33ea4ff937ff006c507edc7ee33ea4ff00937ff6c507edcb3ff942b65ff8b1ad7fa9527f791f942b65ff008b1ad7fa9527f7935d7fea1db5ff00b18ff865ff00f4257ecba7ff00d47f15fa1d0f487b057fd91d3178aad6134097bd452d3492d353d424b1d341146aac63978a7e751f34c8fe2e7b15119c57cd573db71750d16aedc1d4faaedb14f1d25eaf35b71a764ed46c8d8e69df2351e8d5544722393288aa99f7a96137fbadbaddc8b05c742681d3d3da2c9738920aaafac995b5d346ab1b9cc6b2277089ab89237a2ba547b1ff00bdcaa15689cd91d2b51a75ee356d59726b56c79aba125d8df624b8ac6fdef7635f56a4e31a143d18800179238d1ce8374e2d9b62db767f775faed5558d5c7ef19c6044ff00da85ebfce58c229e95b4fd7698e9fb465aee2ce13be8a4ade3ef4654cf24eccfd7c25692b1cafb4771f6ad5ee6ae729ce58ee4da5f248b9da4791420bb100010a64000000f8eef78b4d82db3de2f972a5b7d0d2b39cf53532b638e36fd2e7395110863a84eaa74bec9b67d394b415372d572d378b4b4afa77b29a247a2f096491708f66517b46aaaaad56aab57ba67dee26ef6e36ea573ab75bea9adaf8fc4f122a3f11594b02f97e6e14f51bdbb67195f7aa979d9cd84bed722ae2abe6e93e0dadf25fd2babb5eeeac91b77a953b67c88ef9169b777afd646b75d39b4d6172bdaab0d36a0aa95aadca3b0e923a6562f245445e2af7279a2ab3dc53ad45a97506adbb4f7ed4f78abba5c2a5732d4554ab23ddf42657c913dc89d93dc79a0ddfa36cf69fa14393674f0df193df27dedfd1617615eaf7556e5e6a3fd00009a31c00000000016aba68eb219b7166b6edbee05b24a9b1534ae8e9aeb148ab35144e72bb8be3c2acac473bb2a2a2b5bd911d8442aa823357d1ed35bb676b791cc78ae869f5a7d7f2eb4cf6a15e76f3e5d37bcda68a58a78993c123648e46a3d8f62a2b5cd54ca2a2a79a1fe8cbed89ea835cecddda18aaeb2bafda6bc14a67da2a6b1eac819c9151f4fcb291393bf644e2e472a2a670e4bfdb5fbf9b5bbbd1233476a48df5e91a3e5b6d53561ab8fb657d477e9a27bdcc57353e939f768763b50d024e4d72e97e34b72f797ddf1ddd4cb3dadfd2b958e12ea243001523380000000000000001e5ea7d51a7f45d86b353ea9bac16eb5d03124a8a999578b1155113b265555555111111555551111554fa8425524a10596f724b8b7d87e3692cb3d3739ac6abdee46b5a995555c2227d2661f55bbdd51bc3b892d3d1398db069c967a0b6a453788ca8c48a8eaa45c27f8c46b1513dcd46f9f755ed3aa7eac6ab70eb93486d6dfeba9b4ac70ab6b2a626494d25c6477247357387f81c55138391bc955dc91511a560378ec1ec7d4d33fe257cb151af362f8c53e2df6b5d1d0bbcaeea57cab7f269f0e97d60006cf21c000036a00071e97b000000000000000000000001e1eb3d6da576fac13ea7d637aa7b5db69f08e9a655f59cb9c318d4cb9ee5c2e1ad4555c2f63dc39ddc1d0d63dc8d1d74d19a869d92525ca9dd123dcc473a0931ea4accf93d8ec3917e943ded55175a0ae73c8cae5638e3a71da7ccf95c97c8e2524de8ebaf51eb0b6d7e95db8b3c9a7a8e695f17cede96e5ac9a0477aaac46a3520572277eef5445c22a79955a49249a474b2bdcf7bd55ce73972ae55f3555f7a9e96a9d3b70d21a9aeba56ecd6a56d9eb66a19f8fe8abe37ab55517de8aa9945f7a2a1e59d4ba3e9361a4dba869f04a32df9e2df6b6f7bfa7514daf5ead7966abde0004b1e00000000000000025cd90ea5f703646a59496d992eba79f273a8b3d548a91ae57d6744fc2ac2f5efdd115aabdd5ae223062ded8db6a345dbdd414e0fa1fef73ed5bcfba75274a5ca83c334ab6abad1da4dc38d292ff589a3eea9c5160b9cedf479157feeea308d5c76fd3462f7ec8bdc9e28ab68ae34b1d75beae1aaa6993947343223d8f4fa51c9d94c5d3d8b16b1d5da5ddcb4ceaabc5a1d9ce686ba5a75cfd3ea390d69a9f92eb5ad273b0aae9ff4c9729783ca7f1c92f47589c562ac73f236401919f8eede8fe57b5aff006fd5fed0fe3b7b3799ed56bb7735a2b5530a8b7fabc2a7fef087ff0065579ff711f833dff8d53fc2cd67bb5eecb60a4757df6ef456ea66fe94d5750c8634fd6e72a215ef733aeadaad18e968347c13eb0b844fe0ef4693d1e8d30b877e7dcd5e5f4a2b18e6aff093cccf5badf2f57e9d2aaf978adb8cc99c495750f99c99f3eee5553e22774cf25f656f253bfaaea762f3578ef6df8346356d62a49629ac7cc90f79f7cb5aef85f61bb6aa9618a9687c46dbe829db886958fc72c2af7739dc5b972af7c2630888891e006c9b5b5a3654636f6f151847825c17efe644ce72a927293cb60007b9f20fb6c766b96a3bd5bf4f59a9bd22e174aa8a8a921e6d6789348f4631bc9ca8d4cb9c89955444f7a9f116cfe4f2d1b4575d75a975b552c124ba7e821a4a68a4a747b9b25539f9998f55f51cd640f6764cab6672651328e89d77545a2e9d56f9acf216e5d6db492f8b47bdb51fb4558d3eb242dabe80b475a68a9ae1bb7739ef7756cb2acb416eaa7456f58d515ac6abf83277b93f4f923a34ce1b8546aabe42aee8afa72aba2a8a5a7d0d3d14b344f8d95305dab16485ca8a88f62492b98ae6af74e4d73729dd153b100f545d5cebfa7d7f78dbfdb2bf7ccd68b378d6bacaba7893d26aea71c66c3e467287c37f28dab1e172d73d1ea8ace30459ba86df3b0dca1bad0eec6a896783971656dca4ac8579355abca19d5f1bbb2ae393570b854c2a229ae28685b59ac5257f52f5d37359515292493de9351dcbe6f1c77ee25657365425cd2a79c74e17e649fd47f47973da1b6d5ebbd2177f9d34952fa3b27656cad4afa57c8ef0d55dc5ad64b1f88ac4456e1c9e2a22b151aaf5adc698f4b7bd5fba076e6e56bd6d49455579b4f1b7de2258330d7534ac5464cf8d5be1a7888d958f8d155331b970d6bdad4ce8d6fa6ff0375a5ff487a6fa67cc774aab6fa4787e1f8de0cae8f9f1caf1cf1ce32b8ce32a59f64757bfaf52be95aaff00cfa2d6ff00c517c1fd1e7765496eca6625f50a7151ad47d197c99e29d1edce8ea9dc1d7761d154922c6fbcd7454ae951bc9628dcef5e4c7bf8b393b1f51ce1693e4fbd252dd3752edab2a2d2d9e8ec9687c71d53d117c0ac9a46359c73df92c4da84ca7922ae7194ccfebda87f0ad36b5e2e318bc77bdcbe6d18b6d4b9ead1a7d6cbfd45474d6ea382df4712454f4b13618989e4d635111a9fcc8887ec01ca8db6f2cb980003f400002bc759fb294bb8fb793eb6a29a3a6bce8ea4a8ae47399daa68dade72c4ab9eca88d57b57bf7454c7af94cde3692a29e0ab824a5aa8639a1998b1c91c8d4735ed54c2b5517b2a2a765453347abad8d6ed06bf4b958e9d9169ad4ae96a6df1b30894d2355ab2c184f26b55ed56f6c717222655aa6e3f269b429a7a3dc4b7ef70fab8fd64bc481d5ed7ff007e2bbff5209001b7c8200000000000000000007d16eb8d7da2be9eeb6aad9e8eb28e56cf4f5103d5924523572d735c9dd1515115150f9c1f8d292c3e038168b6ebafbdc7d3146b41ae6c349ab636338c351e37a154a2e53f4ded6398f4c67f788ecf7572962f6f7ad5d94d6b153c178bbc9a5ee532a35d4f736aa428ece3b54353c346fd6f56fea334814bd4f60345d47328d374e4fa60f1fe5798fc122428ea7714b73795dbfaf13672d778b45f295b5d65bad1dc299dfa3352ced958bfa9cd5543ec3196d17ebe582a16aac379aeb6ceb8cc94950f85eb8f2eed5453a74deede744c26eeeb5444ff00effabfda14dafe4a6b297f26e535db169fc9b33e3ad471e743e66b98324e0dfadeda74e31eedeae5ff003ef13bff00e2729fe66df7dec9fbbf76f5827f997aa867fc2f431ffd95dee7d621f067d7f19a7f859adc737ac372341680a47d6eb2d5d6bb4b189cb85454352577f9b1a65ef5fa9a8aa656546f36f055c2ea7aadd6d63344f4c39925f6a9cd727d68afc29c8cd3cd5333ea2a267cb2cae57bdef72b9ce72f9aaaaf755332d7c954b979bab9f37aa31dff0016f77c19f13d6963cc87c597db5dfca0fa0ecb58da4d05a4ebb52b13924955513fa0449e5c5588e63deff7e793598ede79ed51f76b7d3713792e8faad597a97d01b2ba4a5b5c0ee14b4c995c22313f49c88b8e6ecbbebf711f02ff00a3ec9693a24954b6a799fe293cbfd178244657bdaf71ba6f77520002c8620000000001b500038f4bd80000000000000000000000000014cfaecd88a25a0977cb4fb562a989f053df21ca23246395228a76a633cf92b18eeeb9456ae138b956919b337eb05975459eab4fea2b653dc6dd5d1f87514d511a3e391b9cf745f7a2a22a2f9a2a22a77432c7a82d9bb86c96e1d569995cf9ad954df4cb4d4bbbacb4ae72a223953f7ed5456b93b7923b18721bcbc9c6d1abbb7fe15732fe643d1cf4c7abbe3f4c7515cd56d39b973d05b9f1efff005234001b4087000000000000000000000000000000000000000001703e4e7d43454da9f5a6949229d6aee541497089e8d4f0d23a691f1bd1cb9ca3956aa3c6115308ecaa61334fcf6b456afbd681d5969d67a7a7f0ae167aa65543973dac938afad1bf839ae58dedcb1ed454e4d7393de436d0e96f59d32b58a78725bbbd34d7cd2322d6b7d9eb46a75138f55fd3d6b9d2bb99a8359d8b4edd2eda6af92d45ed6ba9a2754251b9df9ca96d42b189e0b5af73dcd577abe1ab7d6739afe300d9ac77ad477286cda7ad15b74b85472f06928a9df3cd2716ab9dc58c4572e1ad555c2764455f71a3bb57d696d0ebfa2a687535d20d1d7b9a59637515c6672d3a35a8ae47a55ab1b1235cdedebab1dcd15a88beaaba42aedfad92b7d15457cfbb7a45f15344f99ed82f104d22b5a8aaa8c8e372bdeec2766b515cabd91155706bbb7db1d6f47a31b0bcb094aa417253deb38dc9ee8c94bbe2f0fa0949d85bd7973b4ea613fdf5ee230e8a7656ff00b55a1ae57ed5d493d05e3554b04cb43239395352c4d778292338a2c72aacb2ab9aae5c35634546b91ed281ee2ea1a2d5db83a9f55db629e3a4bd5e6b6e34ec9da8d91b1cd3be46a3d115511c88e4ca22aa67dea59fea77acbb3eb1b05cf6cf6b219e6b6dca2863acbf39f2d3ba58d5794b0450aa35e8d7271639cf5c39ab2b382a2b5eb4fcb1ec869da83af71acea91e455ad8c47aa296ecace5742c3deb1bf898b7d5697263428bca8f4f683547a66da38f67b6b282cd531b92ef73c5caeaaec65b50f637f349f531a88dfd68e5f79473a52d8dabddfdc1a7aeb9dbbc4d2d61999517491f8e133932e8e9f0bfa5cd5beb63c999ce155b9d3a2abe53f5b5274f4aa32e1e74ff00faa7f36d77333347b7c66b49762fcc000d424e800000000038edd7dabd2dbc3a3ea3476ab8a548247b6682a2056a4d4d337f4648d55151170aa8b94ee8e54f79d883d6debd5b5ab1ad464e328bca6b8a67cca2a69c64b7331d35de90b8e80d677ad1775e4b5366ad9691cf58d5892b5ae546c8d45efc5edc393ea721e11a65d54f4f945bbda32a2e9a66c34cfd6b6ff0df433b5d1c0faa623911f04923b08e6f0572b792a223913ba22bb39af75b55cac773aab35e28a6a3aea295d05453ccd56be291ab8735517c9514e96d95da4a3b4566a6b7558ee9472b39eb4ba9f478ae82a57b692b5a98e87c0f940059cc300000000000000000000000000000000000000000000000000000036a00071e97b000000000000000000000000000047bbd7b25a4f7c74bb74fea3f169aa695ce9adf5f0237c5a595531ef45e4c776e4cf7a22774544549081ef6b755acab46e2de4e338bca6ba0f89c23522e32594cc6fd63a5ae9a1f55ddb485e988dadb3d64b4732a22a35eac72a736f244556b930e6ae3ba2a2fbcf1cd3eea8f6169b7a7434b2d9adf03b575a5be25aa7748912c8de48afa77b97b2b5cde5c738447f15ca22bb39adaa34b6a1d157dabd33aaad33db6e742ff000e7a799139357cd1515328e6aa6151c8aa8a8a8a8aa87496caed3d0da3b5e56e8d58fa51ceff00797f4beedcf777d52f6ce56b3c718be0cf28005a4c2000000000000000000000000000000000000058be8734c5835a6e4ea8d2daa6d505c6d571d25530d4d34c8bc5edf4ba4545454c2b5c8a88e6b9151cd7222a2a2a2295d0f534c6a7bfe8cbfd0ea9d2d759edd75b74a935354c2a9c98ec615151728e6aa2ab5cd5456b9aaa8a8a8aa846eb1655751b1ab6d467c99c96e7d4f8a7bb7f1e95c389ed42a2a5514e4b29167f7eba1ad41a725aad53b3b1cf7ab5492cb34964ede954112339e22739d9a96e51ed46a278bde34449555ce4a98684f4c9d5e546e85441a135be9fadfc20a7a58d52e76ea496a21ac5f152359268a18d7d17f4e2573d7f33957aaac49c58bde6eff4a5b59bcf7f8754ea04ba5aeead8bc1a8a9b4cd144eac6a222316647c6f4739889c51c888ee38455546b11bae6c36cafb676bff000dda383785ba6b7b6ba33f893ebdd25f793796a56a5853ba8f3d68fc3f7c3f7832e8fbac764baea5bcd169fb1d1495770b8ceca6a68234cba491cb844fff00df242fdfe4f5d97fe33eb5febb49fdd8f5ba66e981366b54ea7d5d739e57cd5353556cb2c524ac91ecb624f964b2b9888d596448e35c222714f344572b5b2f73e51b4956b52adb36e715ba2d632dfe4b8becf03c21a557e5a8cf8324ad8bdaba4d9cdb5b5e8a8648e7ab891d5170a96371e3d548b97bbeb44ecc6aaf7e2c6e4efc0342dd5cd5bcaf3b8acf32936dbed65921054e2a31e08000f03ec00000000000000573eaa7a5ca6ddda276b3d1d1454dabe8a1c399d98cba46d4ed1bd7dd2222618f5edfbd776e2adb18090d2f54b9d1eea377692c497c1ae94d74a7fbde7956a30af0709adc62f5751565b2b6a2db71a5969aaa9257c13c32b15af8a46aaa39ae6af74545454545f7a1f81a4bd52f4c76edddb2cfaa7495ba2875b51c6df05cd7b6265c588a88b14aabdb92373c1eaa9dd11aabc7bb73cf5768ed4fa0efd51a6757d96a2d773a55fce41322670be4e6b932d7b57dce6aaa2fb94e8dd9bda7b4da2b753a6f93517a506f7aed5d71edc76712a977673b5961ef5d678c002ca62000000000000000000000000000000000000000000000000006d4000e3d2f60000000000000000000000000000000021adfde98b47efaa4778abaeabb56a2a2a4752d25742a8e8dcdcab98c9a354f59a8e7397d556bbd65eebe44ca0cbb1bfb9d32bab9b49b8cd74afdef5d8cf3a94a15a3c89aca31bf56e91d49a16ff55a63565a27b6dca8ddc658266e17ea7357c9cd5f34722aa2a7929e39af9b9db65a5b76b48d568ed5b4aafa5a8c3e39e2e293534ad5cb6489ca8bc5c9e5f5a2aa2e51550cf3debe927723685b3de69e24d43a718e72fce144c72be067b96a22f38ffce45733e9722ae0df9b33b7567ada542e714ab70c6774bdd6fb7eebdfd4d95abbd36a5bf9d0df1fa107800bd91a0000000000000000000000000000000024fe9d3663f1e7b8d1e92a8bb7cdd6fa4a57dcae32b13333a998f8d8ac8728adf11ce91888aeecd455761dc518e8c09276237a6b762b53dd7565b6c305d6aebacd3db29d93ceb1c70c8f92291b2bd1a8ab2351624cb115aaa8bfa4d23b57578ec6aad3ff00e735e6f0e3e3bbe27ad0e6f9c5cefa3d268b58f4f6ccf4cda191cd96d7a76db0c4d8aa6e356e62555c646364913c47a223ea2554f15cd8da8abdd5b1b5130d4a8dbbdd76ebdbfea085bb3d513e9ab25345c7955d1534f575923b0ae7488f49191b5abeab5ac5555eee739792359135d6f5bcfd506bdf0dc95f7eb8cf2be4a6a1815c9456e8dfc515236b978411e18c4572ae5dc515ce73972b753a6ae932dfb2f50fd59aa6e14b78d532c4e863740d55a5a262aa67c257b51ce7ae30af546ae155a89855576ababa6e97b2b077daec95cddc96790f7acbebca7fe292c7e15944caad5af5f376cb9105d3fbfa23dae9aa1df7be69b66b2de9d6171f1aadeab456675be8a9dbe8eac4e32cdc214951eae55546a39b846a651796126d00d5da85e7dbee255d42304f846294525d492faf164cd2a7cdc1472df6b00030cf4000000000000000000000001196f2f4f1b73be115349ab296aa9ae346df0e0b95048d8ea5b1e557c355735cd7332aab8545c2aae1532b9934193697971615957b69b8cd706b89f13a71ab1e4cd651945bd9b09adf64efd3525ee825a8b34b3bd96ebb46ccc3531e578f254cf87271f362f7ce71c93bac686d0d7d050dd28e6b75ce8a0aba4a962c73413c692472317cdae6af6545fa14a81bd1d04b2f579f9f366ee16db4c13a2ad45aae124ad898feeaae8646b5ea88bd9382a613be1d8546a6e7d9cf28f6f7495beabe64f1e9fdd7debeebf8aeee0405d6932879d437aeae928e83d9d59a3755685bbc961d5f61acb4d7c5e70d4c4ad5727f09abe4e6afb9cd5545f729e31b3e9d48558a9d369a7c1ade990ed38bc30003ecfc000000000000000000000000000000000000001d9ed66d16b8de3d41f83da2adad9a48d9e2d4d4ceff000e9e9a3ca27291f85f7af6444572f7c22e14f1b8b8a5694a55abc94631dedbdc91f518ca6f9315967fffd9, '', '');
INSERT INTO `users` (`id`, `username`, `password`, `email`, `forum_notification`, `image`, `location`, `birth_date`) VALUES
(8, 'Marinero', 'f10e2821bbbea527ea02200352313bc059445190', 'admin@softunioverflow.webuda.com', '1', 0xffd8ffe000104a46494600010101004800480000ffdb004300030202020202030202020303030304060404040404080606050609080a0a090809090a0c0f0c0a0b0e0b09090d110d0e0f101011100a0c12131210130f101010ffdb00430103030304030408040408100b090b1010101010101010101010101010101010101010101010101010101010101010101010101010101010101010101010101010ffc000110801e0028003012200021101031101ffc4001d000100030101010101010000000000000000070809060504030102ffc4005f10000103030302020506070a0b03070d000001020304051106071208211331142237417509155161b3c2161719233271d3184252565781919495d42433677276a1a5a6b2b4e4345362253543449293c12736586364657385a2a3c4d1e1ffc4001c0101000203010101000000000000000000000506040708030201ffc400471100020103010307090604030705010000000102030411050621311213415161718107223234357291a1b1144252c1d1f01523628292a2e1172425335354f11643b2c2d2d3ffda000c03010002110311003f00bb00038e8bd80000000000000000000000000000000000000000000000000000000000000000000000000000000000000000000000000000000000000000000000000000000000000000000000000000000000000000000000000000000000000000000000000000000000000000000000000000000000000000000000000000000000000000000000000000000000000000000000000000000000000000000000000000000000000000000000000000000000000000000000000000000000000000000000000000000000000000000000000000000000000000000000000000000000000000000000000000000000000000000000000000000000000000000000000000000000000000000000000000000000000000000000000000000000000000000000000000000000000000000000000000000000000000000000000000000000000000000000000000000000000000000000000000000000000000000000000000000000000000000000000000000000000000000000000000000000000000000000000000000000000000000000000000000000000000000000000000000000000000000000000000000000000000000000000000000000000000000000000000000000000000000000000000000000000000000000000000000000000000000000000000000000000551ea73aafdc4d96dc88f47e96b2e9caaa27db60ac592e14f3be5e6f7c88a9964cc4c6189eecf9f7224fca15bd1fc58d15fd4aaff00bc972b1d83d6350b685d508c7933595997411f5352a14a6e12ce5761a120cf6fca15bd1fc58d15fd4aaffbc9216c6f5cf5faab5a3acdbc52e97d3d689e955b49574b4b52ccd62cb1358c91ee9246b23e0e9155ee46b538a2ab913cfeeebc9feb7694655e504d456709e5f825c44353b79c9453e25c70797a7b54e98d5d44fb9693d476bbd52472ac0fa8b75647531b644445562ba3554472239ab8f3c393e93d4299384a9c9c66b0d74333d34d650045fa9293a9ca5f47fc10bfed7dcf973f48f9cad170a1f0f18e3c3c3a99f9e7d6ce78e309e79ed54ef9d78efd69cbd5c34f5e747e8aa7b85aeaa5a2ab87d16a5fe1cd1bd58f6f26d52b570e6aa6515517dcaa5934bd95bcd693fb0ce13c715cac35e0d27f2312b5ed3b7ff989af02fe033dbf2856f47f163457f52abfef23f2856f47f163457f52abfef24b7fb37d77f0c7fc48f0fe2d6dd6fe068482a674d3d5a6e36f2ee633466a7b2e9ba5a27504f54b250534ec979b38e132f99e98eeb9ec5b32afac68f75a1dc7d96ed252c27b9e773ffc19942bc2e61cb87000022cf7000000000000000000000000000001fc739ac6abdee46b5a995555c2227d201fd0457acfaa0d8cd136ef9c2af70ad5747ab95aca5b3d4b2ba673b1e5c6272a37cbcdead4facadfaf7e50dbe553e7a4db5d154d450aa2b63adbb3d659bba7e92431aa31aa8be5973d3b77fa0b1e99b25ac6aaf3428b51eb979abe7c7c326256bea147d297c379790fe2aa3515ce54444eeaaa6536a3ea677eb544fe3d7ee85f29b0b96b2dd3fa0b53eac41c329faf271f7bd7daeb52b5cdd47ad6fd7547261c95b729a7454fa179b94b950f255792c73f7118f5e137f5e49812d6a9af462ff7f135a6edb8bb7d60ed7dd75a7adcbffdaee7043ff1390e66b3a8dd89a172b66dd6d38e54ff00b9ad6ca9fd2cc993c098a5e4aacd2fe6dc49f724beb93c25ad54fbb146a9bbaa6e9f5abc57742d59fa9b2afdc3e883a99d84a95448f752c499ff00bc9959ff0012219480f77e4b34dc6ead3ff2ff00f93e7f8cd5fc2be66bbdbb79768aecbc6ddba1a52a1dfc065e29f97f473c9d551d7515c216d4d05641530b932d921911ed5fd4a9d8c5e3e9b7dcae369a96d65aee1534750cfd1969e5746f4fd4e6aa29835fc94d26bf9172d77c53fa347a475a97de87ccd9f0645c1bd9bcb4c8c6c1bb3ac58d8f1c5a97daae298f7639e31f512768aeb877c74bbe18af372a2d4b471223562b85335b2ab71ff7b1a35cabf5bb97d79216ebc976a74a1caa156137d5bd3f0dcd7c5a3221ac5193c493469302b16def5f1b5da8daca6d716daed2b58e771f11516b29553dcbcd8d47a77cf656613b7acbee9f34cee2681d68e58f48eb5b1de6446248e8a86be29a46357c95cc6b95cdfe744291a8685a969526aee8ca38e9c657f89657cc90a5734ab2cc2499d08008a3dc000000000000000000000000000000000000000000000000000000000000000000000000000000000ce8ebebdb9c1f01a4fb498adc591ebebdb9c1f01a4fb498adc750ec9fb0ed7dc453af7d627de0fde8686b6e75b4f6db6d1cf5757572b20a7a7823592496472a2358c6a655ce55544444eeaaa7e0592e822f965b26f457fcf577a2a0f4fb0cb4349e9550c8bd22a5f574bc218f92a7391d85c3532ab85c2121abdf4b4cb1ab770872dc1671d7f267950a6ab54506f19390d05d2e75157fada3bbd8b44dd2c4ea7af8d8cafb8cc96d929246ab5c93a36456cfc59947738d8e5cb551b97260b81b43b35d4be92f4676b3ea23d229a2ba32aaa6dde87f3b7a5d32787ce3f4baa46cd0f346b9bc588a8dcf24eee54271d454fa9ea68991e93bc5aedb5692a2be5b8dba4ad8dd1e172d46473c2a8ecf15e5c95308a9c57394a7fb91b63d7dd77cddff00ca17cf7c3c6ffe6ddda3b5f839e1fe3bd4a6f1338f57f4f8f177e8f2f5b4ebda2badad6e95c55b7a11feb8e5f4f0734e3f071c746f27becb0b2f3a31949f63fd3796e7526b7d17a37d1ff0bf57d92c7e99cfd1fe72b8454de370c72e1e239396393738f2e49f49935ba77ab6ea3dced5fa86cd53e916fba5fae15b49370733c4864a87bd8ee2e447265ae45c2a22a7bd10f8752688d69a37d1ff000bf485eac7e99cfd1fe72b7cb4de370c72e1e235396393738f2e49f49e297ed92d93a1b3dcbaf4abf3ae6b194925b9be186febfe9197d7b2bac4651c60000ba91e589e83fdbd45f08acfb868f99c1d07fb7a8be1159f70d1f39fbca67b6d7b91fab2cfa47abf8b00035f128000000000000000000000000aa889955ec701bb7be3b7bb316b4aed6376c55cec73a8edd4edf12aaa953f82df26b73db9b951beece7b19edbcfd4f6e46eedde77b6eb5b61b13e25a6659e82b656c3244aaab99f0a8933d738555444c226113be6dbb3bb1d7fb42f9c8ae452fc6d6e7dcba7e9da60dd5fd2b5dcf7bea2d76eb75d9b79a2aadd68d0b6e76b0ad8deac9a78aa3d1e8e3ecbddb2f172cab9c766a7154ce1fee29e6ebf50fba1bbf5b33b51dfe5a6b5c8a9e1da285ee8a8e36a27bd99cc8befcbd5cb955c6130891a037768bb21a568789d1a7caa8bef4b7bf0e85e0915eb8bead71ba4f0ba900016730c000000000000000000000007d968bc5dac17282f162b9d55babe95dce0a9a599d14b1bb18cb5cd5454ecaa9dbe93e307e4a2a69c64b2984f1bd16a36cbafad71a5ad6969d7fa7dbab15af4f0eb92a9b4950c8fb22a391b1b9b22a6328abc5573dd57ccb9fb6dbbbb7fbb56af9d343ea182b7835167a577a9534eabee9225f59bdfb67f457dcaa6441e858750dfb4b5ce2bd69abd575aabe14548eaa8aa1f0cad454c2a239aa8b85455454f7a140d77c9e69ba945d4b35ccd4e3bbd17df1e8fedc77324edb54ab47754f397cfe3fa9b300a83d3ef5bf63aeb4269edefbba50dd2072329eecda472c354c5c2224a91a2f091172aaee28c54f3c2a77b7a8a8e4473551517ba2a1a4b58d12f743aee85e431d4feecbb62fa7eaba4b0d0b8a7711e5537fe87f400451ee00000000000000000000000000000000000000000000000000000000000000000000000067475f5edce0f80d27da4c56e2c8f5f5edce0f80d27da4c56e3a8764fd876bee229d7beb13ef00162fa16a1d3151bb777b96aca3b5cb4965d3951756545c638dd1d1490d4d32a54a3a4ed1b989c97c4ecad4cf7424755bf5a5d954bc71e5721670ba7b0f2a34b9ea8a9e719383da1fdd19fe0df899fc35f42f9d19ff9afc7f9bbd33f37fe3fff0057f2f0b9f8beaf0c72f54ba9b43fbb5bfc1bf191f815e85f3a33d37e74c7ce3e87f9bf13c0f41ff07f2e7c3c4f5b9e797abc4ea357f563b05a37c58aab70a8ae752da575547059daeaef1b1cb11b65891616c8aadc235ef6e32d55c22a290aeaff009456cb178b0681db9adaae74aef0aaaf154ca7f0aa5792272822f13c48d3d455c4ac5765c9eae11cba96fae35ada9cf31a64229fde947cef09cb93f244dd38dbd9fa559bec4f77c164b8e642ef0d0d15b376f5bdb6db4705252526a3b9414f4f04691c70c6da9911ac635308d6a222222276444256d49d75efedf3d1fe6cb8d974f781cf9fcdb6d6bfc7ce31cfd2566c71c2e38f1fd25ce7b6202aeaeadb9d6d45cae5593d5d5d5caf9ea2a27916492691caaae7bdcb9573955555557baaa964d86d94bfd9ea956b5e4a3e7a4924db7b9be3b92eec37c7a0c4d46f69dd28c69e771f8000d8c451627a0ff6f517c22b3ee1a3e670741fedea2f84567dc347ce7ef299edb5ee47eacb3e91eafe2c000d7c4a000000000000000000020fea2faa3b0ec43a96c70599f7ad455f07a4c749e2ac31410aab9ad9647f15ce5cd5446226578ae55bd955d50750f68d9cd255768b35de1fc35b853b56db4be12c9e0b1cfe2e9dff00bd6a35a8f56a3bf49c89d9511d8cd5bddfaf7a96e735eb515e2b6e95f518f16aab2774d2bf0984cb9caaab844444fa110d91b15b15fc5f17d7ebf92b8477a73edceef37b5717b889d4350e63f974bd2fa7fa9fbea8d55a875a5f2ab526aabbd45cae558fe73544eecb97e8444f26b513b235111113b22221e5006f884234a2a10584b724b822b6db6f2c000fa3f00000000000000000000000000000000000001673a67eafeebb70fa5d11b8b3cf72d2caad8a9ead555f3db13c931e6b2449fc0f36a7e8e71c56b1823755d26d359b676b791cc5fc53eb4fa1ff00e1ee3d68d79dbcf9707bcda8001c9e5d8000000000000000000000000000000000000000000000000000000000000000000000000ce8ebebdb9c1f01a4fb498adc591ebebdb9c1f01a4fb498adc750ec9fb0ed7dc453af7d627de0fde8686b6e75b4f6db6d1cf5757572b20a7a7823592496472a2358c6a655ce55544444eeaaa7e059fe8236dadbabb71eebacaf56fa2ada6d274b0be9a39d5caf8abe67aac333598e2ee0c866eee5f55ce8dcd4ca239b9dacea70d1ec2adf5459505c3adbdc978b68f3b7a2ebd454d749d0ed5fc9f978bb51535df76b514f6373a59525b35b9b14b5091a22a31cb53c9f1b1caef5b8a3244e184e48e72a3242aef93cb6924a2a88edbabf574156e89e94f2cf3d34b1c726178b9ec6c2c57b5170aad4735553b724f33c5ea53ad0d41a1b595c36ef6be92d6f96db13e9ae176a944a858ea9cd4ed4ed6bf823a1555477888efce239aac4462f383acdd6df5116bb9435d5dab28aef045cb95156daa99b0cb96aa27258191c9d9551c9c5e9dd13394ca2eb6a36db6bacd35a842bc69a92cc639c6ee2b09465fe679eb64b4a7a7d07cd38b78e2ff6fe87c5bebd2aebfd93f16f3ff9fb4b47e0b7e79a78923f0a49329c2687939d17ae9847e558bce34e48e7704854d3ed99dcdd27d556d357d0eadb0513a74c5baff695911d1abd5a8e64f1223bc4646e54e51b970e63e37235ce58f9ae6aea9d3d5ba4753ddf4a5ca5825abb2d7d45baa1f0395637490c8e8dcac57222ab555ab8ca22e3dc85a764b5dbcd41d6d3f548e2e28b49e37653e9ddbb3d78c2c35830af6da9d2e4d5a3e8c8f2c005ccc02c4f41fedea2f84567dc347cce0e83fdbd45f08acfb868f9cfde533db6bdc8fd5967d23d5fc58001af894000000000000001c66ef6e8d8b67f42d7eb5beaf34813c2a4a64761f5552e45f0e26febc2aaafb9a8e5f71d92aa3515ce54444eeaabee333babede7a1ddadc94874c5d6a2a74e5929d9494df9c7a413ce8e73a5a86c6b84455e48ce58cab636af92a169d91d9f7b43a82a53cf351df37d9d59e872e1f17d0615f5d7d969729717c08975c6b1bd6e0eadbaeb3d4332495f76a97d4ca8d572b23455f563672555463130d6a2aae1ad44c9e18074b52a70a3054e9ac452c25d491526dc9e58001f67e0000000000000000000000000000000000000000000001b500038f4bd80000000000000000000000000000000000000000000000000000000000000000000000019d1d7d7b7383e0349f69315b8b23d7d7b7383e0349f69315b8ea1d93f61dafb88a75efac4fbc171be4e4bd5b60bd6b9d3d2d4f1b856d2d056c10f072f38607ccc95dcb1c530ea88530ab95e5d9170b8a7275db53b977fda4d736dd6ba7ea2747524ad6d5d3472a46dada55722cb4ef556b938bd131956af17235c89c9ad54f5da5d327ace955aca9bf3a4963bd3524bc5ac1f3695950ad1a8f823b5eabf6d2ffb7bbcda82b2e54f3bedba96bea2f16dad5891b1ced99fe2491b551cef5a27c8ac545547611afe288f6e61c35636e77e367b7caca9436cbb512cf74f48a29b4f5e1d0b2b2562315646ad3ab9c92c6e8f2e556f26f1e48aa8ad7353a1a3dbada4d132bb55d0685d216096d914b3bae50db29a95d4b1a31c923d6546a706f057725ca27155cf6c9af6dbca1d7d26846c750b4973d04a3c71cac6e4f0d6ece3a32ba57512b3d2e35e4ea529ae4b208e8176d2ff00a47435ef5adfa9e7a36ead9695d414d3448d73a9606c8aca845e59e322cef46a2b53d58d1c8ae6bdaa525dd2bcdb751ee76afd4366a9f48b7dd2fd70ada49b8399e2432543dec7717223932d722e151153de885cdea77ac3d3169b05cf406d45fa7adbfd6450b1d7cb64f1ba968e37af29122991555f2f0446e58888cf1729223e3569428b06c75adf5d5d5ceb97f0e44ab61463fd296e6fc3093dd9c378de8c5bf9d384216f49e793c5f680017e230b13d07fb7a8be1159f70d1f3383a0ff006f517c22b3ee1a3e73f794cf6daf723f5659f48f57f160006be2500000000000000212eb0771976f764eeaca1af5a6badfd5b69a256fe96245ccca9ef4c4292272f739cdfa8cc4277eb37727f0fb7a6e16da495eeb769545b342d5454459a372fa43b0beff00139333ef48daa4107486c2e8dfc2349839fa753cf7d994b0bc17cdb2a7a8d7e7ebbc705b8000b9180000000000000000000003a8d37b5db93ac62654696d057fbac122e1b3d2dbe5921f3c7f8c46f14eff004a9e756b53a11e5d5928aeb6f0be67ec62e4f115939704a6de96fa80733c44daebbe3ebf0d17fa3964f22edb0dbd3648df35cb6b753b2289155f232db2cac6a279aab988a889f5e4c386afa7d47c9857837d928fea7a3a155718bf8338307e9514d514933e9aae09219635c3e391aad7357e8545ee87e648279de8f200000000000000000036a00071e97b00000000000000000000000000000000000000000000000000000000000000000000000033a3afaf6e707c0693ed262b71647afaf6e707c0693ed262b71d43b27ec3b5f7114ebdf589f783bcd9bd9bd4fbdfa9eab49e93afb5d255d2503ee2f7dc659238d636c91c6a88b1b1ebcb32b7b631845eff004f0649fd3d6f67e21b5a56eaff00c19f9f3d32d725b7d1fd37d1b8f3962939f2f0df9c7858c63f7d9cf6ef23aacaf236551d82cd5c79a9e38f8b4be2cf2a2a9ba8b9df47a4943f27aef47f19f457f5dabfeec3f27aef47f19f457f5dabfeec76bf9483fc8d7fbc5ff4a4d5b43bd7bb3bb1e8d73fc43fe0f69f9f849f3a5cefee678b12f86ee5043e8bce6cc727363b0d89dc553c4453575f6b5b69a6d275eee10847adba7f2f3f7bec5bc98a76fa7d697260db7e3fa1583f27aef47f19f457f5dabfeec574d53a7ab748ea7bbe93b94b0495765afa8b7543e072ba37490c8e8dcac5544556aab570aa88b8f721ad9afb73f406d7db5b76d7baa68acf0cb9f0592b95d34f8735aef0a1622c92715919cb83578a2e5709dcca0dc5d4345abb70753eacb6c53c7497abcd6dc69d93b51b23639a77c8d47a22aa23911c9944554cfbd49dd86d7f57d7655677d1fe5a4b92d4709bcef59e9edea31f51b6a16c92a7c7bce78006c4228b13d07fb7a8be1159f70d1f3383a0ff006f517c22b3ee1a3e73f794cf6daf723f5659f48f57f160006be2500000000001e6ea6bf51e96d3974d4d715c52da68a6ad9bbe3d4898af5ff521e915fbae3d5a9a6f622b2d71b9c93ea2aea7b6b15be68d472ccf5fd4ad855abfe7923a458bd4afe8da2fbf249f7677bf05967957a9ccd394fa919d3a92fd5daa7515d353dd387a65deb67afa8f0d30df165915eec27b932e53ce00eaf84234e2a115848a536dbcb0003e8fc00000000000000160ba7ae913536f153d2eadd415ab65d25248bc6767175556a35ead7a42d5ca3132d7379bd308be4d7773aae8bfa715d65748b7575bdaa9ea34dd1ac8db6d34ee5cd55631edc48ace3c5f0b7f389dd7bbda89854452fe791ab36cf6ee7a754969da6e39c5e94f8f27b12ebeb6f870c6784cd869aaaa556b70e85d644bb69d2d6cd6d7a78d6ad32dbad7e51c95f7946554edc671c32d4647e7e6c6b557deab842594446a235a8888898444f71fd069abcbeb9d42a3ab7551ce5d6de49ea74e1497260b08000c53d0e7b57edee86d7d4a947acf49daef11b51518b574cd7be3cf9f07e39317eb6aa15c370be4fdd0771b7dc2b76e2fb73b55d647acb494b5d50d9681899ef1f68fc544c76472b9ea9efc96c0131a66bfa9690d7d92b38aeace63f07b8c7ad6d4abfa71c98fdb81b6badb6baf8ed3fae2c3516daaeee89ce4e514ec45fd38e44f55edfd4bdbc970bd8e60d8ad6da1b4b6e2e9da9d2dac2d10dc6df549dd9227acc77b9ec727763d33d9c985334ba80e9cf566c6de167aa636b74dd7d4cacb6dc227abf0c472ab229fd56f19b8222aa22715efc5570b8dddb29b6f435eff0076b94a15bab3ba5eee77e7b37f7be8af5ee9d2b6f3e1be3f4ef2220017c234000000fde8686b6e7590dbedb473d5d5543d2386082357c923d7b235ad4eeaabf421727653a0bb853dde1beef4cf432d03216c91d9e86a9ee7ba6554f56a1e8d4446a267291b972aa9eb2222a2c3eb3af58e854b9dbc9e1bce17de963a97ed769ef42daa5ccb14d17600072a97400000000000000000000000000000000000000000000000000000000000000000000000033a3afaf6e707c0693ed262b71647afaf6e707c0693ed262b71d43b27ec3b5f7114ebdf589f783b5da3da3d59bd3ab1747e8f5a28ea63a592b679eb6658e182162b5aae72b51ce5cbdec6a235ae5cbd15511115538a277e8df733446d56e75cf50ebebdfcd76fa8b0cd451cde8d34fca675453bd1bc62639c9eac6f5caa63b79f743375ab8bab5d3ead6b28f2aaa5e6ac3797dcb7b3cede309d58c6a3c2e92d9ed07497b67b2314dab2f3e3eadbdd245e3a55d45bbc56d32c4f591afa4a4623de92e1b1e15164915ccf538f256af3dbbdd496f47f84d8f66761f5afefe2f9f2e7a72aff00fac6f3829f87ff0087231f2afd2d74276bfbb33a6cfe523fd8f5ff00b01fbb33a6cfe523fd8f5ffb0345421acd7bb77baa58d4b89f472a33515fdaa297870ec2c8ddbc61cdd1a8a2bb1acfd4a21abf437529afaf52ea1d67a0b70af170979278d5565ac7786c57b9fe1c6df0f8c71a39ee5463111adcae1108deba86b6d95b516db951cf4957492be0a8a79e358e48646aaa398f6ae15ae45454545ee8a869bfeecce9b3f948ff0063d7fec0ce9dd3bd5b751ee76afd4366a9f48b7dd2fd70ada49b8399e2432543dec7717223932d722e151153de886d6d96d6751d4673a17966e84229727cd945772ca4be0425e50a5492953a9ca6fb51cb800b9980589e83fdbd45f08acfb868f99c1d07fb7a8be1159f70d1f39fbca67b6d7b91fab2cfa47abf8b00035f1280000000000a67f28ed7544741a0adad7fe6279ae53bdbf4be36d3b5abfd123ffa4b98525f947aa58eabd014688bca28ee722afd4e5a644ff814b86c0c795b436f9feaff00e123035378b59787d514c400749153000000000000001efedf69b87596bcd37a46a6696186f776a4b7cb2c488af8d92ccd639c99ed94472af7fa0f00b05d0c69c8efbbf9475f235ae6d8adb5771c3be9546c09fce8b3a2ff00311bacdeff000ed3ebdd74c22daefc6ef99ed6f4f9dab1875b34534de9eb5693b05bf4cd8e95b4f6fb5d3474b4f1a7ef58c4c267e955c6557deaaaa7a401ca339caa49ce6f2def65d1249610001f27e800000000039adc7dbfd3fba3a32e3a1b53a547cdf726b1247d3bd192c6e63daf63d8e545445473517ba2a2f92a2a2aa1d283d28d6a96f5235693c4a2d34d7435bd33e651524e2f83324379f6a2f5b33afab745de1fe3318895143548984aaa572aa32444f72faae6aa7b9cd7277c657863503aa1d838b7c345b19684a7875359dcb35b679578b646ae3c481ee445c35c888a8bee735be48aa66cd8f45eaad4baa62d1364b155555f669df4cda16b312248ccf34722e38f146b95cab84446aaae110e90d93da6a5ae69fced6925529af3fa3fbbb9adfd8f2ba0aa5ed9cadaaf262b73e1fa1e29286c7f4fbad77baf91d35aa966a1b1c6f54aebccb0aac10222678b72a9e23d7b2235ab94ca2ae13b966763fa10a0b25437506f3cf4975a88ded7d35a28e573a99138a2e677ab5aaf723b29c1bea7abddcf45c25be6b5ac6a35ad446a2611113b22159da3f29146db956da4ae5cb1e9fdd4fb17def1c2ef332d34994fcfafb9757ef8116eccf4dfb6fb251cd3e9da59ee175a85f5ee971f0e4a96355a88b1c6ad6b52366515708995cf755c2625300d35797b71a85675eea6e537d2c9ea74e34a3c982c2000318fb00000000000000000000000000000000000000000000000000000000000000000000000033a3afaf6e707c0693ed262b71647afaf6e707c0693ed262b71d43b27ec3b5f7114ebdf589f78263e97f682c1bdbabb50e8cbf54cf48e4d393d5d0564395752d536a69dac915994491b87bdae62f9b5cb856bb8b9b0e124f4f9bbf36c96e6516b17d34f556d9229286e94d070f126a5930abc15e9fa4d7b63911115bc963e2ae6a3954cdd6a177534faaac5e2ae331ef5bfe7c37eeebdc79dbb82ab1e73d1e939edc8db7d59b51ab2af46eb2b7fa356d37af1c8c55743550aaaa32685ea89ce376170b84545456b91ae6b9a9cb9aa5b8bb75b67d52ed9d1d453dca0a982a6275558afb4ace525248bd9570b8556aab78cb0bb8ae5b85e0f635ccaa5b1bd14ea7d41ae6e2bbad433dbf4d69daf929646b52489d7a923763102b91af4a67261cb36115cd546b3d6573a3aae91b79675ec6a55d47f975696e9c7a5be1e6a7d2deec718be3bb799b5f4da91a8a34b7c65c1fea78bd2c74b15bbbd5b16b4d6904f49a2a925546b5156392ef23570b146a9856c48a8a8f913be5158c5e5c9d1c45bc343456cddbd6f6db6d1c1494949a8ee5053d3c11a471c31b6a6446b18d4c235a88888889d9110d10ea03a80d27d3b693a6b359a8a8a7d413d2a4565b2c4d46434f0b53836595acc7870338f16b530af56f16e111ef66675f2f372d477ab86a1bcd4fa45c2e9552d6d5cdc1acf12691eaf7bb8b511a9973957088889ee43ef64b50d4f5db9adaa5d479141ae4d38f73defb7b65d2f72dcb0bf2f6951b68468c1e65c5bfdfd0f88005ec8d2c4f41fedea2f84567dc347cce0e83fdbd45f08acfb868f9cfde533db6bdc8fd5967d23d5fc58001af8940000000000518f94615df84da2d17f47d06af1fafc4667ff008179ca47f28ed2f0b8682adca7e761b9458ff35d4ebf7cb9f93e696d0505d6a7ff00c2447ea9eab2f0fa94cc00747954000000000000001687e4f5998cde2bdc2ec23a4d373ab7f9aaa9bb7faffd455e265e90b5741a437f74d4b56e7369eed23ed0fe3e7ca76f1893ff007be1ff003103b516f2bad1ae69438f21bf86ff00c8c9b39285c41beb350c0072d972000000000000000000072da636bf40e8dbdde352e9bd314b4976bf554b5970adcba49a69647abdfebbd555ad572aaf06e1b9f71d483d215aad38ca10934a5c527b9f7f59f2e29b4dae0000799f400000000000000000000000000000000000000000000000000000000000000000000000000000000067475f5edce0f80d27da4c56e2c8f5f5edce0f80d27da4c56e3a8764fd876bee229d7beb13ef0779b37b37a9f7bf53d5693d275f6ba4aba4a07dc5efb8cb2471ac6d9238d5116363d796656f6c6308bdfe9e0c93fa7adecfc436b4add5ff00833f3e7a65ae4b6fa3fa6fa371e72c5273e5e1bf38f0b18c7efb39edde475595e46caa3b059ab8f353c71f1697c59e5455375173be8f496cfa71d82ea1f626feb0cda9748dc74a5c65475ced8dafaae4c76113d220cd3e1b2a22222a2aa3646a235ca8a8c7b2c96a77ea76582b974653dae6bdac4a942dba4d2454a922ae11d2ac6d73d5ad4cbb8b532ec71e4dcf24a7ff009483fc8d7fbc5ff4a3f2907f91aff78bfe94d27a9ecc6d46ad74af2e6d63cbdd9c4a9a52c75e27bfab3c705868de59d0873709bc78fe873da9fa1cea1f59dfebb54ea9d77a46e375b8cab354d4cd5d55c9eec61111129911ad44446b5a888d6b51111111110ac1aa74f56e91d4f77d277296092aecb5f516ea87c0e5746e92191d1b958aa88aad556ae1551171ee42e07e520ff235fef17fd295175bea4fc32d697fd5fe85e87f3e5d2aae5e8fe2789e0f8d2ba4e1cb09cb1cb19c26719c21b2b65e5b43cb953d6294614d25c9e4f27e1e6b7bb0445e2b5c2741b6fa78fe678a002e4601627a0ff6f517c22b3ee1a3e670741fedea2f84567dc347ce7ef299edb5ee47eacb3e91eafe2c000d7c4a00000000002967ca40d72b76f1dc5708b76455c76cff00827ffd2974cab3f283e9b92e3b5d65d490b5156cd774649f4a47346e6aaffedb234fe72d7b0f5a343682da52eb6bfc51925f36616a3172b59a5fbde67e800e972a2000000000000003d0d3d7cb8698bfdb752da246c75d69ac86ba95ee6a391b2c4f47b15517b2a726a7653cf07e4e319c5c64b299fa9e1e51af9b5db91a7f75b455bb5969eab8648eae26fa4c0c911cfa4a8e28af86444f273557dfe68a8a9d9514eb0cc1e9737f61d8bd6159537e8ae157a76ed4de0d5d3522b55cc99aa8b1ce8c72a2395a9c9aa994ecf55eea888695e99d4d62d6560a2d4fa66e50d7db2e3178b4f5112faaf6e55153e94545454545ee8a8a8b85439a76b7666aecf5db514dd197a32ffeadf5af9ade5b2caee3750dfe92e2bf33d300154338000000000000000000000000000000000000000000000000000000000000000000000000000000000000000000000000000000033a3afaf6e707c0693ed262b71647afaf6e707c0693ed262b71d43b27ec3b5f7114ebdf589f7800ea36f36cf5beeadea6d3da06c9f3a5c29e95d5b243e930c1c616bd8c577295ed6afad231308b9efe5d949dad5a95bd3756b49462b8b6f0977b663462e6f93159672e0f6b59e8cd4bb7da96b3486afb6fa05de83c3f48a7f1a3978738db237d68dce6ae58f6af655f3c799e29fb4ea42b4154a6d38b594d6f4d3e0d3e94c34e2f0f88001f67e00000589e83fdbd45f08acfb868f99c1d07fb7a8be1159f70d1f39fbca67b6d7b91fab2cfa47abf8b00035f12800000000008fba80d16baff0066f566998a95d51532dba4a8a48d88aae754c3f9d89adc77cabd8d4faf3824107bdadc4ecebc2e29fa5069aef4f27c4e0aa45c5f0662b83b2de6d3c9a537675869e8e9169a1a3bd56369e25f753acae745fccb1ab153f59c69d6d6f5a3734615a1c24935e2b25265170938be80003d4f90000000000000012cecc752bb93b3551476fb5dd9f5ba6a3aa49aaacf3b5ae8e462afe71237b915d0b95155515aa89cb0ae47774589818b79636fa8d176f7505383e86b3e3d8fa9ade8fba75274a5ca83c3359b6af7eb6cf77e8629b49ea1812e0f62ba5b5553db156c584f5b31e72e44fe133937eb24231768eb2aedf5515750554d4d5303d248a685eac7c6e4f2735c9dd153e942d3ed4f5f1aaf4b5ae92c1b8ba79da9a28646c6b748eabc2ac48797acaf6ab55b33d117b7766709c9d95571a6f5ef269716f9aba4be5c7f0bc292ee6f09fc9f793d6dabc65e6d7ddda5fb0717b67bc3b7bbbb6d92e3a1750455ab02356a695ed58ea2995d9c2491bbba792a22a65ab85c2a9da1ac6e2deb5ad4746bc5c64b8a6b0d783262328cd72a2f28000f13e8000000000000000000000000000000000000000000000000000000000000000000000000000000000000000000000033a3afaf6e707c0693ed262b71647afaf6e707c0693ed262b71d43b27ec3b5f7114ebdf589f782cffc9ebeda2f5fe8bd4ffcdd21580b3ff27afb68bd7fa2f53ff37487c6d87b0ae7ddfcd1fb61eb30ef3e2eacb6b373b51f503aaaf3a7b6e7545d2df51e83e0d5d15a2a27864e345035dc5ec62b570e6aa2e17b2a2a7b888bf123bd1fc90eb5fec0abfd99a49acfa99d91dbed4b59a4357eb6f40bbd0787e914ff0036d5cbc39c6d91beb47139ab963dabd957cf1e6789fbb33a6cfe523fd8f5ff00b0281a66d6ebf6d65468d1d3e52846114a5c99ef49249ee58deb7ee24eb595b4ea4a52aa936df4a33dbf123bd1fc90eb5fec0abfd99c8d750d6db2b6a2db72a39e92ae9257c1514f3c6b1c90c8d554731ed5c2b5c8a8a8a8bdd150d37fdd99d367f291fec7affd819d3ba77ab6ea3dced5fa86cd53e916fba5fae15b49370733c4864a87bd8ee2e447265ae45c2a22a7bd10b9ecd6bbaa6ad5670d42d1d15149a6d4965e7879c911f776d468453a53e57c0e5c005c0c12c4f41fedea2f84567dc347cce0e83fdbd45f08acfb868f9cfde533db6bdc8fd5967d23d5fc58001af89400000000000000a43f2816d5be1b85a776ecf6d5f0aa19f375e648a3ecd91b8f0259153f84d558f92ff0236fbd0a6a6baef1eddb37636d2f9b7efb82d0add618d23a8e1c9239639592b1553dede51b517ea55325ef766b9e9cbc56d82f348fa6afb754494b530bfce3918e56b93fa50dff00e4e35957fa67d8ea4bcfa4f1dbc87e8bf0795d892eb2b1aad0e6eb738b84bea7c40036191600000000000000000000001f6da2f579d3f5f1dd6c176adb6d6c3de3a9a39df0cacfd4f62a2a7f3293fed475bdba7a225a6b6eb19d35659d8e6b645ab5ff000e8e3cf7564fe6f7632bf9ce4abf4a15cc11da8e9163ab53e6ef2929aed5bd773e2bc19eb4abd4a0f34de0d52d01d506c9ee1d136a2835b505aaab9318ea1bc4cca3a847bbc9ad47bb8c8bdbff0046e72276cf9a12ab5cd7b51ec7239ae4ca2a2e5150c58262da2eaa775b69a4a5a182f125eac34e891fcd3707abe36c689846c522a2be244f723578fd2d53576b1e4bdc62ea697532ff000cbe8a4bf35dec99a1ac6fc565e2bf43518158b6cbaf4db9d5d5b25bb5cda25d1d239cd4a79a4a95aca7933e7ce46c6d58d7cbcdbc7e972165a82be86e94505cad959055d25546d9a09e0911f1cb1b932d735c9d9c8a8a8a8a86b2d4f46bfd1ea7377d49c1f6ef4fb9aca7e0c97a3714ebacd3793f7001187b0000000000000000000000000000000000000000000000000000000000000000000000000000000000000067475f5edce0f80d27da4c56e2c8f5f5edce0f80d27da4c56e3a8764fd876bee229d7beb13ef058be85b54e98d23bb777b96acd476bb2d249a72a206545c6b23a68dd22d4d32a311d22a22b951ae5c79e1abf415d093fa7ad09b63b83ad2b6cbbafacbf06ad10dae4aa86afe71a7a3e75292c4d6c7ce76b9ab963e45e2899f573e48a646d0d1a571a5d6a75db5071dfc9597e0ba4f9b594a35a2e3c7b4fbbab2be59751f503aaaf3a7aef4574b7d47a0f83574550c9e1938d140d7717b155ab87355170bd95153dc4445d4fdcc7d17ff00f484ff007b2d3fb229598bb35a8dadd5a46d6d54f146308e65171ceec27bfbb7f51f7774a709b9cf1e736f73c80016331000002c4f41fedea2f84567dc347cce0e83fdbd45f08acfb868f9cfde533db6bdc8fd5967d23d5fc58001af89400000000000000149baf1d91bbcf738378f4cda617d04746da6be253c6d6c8c91af54654bf1de4e4d7b58aec2ab5236e7b795d93f0afa1a2ba50d45b6e34b154d255c4f8278656a399246e454735c8be68a8aa8a84ce81ad55d02fa17949671b9aeb8be2bf35db831ee6de3734dd3662f025aea4362ee9b23ae66a28e27cba76e72495167aac2aa7859cf80e55ffd2479445fa530eedcb09129d3f637b4351b785d5bcb3092ca7fbe95c1ae8653ea539529384f8a000328f8000000000000000000000000000075ba2f76772b6f2585fa335bdded7143278c94b15539699cef7abe076637f9fef9aa7240f2ad4295cc1d3ad1528be86935f067d465283cc5e1979f67bafab256d3b2d3bcd44b6eab4761b75b7d339f4ef6e13bc91355cf6bbcfbb11c8bf434b45a2f5f68ddc4b432fba2b51d15de8de88aafa77fad1aaa651b23170f8ddff85c88bf518ec7b9a335beaadbdbfd3ea7d1d7a9ed971a6cf0963c2a391530ad735c8ad7b57e8722a1ae75af26b6379caaba7c9d29be8e30f8715e0da5d44adbead529e2355657ccd8c0532db2f941e9a6752dab75f4afa3aafa92ddad6e57333db0e753af744f35556bd7ea6fb8b8166bdd9f51db20bcd82e94b71a0aa6f386a69666cb1c89f539aaa8a6a1d5f67f50d0a6a37b4f929f07c53ee6be8f0fb09ca1754ae5669b3ed0010c640000000000000000000000000000000000000000000000000000000000000000000000000000067475f5edce0f80d27da4c56e2c8f5f5edce0f80d27da4c56e3a8764fd876bee229d7beb13ef07a9a7b4b6a7d5d5afb6e93d3974bd55c712cefa7b751c9532363454457ab6345546a2b9a99f2cb93e93cb277e8df733446d56e75cf50ebebdfcd76fa8b0cd451cde8d34fca675453bd1bc62639c9eac6f5caa63b79f7424755baaf656552e2da9f2e71595159797d5bb79e54611a951466f09f491efe2477a3f921d6bfd8157fb31f891de8fe4875aff6055feccd09fdd99d367f291fec7aff00d81ed690ea5f6635f5ea2d3da3353d6de2e12f15f0696c5707786c57b59e248ef038c71a39ed457bd51adca6550d6f536df6868c1d4a9a74925c5b8cd25e3825969d6b2785557c519b9f891de8fe4875aff6055fecce46ba86b6d95b516db951cf4957492be0a8a79e358e48646aaa398f6ae15ae45454545ee8a86d0990bbc35d4573ddbd6f72b6d641574957a8ee53d3d44122491cd1baa6456bd8e4ca39aa8a8a8a9d95149bd8fdafafb4b5aad3ab4945412794dbe2fb4c6beb18da4538bce4e44005f48d2c4f41fedea2f84567dc347cce0e83fdbd45f08acfb868f9cfde533db6bdc8fd5967d23d5fc58001af894000000000000000000393dd1db4d37bb5a32bb45ea78334f5488e8676b5165a599bdd92c6abe4e45fe9457357b3950cbaddeda0d5db2faadfa5f55d3b3f3ac59e8aae2723a2aba7e6e6a48dc2aab572d5cb1d87276ca6151575c4e3775369345ef1e9b7699d6742f9226bbc4a6aa81c8ca9a593f8713d51511553b2a2a2a2fbd17b175d90daeabb3b5799ade75093deba53fc4bf35d3de47df58aba8f2a3ba48c890489bd1b1bad364750ada7525378f4150e72dbee70b57c0ab627d1fc17a27e9317ba7d68a8ab1d9d0b6b7546f68c6e2de4a5096f4d7eff00f055a70953938c961a000320f9000000000000000000000000000000001d5683dd3dc1db2af657e88d5770b6719525929e399569a772263f3b0afa9276554f59171eec2e14e541e55a852b983a55a2a517c53594fc19f519383cc5e19a17b35d71e81d57698e8b74eae9f4c5f9b2b6147b6295f47528a898911e88ef07be728f5c2611792e5512ce22a3911cd54545ee8a9ef31609d7643abadc4da36d3d8ae0ff00c22d351b9adf41ab7af8b4d1fbd29e5f367f9ae4737b7646e726a8da3f26d09a771a3bc3e2e0deefed7d1dcde3b57026ad3566bcdaff001fd4d33001a649f00000000000000000000000000000000000000000000000000000000000000000000000033a3afaf6e707c0693ed262b71647afaf6e707c0693ed262b71d43b27ec3b5f7114ebdf589f783edb358ef5a8ee50d9b4f5a2b6e970a8e5e0d25153be79a4e2d573b8b188ae5c35aaab84ec88abee3e22cffc9ebeda2f5fe8bd4ffcdd219bad6a0f4ad3eadec63ca7059c703cede973d5634dbe274fb27d055ceaaa1b7cdf097d0a959c5f0d9282adae9a473655e49512b115ad8d58df289cae54933ce356e165dd5fd4074f5d345965d15a32868aaae149c99f33589ad5c54318e8f35751ddad93940d648ae57ce996b958ef327eaea1a2b9d1545b6e547055d255c4f82a29e78d248e58dc8a8e63daeca39aa8aa8a8bd9514e47f123b2ff00c90e8afec0a4fd99a06b6d37f19b8e775c739c170a707c98fcdb7f9ff51668d9fd9e3c9b7c27d6f7b33a77b3a9cdc6deca8751dc6abe66d3ede4c8ecd4133db0cacf151ec5a8555fcfc8de31f75446a2b39358c557662235cff123b2ff00c90e8afec0a4fd99975bc343456cddbd6f6db6d1c1494949a8ee5053d3c11a471c31b6a6446b18d4c235a88888889d9110db1b1bb4561aa295969f6fcd469ace3774bc7c7b590b7f6b568e2a559729b3910017a234b13d07fb7a8be1159f70d1f3383a0ff6f517c22b3ee1a3e73f794cf6daf723f5659f48f57f160006be25000000000000000000000003c8d57a474d6b8b1d469bd5b65a5ba5b6a93124150ce499f739abe6d7267b39151517ba2a19fdbf5d1aeb5dbfba55de76eed75da834ab21f4973dab1baa68fd65458dd1a2f3951130bcdadf255ca261557460162d9fda7bed9da8e56ef307c62f387dbd8fb7e39312eace9dd2c4b8f598ae0d0cde7e873436b6f4bbfeddccdd337c957c44a644ff00c9d33bbe731a272895571dd8bc531fa0b9c944f5de82d55b6da96ab49eb1b53e86e34aa8ae6aaa398f62a65af6393b39aa9ef4fd4b854544dfda0ed469fb431ff76962696f8bdd25faaed5e382b3736756d5f9eb7759cf800b118a0000000000000000000000000000000000006d4000e3d2f600000000000000000000000000000000000000000000000000000000000000000000000067475f5edce0f80d27da4c56e2c8f5f5edce0f80d27da4c56e3a8764fd876bee229d7beb13ef001387485b3d45bb5ba71adfa19df64d37132eb56df454960a991b2b122a5955c8ac6b645e4e56aa2abd9148d444eee6ca6a37f4b4cb5a9795fd182cbfd3c5ee3c69539569aa71e2cf176afa63ddeddea2a6bd699b1414b64a996585b76b8d4361a7e51a2e551a9995ede49c393237379e515538bb8c855df27eef6d251545553de748d6cb0c4f9194d0574e924ce445546316481ac47397b272735b95eea89dcb4dbd9d57edceca5c9da6ab60adbdea0f4574fe8341c3853bd5a8b132a247393c2e7945f55af7237d656e1cce51159be51bb2cf72862d43b535b456f772f1a7a2bb32aa667aabc78c4f8a26bb2ec22e5edc22aaf7c61759c36836c7548fdb2c2d54693de93c65afee9272ef8a59e844bbb5b0a2f9ba93f3bf7d453fd77b7facb6cefefd2fae6c33daae4c8993a45239af6be37a7aaf63d8aac7b728a996aaa239ae6af76aa273c6a5dea936e7abbd949a9ecd76c515cb8be0a95818faab4d7c787235f1bb3c246e78bd11c9ca391dc5fc6447ae5dd750d6db2b6a2db72a39e92ae9257c1514f3c6b1c90c8d554731ed5c2b5c8a8a8a8bdd150b7ecb6d1cb5da75295cd3e6ebd2789c77fc56786f4d632dac71de8c1bcb456cd383cc5f067e0002d4611627a0ff006f517c22b3ee1a3e670741fedea2f84567dc347ce7ef299edb5ee47eacb3e91eafe2c000d7c4a00000000000000000000000000003e1be586cba9ad73d9350daa92e54154de13535544d9237a7d6d5edfcfee3ee07ec6528494a2f0d1f8d27b9945f79fa0abcdb64f9e365a796ed04b2a23ecf593c51cd03573eb3267b9ad7b53b261d8727d2eee556d57a4b52687bed4e99d5b67a8b65ce915125a79d132994ca2a2a651cd54ee8a8aa8bee53644e5b70b6c343ee8d9a4b26b5d3f4d5f1398e6c53398893d32aa7e9c5263931defedd97de8a9d8d99a1f94abcb3e4d1d4a3ce43f12dd3fd25f04fb488b9d269cf32a4f0faba0c8005d2dd0f93e594b6c4aeda1d4957595717f8cb7dea58d1664efde3998c6b51de49c5cdc2e55792630b5175668ed4fa12f73e9cd5f64a9b5dc69f1ce09db85c2a6515153b39abee545545fa4db5a46d169dae473675136b8c5ee92f07bf1dbc084af6b56d9ff317e878e0026cc700000000000000000000000000036a00071e97b00000000000000000000000000000000000000000000000000000000000000000000000033a3afaf6e707c0693ed262b71647afaf6e707c0693ed262b71d43b27ec3b5f7114ebdf589f782ea7c9bfe7b87ffe53ff00f2ca564add336efc5b2fba747a8ebe9e092d5718be69ba49273e54f4b2cb1b9d3b3822aab98b1b5dc78bb9351cd4c2b91c9f9b59a7d5d5346af6b41666d26975f264a58f1c6059558d1b88ce5c3f5dc7c5d48d1dfe877e35cc3a95f3baadd799e68d669d2577a2c8bce9511c8ab86a40e891adcfaadc37098c246c6ac6bad9fd94ea1edb4ba86ed4b457bff059a9282f76aaef5d8c572a2f096272b25e122395ad7a3dad773f57d6722c7b66e813632d77286babaaf545de08b972a2adb846d865cb551392c11472261551c9c5e9dd13394ca2d474bf28da65bd9428ddc250a908a8b496ecc56376fddc383c6387699d5b4aad2a8e5069a6723f273d1dfd9a635a57d4be75b24d5f490d1b567458d2a991bd6a15b1e7d577092972ec272446a6578612a66f77b67d7dfe945d7fe6e4342777374f4074bfb5df31e9286cb4f74a2a58e1b169e59d51eff11ee4f19ec6e6458d15b2c8e91ca9e239ae6ac88f7a2998265ec6caaeaba8de6bae1c8a7539318a7d292e3f04b3d0db787b8f8bf51a34a9db672d71000362914589e83fdbd45f08acfb868f99c1d07fb7a8be1159f70d1f39fbca67b6d7b91fab2cfa47abf8b00035f1280000000000000000000000000000000000000f9ae56cb75e6df5169bbd0c15b45571ba1a8a79e34923958e4c2b5cd5eca8a9ee53e907ea6e2f2b89f9c4aa5bbbd05690d48ab74daab847a6abbd657d0d4ac92d1caab8c717655f0fbfc91e9e488d4c1573747a5fde0da764b5b7cd3c971b542ce6fba5a95d514cc4c6555feab5f1a2792abd8d4fa154d503fcc91b2563a2958d7b1e8ad735c994545f34542f3a47942d5f4de4d3acf9d82e8971c7bdc7e3923abe9742ae5c7cd7d9fa18b20d35dc6e8d365370ebdb756db2af4dd5faeb2bac6e8e08e755c615f1b98e665172b96a35572b955ed8a93bbbd196e96dc7a6de2c74ecd4d60a7e72fa451ffda218532b99615ef9444eeace49db3d8dada3edd691ab354f97cdcdf44b76fea4f83fabea216be9d5e86fc657610001e5d94172300000000000000000000da8001c7a5ec000000000000000000000000000000000000000000000000000000000000000000000000ce8ebebdb9c1f01a4fb498adc591ebebdb9c1f01a4fb498adc750ec9fb0ed7dc453af7d627de003b5d97dbcfc6aee8e9ed04faaf4782e954be93223f83db4d1b1d2cdc178b9124f0e37a332d54e5c7384ca93771714ed68cebd5788c536fb92cb31e1173928c78b3bbe9c6c1d4e5de65abd8eb9dd282d7495e91d5cf256323b6473cac4639f2432aac73b9b1f157718e47b51235c67866c5def6f3afb96cb5f17e38f4c5573a595be050b63a7a9972c5f52297d0e3f0e45f26bf9b38aaa2f26e3292bebadceda1e96f46d9acb59473d050a44f86d169b652ba59276c6e678aa8e72a33922cc8f73a5911cf5572e5ce55cc1d66f946ecb3dca18b50ed4d6d15bddcbc69e8aeccaa999eaaf1e313e289aecbb08b97b708aabdf185d3756ff0059da3ab2d474fd3e9ca927b9ce10726976c9a6de73e8f07bb7bde4f469dbda254aad569f6378f97e654cdd4d35b97a5b5954d0eed43746ea29a28a7966b8d57a5493c6ad46b1e93f2724ad446f0ca3951158adecad544e44d4bdd3dbdd01d50ed3475765aaa2b8493d2c959a6eeec7ab3c0a956e111cee2ae6c6af6a3268d5aaa9c572d4918d56e5a17fd92da25af5b4a33a7cdd5a588ce38c25c7185c52dcd61ef4d35da465edafd9a69a798be0c000b5984589e83fdbd45f08acfb868f99c1d07fb7a8be1159f70d1f39fbca67b6d7b91fab2cfa47abf8b00035f12800000000000000000000000000000000000000000000000001c36e8ecaedd6f0d04747ae2c2da9969dae6d35642f58aa69f3e7c1e9eeec9eab915bf514bf72fa0cdc9d30db9de343dc68751dae997c4a6a4473d9727c6aefd1e1c3c37b9a8bdd51e8aec2e1b95469a120b2e89b59a9e85e65bcf30fc32debc3ab3d98312e2ca8dcef9adfd68c5eaea1aeb6564d6fb951cf49554ef58e68278d639237279b5cd5c2a2fd4a7e06b3ee7ec26d66efac751adb4d36a2ba089f1415d4f33e0a88d1d8fdf31511f8c22a23d1c89df09dd739f9bf7d326b7d94afa8b92d33ee7a55f3ab692e917ade1b55d8632a11113c37f744ce38b97c973d93746ceedc586bd25425fcbabf85b586ff00a5f4f7349f567895fbad3aadb79cb7c7f7c486c005d48f00000000036a00071e97b00000000000000000000000000000000000000000000000000000000000000000000000033a3afaf6e707c0693ed262b71647afaf6e707c0693ed262b71d43b27ec3b5f7114ebdf589f782cc7c9fb434557bdb709eaa8e09a5a2d39553d33e48d1ce86459e9e357b157f45dc247b729df8bdc9e4aa5672cff00c9ebeda2f5fe8bd4ff00cdd21f1b5edad0aeb1f859fb63eb30ef397eb6ef372ba75117da1aea9f160b452d0d15137835be142ea664eadca222bbf393caecae57d6c6708889041b017adacdb1d47729af3a876e74bdd2e151c7c6abadb453cf349c5a8d6f27bd8ae5c35a88995ec8889ee3e2fc48ecbff243a2bfb0293f666bfd2bca459e9d6346d3ecf2cc2318bc3586d249bf17bc93ada4d4ab5253e52decadbf2725e6e53d975ce9e96a795be8aaa82b6087835384d3b2664aee58e4bc9b4f0a615709c7b226573533782868ad9bb7adadb6da38292929351dca0a7a782348e38a36d4c8d6b18d4c235a88888889d9110d60d37a2345e8df48fc10d2164b1fa670f48f9b6df15378dc33c79f86d4e58e4ec67cb92fd26536f77b68d7dfe945d7fe6e424762f54a7ac6bd7b7b463c88ce3178ed584deeeb797e2796a145d0b6a74e4f2d367140036990c589e83fdbd45f08acfb868f99c1d07fb7a8be1159f70d1f39fbca67b6d7b91fab2cfa47abf8b00035f1280000000000000000000000000000000000000000000000000000000fce7820aa824a5aa8639a1998b1c91c8d4735ed54c2a2a2f65454f71fa009e37a0509eaaba46aad273d7ee4ed7db22fc1b8e249ee16d89ee74b46fe4ef124899c71e02271554e4aadcbbb2313d5a9a6d33d8c958e8e4635ec7a2b5cd72651517cd150cc7eabf6426da1dc5a8aab4d0bd9a66faf755db5ed8f1140e72aabe9b3e48ac5fd14fe02b7cf0a6f1d81daea9a8ffc32fa599a5e6c9f1925c53eb6b8e7a567ab7d7753b154bf9d4f874f6108800da243000006d4000e3d2f60000000000000000000000000000000000000000000f9ae573b6d9a826ba5e2e14d43454cc57cd53532b628a26fd2e7b9511a9f5aa9fa9393c2e27e703e907cb6cba5b2f76f82ed66b8d357d0d5312482a69a56cb14ac5f2735cd55454fad0fa84a2e2dc64b0d0e20007e1fa00000000000000000067475f4a8bbe70a27bac5489ffee4c56e2c275d558da9dfeac85ae455a4b651c2a9f42ab15f8fff005a7f495ecea3d958b8e896a9fe08fd0a75ebcdc4fbd80013e6280000000000000589e8391577ea3faad159f70d1f33a3a068964df499e8d55f0ac556f5fabf39127ff1345ce7ef296f3adff647f32cfa47abf8b00035f12800000000000000000001f3dc2e36fb4514d73bad7d3d151d331649aa2a256c71c6d4f3739ce54444fad4ad5bebd6de93d06aeb06d9fa0ea9bbbe247ad74750925be9957384e4c5ccceed956b5511329eb672d24f4bd1ef759aca8d9d3727d7d0bbdf0478d6af4e8479551e0b38e7b1aad6b9c88af5c35157cd719c27f322ff0041fd326aedd41ef25f7565b35b5d75e57cf76b349e2d0bf8c6c8a077156aab616b522f59aaad77abeb22aa2e50d25d8cddab66f3eddd06b1a26b61abff00b2dca99bff00abd5b1115ed4ff00c2bc9ae6ff00e17267be49dda2d8cbcd9db7a771564a7196e7c9ce22fa16fe29ae0f0b7eec70ce35adfd3ba938c561fd49000053ccf0000000000000000000000000000419d6a69da6bef4f97eaa929167a9b3cd4970a554f38dc93b237bbf578524b9273394dd8b4c37ddafd5b679e347b2aec95b1e3ff12c2ee2bfad170bfcc4968d72ecf51a170beece2fc1359f8a3c6bc39ca528f5a6641000eb029400001b500038f4bd80000000000000000000000000000000000000739ae371b43edbdadd77d6fa9e82d307173a36cf2a24b363cd228d3d791ddfc9a8aa51dde7eb9b5cea4bc3e87696ae6d39628e3744b34b4f13eaea9cb9457aab91c912631c519eb22a2aabbba236c5a16cbea3b413c5b4710e994b2a3f1c3cbec59edc18973794ad579ef7f52e2599df5eaaf426cb312db0245a8b517888c7da69aa9235819855574d2235e91fbb0d54572e53b632a943b7a77fb5d6f6dee4acbed6c9476863d1d476682555a6a7444c22af9788ff003557b933955c714c3523691ef95ee9657b9ef7aab9ce72e55557cd554ff26f3d9fd8dd3b404aa4572eafe37f92e0bebda576eafeadcee7ba3d45d4e80f786be79ab365eeeac7d34104d74b54ef9b0e661ecf1299ad54f59179ba54c2f6c49d973daea18d7a63535f746dfe8754699b8c94374b6ca93d3543111558e4fa95151c8a8aa8a8a8a8a8aa8a8a8a6ac6c86e851ef06dada35b40904555511ac35f4d1c88ef47aa8d55b235511555a8b847b517bf07b17de6b7f28fb3cecaebf8a505fcba8f12c744faff00bb8f7e73c77cae9575ce43999715f4ff0043bc001ac8980000000000000000795aab51dbf4869aba6a8bacac8e92d5492d5caae723515ac6aae32bef5c613e95543ea109549284165bdc8fc6d2596660f54d7d66a2ea075ad7b17d586e0943e79ef4f1b205ff005c6a4547d777bad6df6ed5b7bb94be2d5dc2a24aaa87e31ca491cae72e3eb5553e43ad6c2dbec5694ad97dc8c63f049148ab3e726e7d6f2093fa7ad93fc7ceb4add21f84df31fa1dae4b97a47a17a4f2e12c51f0e3e23319f1739cfef718efda303bcd9bde4d4fb21a9eab56693a0b5d5d5d5d03edcf65c629248d237491c8aa891bd8bcb3137be71855edf4796ab1bc95954560f1571e6b78e3e29af8a3ea8ba6aa2e77d1e92cc7e4dfff002cbfeeeffd50fc9bff00e597fdddff00aa38afca15bd1fc58d15fd4aaffbc8fca15bd1fc58d15fd4aaff00bc9aebecbb7fff005a3f0a7ffe095e5e99f85fcff5390df8e9375d6c8d17e1225741a874d2cad85d70a685d1494ce72370b510aabbc36b9eae635c8f7b5551a8e56b9ed6ac1e69f74e9beb6dea3f45dde9effa7a8a9ae16fe14376b77ad3d354c33458f138bd9c52391cd9dbe12b9ead467acabc915736f5be9bfc0dd697fd21e9be99f31dd2aadbe91e1f87e37832ba3e7c72bc73c738cae338ca961d93d72fef6a56d37568e2e28e32d7de4fa776eeae1b9a6b0b898b7b6f4e9a8d5a0fcd91e2800ba11e5a9f93c68564dd4d4372c7ab4fa7df0fea592a2154fb352ff94b7e4e5b3b923d73a8248978b96868e27e3b653c67c89feb8cba47397942acaaebf552fbaa2bfca9fe65af4b8f26da3db9fa80014a2400000000000072faeb73f406da50fa7eb8d576fb4b5d1ba58a19a64f1e746e117c28932f9151553f45171943d28d1a971354a8c5ca4f824b2df823e652515993c23a8218df3ea9f40ec93d6cf511cb7bd44e8d2565ae95e8c48dab9c2cd2aa2a479c2f6c39de4bc70a8a556de4eb8370f585755da76e6a1da62c3c9f147344d45aea98f3847ba4545f055530a891e1cdce39b8ad53cf3d54f254d4cd24d34ae57c9248e5739ee55caaaaaf75555f79b5f67bc9ad49b8dc6b0f11fc09effee7d1dcb2fb510b75ab25e6d0f8fe84b1bd7d4cee36f54f3515cab3e6ad3ab27386cd48f5f0b08ecb3c67e11667261172b86e532d6b4890036ed958db69d455bdac1420ba17ef7bed7bd90752a4eacb953796096ba75ea02f1b0faa26ad4a592e362b9b5b1dca8125e0aec2fab346aa8a892372bd97b39155155328e48940beb2a1a8dbcad6e63ca84961afdf4f5314ea4a9494e0f0d1b474b554d5d4d0d6d154473d3d446d96296372399231c996b9aa9d95151515150fd4a07d1df53351a4aef16db6e3ea78a1d2d253ba3b5d456716b682a39f2463a55c7189c8af4f59551aa8cc714c97e619a1a9863a8a79592c52b51f1c8c7239af6aa6515153b2a2a7bce64da1d02e367aeddb56df17be32e86bf5eb5d0fb3796fb5b985d43971f147fb0010464800000000000000000000000e6773ae715976db55dde75f528ac95d3af7c678c0f5c7f3e0e9883facdd4f4ba77a7fd4348b738e96b6f0b4f43491ab939cfca78d6563517cff00329267e84fe624747b577ba850b75f7a715f16b3f0478d79f374a52ea4ccc7001d62528000036a00071e97b000000000000000000000000000001116edf547b4fb433555a2ef777dc6ff004f1248969a08dd249972aa223e4c7871af6caa39dc9115178ae53395656373a8d5542d29b9cba92cf8bea5daf71e752a429479537844b353534d474f255d654470410b16492591e8d631a899572aaf64444f7a954f787af2d3ba52e751a7b6c6cf4ba9658e1545bb4952e652453e5538b588ccced444cf247b5173d957ccaafbb9d45ee6eefdc6b92ef7faca2b1d4bd522b252cee652b2247a398d91adc24ce4546af37a2ae5329c7b2245e6e2d9ff0026b46862beaef972fc09bc2ef6b0dbec5bbbc82bad5a52f3686e5d67afaab576a6d6f799b50eadbe55dd6e350bebcf532725c7b9ad4f26b53dcd44444f721e4006d4a74e14a2a14d249704b7244336e4f2c000fa3f013274c5bf15fb29ae23f4b7f8ba6ef72c54d7685ef723616f2444a96e11579468ae5c227ac996f65545486c1897f634352b69da5cc73092c3fd7bd715da7dd2a92a335387146d151d5d2dc2921afa1a98aa29aa636cb0cd13d1cc918e4cb5cd54eca8a8a8a8a87ec673f4a3d4fcfb5b795d2db877eaf97475440ac83935f5096d991c8ad731a99736254e68e63117baa2a279e741f4eea2b1eadb251ea3d357482e36caf8fc5a7a981d9648dce17f52a2a2a2a2f745454544545439ab68f66aeb676e1d3aab954dfa33c3c3ecefeb5f916db4bb85d4731e3d28f4400574cb000000000056eebaf70ed9a6b67e4d10e557dcf564d1450b1927158a08258e592454c774cb591e3b67c455f72a1376bddc4d1bb63607ea5d717c86d940d7a46d739ae7be5917c98c63515cf779ae1117088aab8445532bf78b732efbb3b8377d5f72adab969ea2a646dba0a87e7d128d1ebe1428d45e2dc355338f372b97baaaa97fd81d9da9a9ea11bda89aa549a9677ef92de927d8f7bf874919a9dd2a349d35c65f438a001d0655c1d46de6d9eb7dd5bd4da7b40d93e74b853d2bab6487d261838c2d7b18aee52bdad5f5a46261173dfcbb29cb931f4b3bc9a63643706e1ab356505d2ae92aecd2db98cb7451c92248e9e091155247b138e22777ce72a9dbe88fd56b5d5bd954ab650e5d54bcd4fa5fc57d4f5a3184aa2551e1749fbfee33ea4ff937ff006c507edc7ee33ea4ff00937ff6c507edcb3ff942b65ff8b1ad7fa9527f791f942b65ff008b1ad7fa9527f7935d7fea1db5ff00b18ff865ff00f4257ecba7ff00d47f15fa1d0f487b057fd91d3178aad6134097bd452d3492d353d424b1d341146aac63978a7e751f34c8fe2e7b15119c57cd573db71750d16aedc1d4faaedb14f1d25eaf35b71a764ed46c8d8e69df2351e8d5544722393288aa99f7a96137fbadbaddc8b05c742681d3d3da2c9738920aaafac995b5d346ab1b9cc6b2277089ab89237a2ba547b1ff00bdcaa15689cd91d2b51a75ee356d59726b56c79aba125d8df624b8ac6fdef7635f56a4e31a143d18800179238d1ce8374e2d9b62db767f775faed5558d5c7ef19c6044ff00da85ebfce58c229e95b4fd7698e9fb465aee2ce13be8a4ade3ef4654cf24eccfd7c25692b1cafb4771f6ad5ee6ae729ce58ee4da5f248b9da4791420bb100010a64000000f8eef78b4d82db3de2f972a5b7d0d2b39cf53532b638e36fd2e7395110863a84eaa74bec9b67d394b415372d572d378b4b4afa77b29a247a2f096491708f66517b46aaaaad56aab57ba67dee26ef6e36ea573ab75bea9adaf8fc4f122a3f11594b02f97e6e14f51bdbb67195f7aa979d9cd84bed722ae2abe6e93e0dadf25fd2babb5eeeac91b77a953b67c88ef9169b777afd646b75d39b4d6172bdaab0d36a0aa95aadca3b0e923a6562f245445e2af7279a2ab3dc53ad45a97506adbb4f7ed4f78abba5c2a5732d4554ab23ddf42657c913dc89d93dc79a0ddfa36cf69fa14393674f0df193df27dedfd1617615eaf7556e5e6a3fd00009a31c00000000016aba68eb219b7166b6edbee05b24a9b1534ae8e9aeb148ab35144e72bb8be3c2acac473bb2a2a2b5bd911d8442aa823357d1ed35bb676b791cc78ae869f5a7d7f2eb4cf6a15e76f3e5d37bcda68a58a78993c123648e46a3d8f62a2b5cd54ca2a2a79a1fe8cbed89ea835cecddda18aaeb2bafda6bc14a67da2a6b1eac819c9151f4fcb291393bf644e2e472a2a670e4bfdb5fbf9b5bbbd1233476a48df5e91a3e5b6d53561ab8fb657d477e9a27bdcc57353e939f768763b50d024e4d72e97e34b72f797ddf1ddd4cb3dadfd2b958e12ea243001523380000000000000001e5ea7d51a7f45d86b353ea9bac16eb5d03124a8a999578b1155113b265555555111111555551111554fa8425524a10596f724b8b7d87e3692cb3d3739ac6abdee46b5a995555c2227d2661f55bbdd51bc3b892d3d1398db069c967a0b6a453788ca8c48a8eaa45c27f8c46b1513dcd46f9f755ed3aa7eac6ab70eb93486d6dfeba9b4ac70ab6b2a626494d25c6477247357387f81c55138391bc955dc91511a560378ec1ec7d4d33fe257cb151af362f8c53e2df6b5d1d0bbcaeea57cab7f269f0e97d60006cf21c000036a00071e97b000000000000000000000001e1eb3d6da576fac13ea7d637aa7b5db69f08e9a655f59cb9c318d4cb9ee5c2e1ad4555c2f63dc39ddc1d0d63dc8d1d74d19a869d92525ca9dd123dcc473a0931ea4accf93d8ec3917e943ded55175a0ae73c8cae5638e3a71da7ccf95c97c8e2524de8ebaf51eb0b6d7e95db8b3c9a7a8e695f17cede96e5ac9a0477aaac46a3520572277eef5445c22a79955a49249a474b2bdcf7bd55ce73972ae55f3555f7a9e96a9d3b70d21a9aeba56ecd6a56d9eb66a19f8fe8abe37ab55517de8aa9945f7a2a1e59d4ba3e9361a4dba869f04a32df9e2df6b6f7bfa7514daf5ead7966abde0004b1e00000000000000025cd90ea5f703646a59496d992eba79f273a8b3d548a91ae57d6744fc2ac2f5efdd115aabdd5ae223062ded8db6a345dbdd414e0fa1fef73ed5bcfba75274a5ca83c334ab6abad1da4dc38d292ff589a3eea9c5160b9cedf479157feeea308d5c76fd3462f7ec8bdc9e28ab68ae34b1d75beae1aaa6993947343223d8f4fa51c9d94c5d3d8b16b1d5da5ddcb4ceaabc5a1d9ce686ba5a75cfd3ea390d69a9f92eb5ad273b0aae9ff4c9729783ca7f1c92f47589c562ac73f236401919f8eede8fe57b5aff006fd5fed0fe3b7b3799ed56bb7735a2b5530a8b7fabc2a7fef087ff0065579ff711f833dff8d53fc2cd67bb5eecb60a4757df6ef456ea66fe94d5750c8634fd6e72a215ef733aeadaad18e968347c13eb0b844fe0ef4693d1e8d30b877e7dcd5e5f4a2b18e6aff093cccf5badf2f57e9d2aaf978adb8cc99c495750f99c99f3eee5553e22774cf25f656f253bfaaea762f3578ef6df8346356d62a49629ac7cc90f79f7cb5aef85f61bb6aa9618a9687c46dbe829db886958fc72c2af7739dc5b972af7c2630888891e006c9b5b5a3654636f6f151847825c17efe644ce72a927293cb60007b9f20fb6c766b96a3bd5bf4f59a9bd22e174aa8a8a921e6d6789348f4631bc9ca8d4cb9c89955444f7a9f116cfe4f2d1b4575d75a975b552c124ba7e821a4a68a4a747b9b25539f9998f55f51cd640f6764cab6672651328e89d77545a2e9d56f9acf216e5d6db492f8b47bdb51fb4558d3eb242dabe80b475a68a9ae1bb7739ef7756cb2acb416eaa7456f58d515ac6abf83277b93f4f923a34ce1b8546aabe42aee8afa72aba2a8a5a7d0d3d14b344f8d95305dab16485ca8a88f62492b98ae6af74e4d73729dd153b100f545d5cebfa7d7f78dbfdb2bf7ccd68b378d6bacaba7893d26aea71c66c3e467287c37f28dab1e172d73d1ea8ace30459ba86df3b0dca1bad0eec6a896783971656dca4ac8579355abca19d5f1bbb2ae393570b854c2a229ae28685b59ac5257f52f5d37359515292493de9351dcbe6f1c77ee25657365425cd2a79c74e17e649fd47f47973da1b6d5ebbd2177f9d34952fa3b27656cad4afa57c8ef0d55dc5ad64b1f88ac4456e1c9e2a22b151aaf5adc698f4b7bd5fba076e6e56bd6d49455579b4f1b7de2258330d7534ac5464cf8d5be1a7888d958f8d155331b970d6bdad4ce8d6fa6ff0375a5ff487a6fa67cc774aab6fa4787e1f8de0cae8f9f1caf1cf1ce32b8ce32a59f64757bfaf52be95aaff00cfa2d6ff00c517c1fd1e7765496eca6625f50a7151ad47d197c99e29d1edce8ea9dc1d7761d154922c6fbcd7454ae951bc9628dcef5e4c7bf8b393b1f51ce1693e4fbd252dd3752edab2a2d2d9e8ec9687c71d53d117c0ac9a46359c73df92c4da84ca7922ae7194ccfebda87f0ad36b5e2e318bc77bdcbe6d18b6d4b9ead1a7d6cbfd45474d6ea382df4712454f4b13618989e4d635111a9fcc8887ec01ca8db6f2cb980003f400002bc759fb294bb8fb793eb6a29a3a6bce8ea4a8ae47399daa68dade72c4ab9eca88d57b57bf7454c7af94cde3692a29e0ab824a5aa8639a1998b1c91c8d4735ed54c2b5517b2a2a765453347abad8d6ed06bf4b958e9d9169ad4ae96a6df1b30894d2355ab2c184f26b55ed56f6c717222655aa6e3f269b429a7a3dc4b7ef70fab8fd64bc481d5ed7ff007e2bbff5209001b7c8200000000000000000007d16eb8d7da2be9eeb6aad9e8eb28e56cf4f5103d5924523572d735c9dd1515115150f9c1f8d292c3e038168b6ebafbdc7d3146b41ae6c349ab636338c351e37a154a2e53f4ded6398f4c67f788ecf7572962f6f7ad5d94d6b153c178bbc9a5ee532a35d4f736aa428ece3b54353c346fd6f56fea334814bd4f60345d47328d374e4fa60f1fe5798fc122428ea7714b73795dbfaf13672d778b45f295b5d65bad1dc299dfa3352ced958bfa9cd5543ec3196d17ebe582a16aac379aeb6ceb8cc94950f85eb8f2eed5453a74deede744c26eeeb5444ff00effabfda14dafe4a6b297f26e535db169fc9b33e3ad471e743e66b98324e0dfadeda74e31eedeae5ff003ef13bff00e2729fe66df7dec9fbbf76f5827f997aa867fc2f431ffd95dee7d621f067d7f19a7f859adc737ac372341680a47d6eb2d5d6bb4b189cb85454352577f9b1a65ef5fa9a8aa656546f36f055c2ea7aadd6d63344f4c39925f6a9cd727d68afc29c8cd3cd5333ea2a267cb2cae57bdef72b9ce72f9aaaaf755332d7c954b979bab9f37aa31dff0016f77c19f13d6963cc87c597db5dfca0fa0ecb58da4d05a4ebb52b13924955513fa0449e5c5588e63deff7e793598ede79ed51f76b7d3713792e8faad597a97d01b2ba4a5b5c0ee14b4c995c22313f49c88b8e6ecbbebf711f02ff00a3ec9693a24954b6a799fe293cbfd178244657bdaf71ba6f77520002c8620000000001b500038f4bd80000000000000000000000000014cfaecd88a25a0977cb4fb562a989f053df21ca23246395228a76a633cf92b18eeeb9456ae138b956919b337eb05975459eab4fea2b653dc6dd5d1f87514d511a3e391b9cf745f7a2a22a2f9a2a22a77432c7a82d9bb86c96e1d569995cf9ad954df4cb4d4bbbacb4ae72a223953f7ed5456b93b7923b18721bcbc9c6d1abbb7fe15732fe643d1cf4c7abbe3f4c7515cd56d39b973d05b9f1efff005234001b4087000000000000000000000000000000000000000001703e4e7d43454da9f5a6949229d6aee541497089e8d4f0d23a691f1bd1cb9ca3956aa3c6115308ecaa61334fcf6b456afbd681d5969d67a7a7f0ae167aa65543973dac938afad1bf839ae58dedcb1ed454e4d7393de436d0e96f59d32b58a78725bbbd34d7cd2322d6b7d9eb46a75138f55fd3d6b9d2bb99a8359d8b4edd2eda6af92d45ed6ba9a2754251b9df9ca96d42b189e0b5af73dcd577abe1ab7d6739afe300d9ac77ad477286cda7ad15b74b85472f06928a9df3cd2716ab9dc58c4572e1ad555c2764455f71a3bb57d696d0ebfa2a687535d20d1d7b9a59637515c6672d3a35a8ae47a55ab1b1235cdedebab1dcd15a88beaaba42aedfad92b7d15457cfbb7a45f15344f99ed82f104d22b5a8aaa8c8e372bdeec2766b515cabd91155706bbb7db1d6f47a31b0bcb094aa417253deb38dc9ee8c94bbe2f0fa0949d85bd7973b4ea613fdf5ee230e8a7656ff00b55a1ae57ed5d493d05e3554b04cb43239395352c4d778292338a2c72aacb2ab9aae5c35634546b91ed281ee2ea1a2d5db83a9f55db629e3a4bd5e6b6e34ec9da8d91b1cd3be46a3d115511c88e4ca22aa67dea59fea77acbb3eb1b05cf6cf6b219e6b6dca2863acbf39f2d3ba58d5794b0450aa35e8d7271639cf5c39ab2b382a2b5eb4fcb1ec869da83af71acea91e455ad8c47aa296ecace5742c3deb1bf898b7d5697263428bca8f4f683547a66da38f67b6b282cd531b92ef73c5caeaaec65b50f637f349f531a88dfd68e5f79473a52d8dabddfdc1a7aeb9dbbc4d2d61999517491f8e133932e8e9f0bfa5cd5beb63c999ce155b9d3a2abe53f5b5274f4aa32e1e74ff00faa7f36d77333347b7c66b49762fcc000d424e800000000038edd7dabd2dbc3a3ea3476ab8a548247b6682a2056a4d4d337f4648d55151170aa8b94ee8e54f79d883d6debd5b5ab1ad464e328bca6b8a67cca2a69c64b7331d35de90b8e80d677ad1775e4b5366ad9691cf58d5892b5ae546c8d45efc5edc393ea721e11a65d54f4f945bbda32a2e9a66c34cfd6b6ff0df433b5d1c0faa623911f04923b08e6f0572b792a223913ba22bb39af75b55cac773aab35e28a6a3aea295d05453ccd56be291ab8735517c9514e96d95da4a3b4566a6b7558ee9472b39eb4ba9f478ae82a57b692b5a98e87c0f940059cc300000000000000000000000000000000000000000000000000000036a00071e97b000000000000000000000000000047bbd7b25a4f7c74bb74fea3f169aa695ce9adf5f0237c5a595531ef45e4c776e4cf7a22774544549081ef6b755acab46e2de4e338bca6ba0f89c23522e32594cc6fd63a5ae9a1f55ddb485e988dadb3d64b4732a22a35eac72a736f244556b930e6ae3ba2a2fbcf1cd3eea8f6169b7a7434b2d9adf03b575a5be25aa7748912c8de48afa77b97b2b5cde5c738447f15ca22bb39adaa34b6a1d157dabd33aaad33db6e742ff000e7a799139357cd1515328e6aa6151c8aa8a8a8a8aa87496caed3d0da3b5e56e8d58fa51ceff00797f4beedcf777d52f6ce56b3c718be0cf28005a4c2000000000000000000000000000000000000058be8734c5835a6e4ea8d2daa6d505c6d571d25530d4d34c8bc5edf4ba4545454c2b5c8a88e6b9151cd7222a2a2a2295d0f534c6a7bfe8cbfd0ea9d2d759edd75b74a935354c2a9c98ec615151728e6aa2ab5cd5456b9aaa8a8a8aa846eb1655751b1ab6d467c99c96e7d4f8a7bb7f1e95c389ed42a2a5514e4b29167f7eba1ad41a725aad53b3b1cf7ab5492cb34964ede954112339e22739d9a96e51ed46a278bde34449555ce4a98684f4c9d5e546e85441a135be9fadfc20a7a58d52e76ea496a21ac5f152359268a18d7d17f4e2573d7f33957aaac49c58bde6eff4a5b59bcf7f8754ea04ba5aeead8bc1a8a9b4cd144eac6a222316647c6f4739889c51c888ee38455546b11bae6c36cafb676bff000dda383785ba6b7b6ba33f893ebdd25f793796a56a5853ba8f3d68fc3f7c3f7832e8fbac764baea5bcd169fb1d1495770b8ceca6a68234cba491cb844fff00df242fdfe4f5d97fe33eb5febb49fdd8f5ba66e981366b54ea7d5d739e57cd5353556cb2c524ac91ecb624f964b2b9888d596448e35c222714f344572b5b2f73e51b4956b52adb36e715ba2d632dfe4b8becf03c21a557e5a8cf8324ad8bdaba4d9cdb5b5e8a8648e7ab891d5170a96371e3d548b97bbeb44ecc6aaf7e2c6e4efc0342dd5cd5bcaf3b8acf32936dbed65921054e2a31e08000f03ec00000000000000573eaa7a5ca6ddda276b3d1d1454dabe8a1c399d98cba46d4ed1bd7dd2222618f5edfbd776e2adb18090d2f54b9d1eea377692c497c1ae94d74a7fbde7956a30af0709adc62f5751565b2b6a2db71a5969aaa9257c13c32b15af8a46aaa39ae6af74545454545f7a1f81a4bd52f4c76edddb2cfaa7495ba2875b51c6df05cd7b6265c588a88b14aabdb92373c1eaa9dd11aabc7bb73cf5768ed4fa0efd51a6757d96a2d773a55fce41322670be4e6b932d7b57dce6aaa2fb94e8dd9bda7b4da2b753a6f93517a506f7aed5d71edc76712a977673b5961ef5d678c002ca62000000000000000000000000000000000000000000000000006d4000e3d2f60000000000000000000000000000000021adfde98b47efaa4778abaeabb56a2a2a4752d25742a8e8dcdcab98c9a354f59a8e7397d556bbd65eebe44ca0cbb1bfb9d32bab9b49b8cd74afdef5d8cf3a94a15a3c89aca31bf56e91d49a16ff55a63565a27b6dca8ddc658266e17ea7357c9cd5f34722aa2a7929e39af9b9db65a5b76b48d568ed5b4aafa5a8c3e39e2e293534ad5cb6489ca8bc5c9e5f5a2aa2e51550cf3debe927723685b3de69e24d43a718e72fce144c72be067b96a22f38ffce45733e9722ae0df9b33b7567ada542e714ab70c6774bdd6fb7eebdfd4d95abbd36a5bf9d0df1fa107800bd91a0000000000000000000000000000000024fe9d3663f1e7b8d1e92a8bb7cdd6fa4a57dcae32b13333a998f8d8ac8728adf11ce91888aeecd455761dc518e8c09276237a6b762b53dd7565b6c305d6aebacd3db29d93ceb1c70c8f92291b2bd1a8ab2351624cb115aaa8bfa4d23b57578ec6aad3ff00e735e6f0e3e3bbe27ad0e6f9c5cefa3d268b58f4f6ccf4cda191cd96d7a76db0c4d8aa6e356e62555c646364913c47a223ea2554f15cd8da8abdd5b1b5130d4a8dbbdd76ebdbfea085bb3d513e9ab25345c7955d1534f575923b0ae7488f49191b5abeab5ac5555eee739792359135d6f5bcfd506bdf0dc95f7eb8cf2be4a6a1815c9456e8dfc515236b978411e18c4572ae5dc515ce73972b753a6ae932dfb2f50fd59aa6e14b78d532c4e863740d55a5a262aa67c257b51ce7ae30af546ae155a89855576ababa6e97b2b077daec95cddc96790f7acbebca7fe292c7e15944caad5af5f376cb9105d3fbfa23dae9aa1df7be69b66b2de9d6171f1aadeab456675be8a9dbe8eac4e32cdc214951eae55546a39b846a651796126d00d5da85e7dbee255d42304f846294525d492faf164cd2a7cdc1472df6b00030cf4000000000000000000000001196f2f4f1b73be115349ab296aa9ae346df0e0b95048d8ea5b1e557c355735cd7332aab8545c2aae1532b9934193697971615957b69b8cd706b89f13a71ab1e4cd651945bd9b09adf64efd3525ee825a8b34b3bd96ebb46ccc3531e578f254cf87271f362f7ce71c93bac686d0d7d050dd28e6b75ce8a0aba4a962c73413c692472317cdae6af6545fa14a81bd1d04b2f579f9f366ee16db4c13a2ad45aae124ad898feeaae8646b5ea88bd9382a613be1d8546a6e7d9cf28f6f7495beabe64f1e9fdd7debeebf8aeee0405d6932879d437aeae928e83d9d59a3755685bbc961d5f61acb4d7c5e70d4c4ad5727f09abe4e6afb9cd5545f729e31b3e9d48558a9d369a7c1ade990ed38bc30003ecfc000000000000000000000000000000000000001d9ed66d16b8de3d41f83da2adad9a48d9e2d4d4ceff000e9e9a3ca27291f85f7af6444572f7c22e14f1b8b8a5694a55abc94631dedbdc91f518ca6f9315967fffd9, 'pleven, Bulgaria', '1990-11-01');

-- --------------------------------------------------------

--
-- Table structure for table `user_activations`
--

CREATE TABLE IF NOT EXISTS `user_activations` (
  `user_id` int(11) NOT NULL AUTO_INCREMENT,
  `activation_code` varchar(10) COLLATE latin1_general_ci NOT NULL,
  PRIMARY KEY (`user_id`)
) ENGINE=MyISAM  DEFAULT CHARSET=latin1 COLLATE=latin1_general_ci AUTO_INCREMENT=9 ;

--
-- Dumping data for table `user_activations`
--

INSERT INTO `user_activations` (`user_id`, `activation_code`) VALUES
(4, 'bipwHIKO13'),
(5, 'fxBDFKOY78'),
(6, 'acdjrxMQ19'),
(7, 'jBHNQZ0235'),
(8, 'txACDGMPUV');

/*!40101 SET CHARACTER_SET_CLIENT=@OLD_CHARACTER_SET_CLIENT */;
/*!40101 SET CHARACTER_SET_RESULTS=@OLD_CHARACTER_SET_RESULTS */;
/*!40101 SET COLLATION_CONNECTION=@OLD_COLLATION_CONNECTION */;
